;;; 
Export: Release 11.2.0.1.0 - Production on Mer. Juil. 29 22:52:03 2026

Copyright (c) 1982, 2009, Oracle and/or its affiliates.  All rights reserved.
;;; 
Connecté à : Oracle Database 11g Enterprise Edition Release 11.2.0.1.0 - 64bit Production
With the Partitioning, OLAP, Data Mining and Real Application Testing options
Démarrage de "XAPP"."SYS_EXPORT_FULL_09" : xapp/********@xapp DIRECTORY=backup LOGFILE=expdp_regal_full.log DUMPFILE=expdp_regal_full FULL=y reuse_dumpfiles=y 
Estimation en cours à l'aide de la méthode BLOCKS ...
Traitement du type d'objet DATABASE_EXPORT/SCHEMA/TABLE/TABLE_DATA
Estimation totale à l'aide le la méthode BLOCKS : 30.98 GB
Traitement du type d'objet DATABASE_EXPORT/TABLESPACE
Traitement du type d'objet DATABASE_EXPORT/PROFILE
Traitement du type d'objet DATABASE_EXPORT/SYS_USER/USER
Traitement du type d'objet DATABASE_EXPORT/SCHEMA/USER
Traitement du type d'objet DATABASE_EXPORT/ROLE
Traitement du type d'objet DATABASE_EXPORT/GRANT/SYSTEM_GRANT/PROC_SYSTEM_GRANT
Traitement du type d'objet DATABASE_EXPORT/SCHEMA/GRANT/SYSTEM_GRANT
Traitement du type d'objet DATABASE_EXPORT/SCHEMA/ROLE_GRANT
Traitement du type d'objet DATABASE_EXPORT/SCHEMA/DEFAULT_ROLE
Traitement du type d'objet DATABASE_EXPORT/SCHEMA/TABLESPACE_QUOTA
Traitement du type d'objet DATABASE_EXPORT/RESOURCE_COST
Traitement du type d'objet DATABASE_EXPORT/TRUSTED_DB_LINK
Traitement du type d'objet DATABASE_EXPORT/SCHEMA/SEQUENCE/SEQUENCE
Traitement du type d'objet DATABASE_EXPORT/SCHEMA/SEQUENCE/GRANT/OWNER_GRANT/OBJECT_GRANT
Traitement du type d'objet DATABASE_EXPORT/DIRECTORY/DIRECTORY
Traitement du type d'objet DATABASE_EXPORT/DIRECTORY/GRANT/OWNER_GRANT/OBJECT_GRANT
Traitement du type d'objet DATABASE_EXPORT/DIRECTORY/GRANT/CROSS_SCHEMA/OBJECT_GRANT
Traitement du type d'objet DATABASE_EXPORT/CONTEXT
Traitement du type d'objet DATABASE_EXPORT/SCHEMA/PUBLIC_SYNONYM/SYNONYM
Traitement du type d'objet DATABASE_EXPORT/SCHEMA/SYNONYM
Traitement du type d'objet DATABASE_EXPORT/SCHEMA/TYPE/TYPE_SPEC
Traitement du type d'objet DATABASE_EXPORT/SCHEMA/TYPE/GRANT/OWNER_GRANT/OBJECT_GRANT
Traitement du type d'objet DATABASE_EXPORT/SYSTEM_PROCOBJACT/PRE_SYSTEM_ACTIONS/PROCACT_SYSTEM
Traitement du type d'objet DATABASE_EXPORT/SYSTEM_PROCOBJACT/PROCOBJ
Traitement du type d'objet DATABASE_EXPORT/SYSTEM_PROCOBJACT/POST_SYSTEM_ACTIONS/PROCACT_SYSTEM
Traitement du type d'objet DATABASE_EXPORT/SCHEMA/PROCACT_SCHEMA
Traitement du type d'objet DATABASE_EXPORT/SCHEMA/TABLE/TABLE
Traitement du type d'objet DATABASE_EXPORT/SCHEMA/TABLE/PRE_TABLE_ACTION
Traitement du type d'objet DATABASE_EXPORT/SCHEMA/TABLE/GRANT/OWNER_GRANT/OBJECT_GRANT
Traitement du type d'objet DATABASE_EXPORT/SCHEMA/TABLE/INDEX/INDEX
Traitement du type d'objet DATABASE_EXPORT/SCHEMA/TABLE/CONSTRAINT/CONSTRAINT
Traitement du type d'objet DATABASE_EXPORT/SCHEMA/TABLE/INDEX/STATISTICS/INDEX_STATISTICS
Traitement du type d'objet DATABASE_EXPORT/SCHEMA/TABLE/COMMENT
Traitement du type d'objet DATABASE_EXPORT/SCHEMA/PACKAGE/PACKAGE_SPEC
Traitement du type d'objet DATABASE_EXPORT/SCHEMA/PACKAGE/GRANT/OWNER_GRANT/OBJECT_GRANT
Traitement du type d'objet DATABASE_EXPORT/SCHEMA/FUNCTION/FUNCTION
Traitement du type d'objet DATABASE_EXPORT/SCHEMA/FUNCTION/GRANT/OWNER_GRANT/OBJECT_GRANT
Traitement du type d'objet DATABASE_EXPORT/SCHEMA/PROCEDURE/PROCEDURE
Traitement du type d'objet DATABASE_EXPORT/SCHEMA/PROCEDURE/GRANT/OWNER_GRANT/OBJECT_GRANT
Traitement du type d'objet DATABASE_EXPORT/SCHEMA/FUNCTION/ALTER_FUNCTION
Traitement du type d'objet DATABASE_EXPORT/SCHEMA/PROCEDURE/ALTER_PROCEDURE
Traitement du type d'objet DATABASE_EXPORT/SCHEMA/VIEW/VIEW
Traitement du type d'objet DATABASE_EXPORT/SCHEMA/VIEW/GRANT/OWNER_GRANT/OBJECT_GRANT
Traitement du type d'objet DATABASE_EXPORT/SCHEMA/VIEW/COMMENT
Traitement du type d'objet DATABASE_EXPORT/SCHEMA/TABLE/CONSTRAINT/REF_CONSTRAINT
Traitement du type d'objet DATABASE_EXPORT/SCHEMA/PACKAGE_BODIES/PACKAGE/PACKAGE_BODY
Traitement du type d'objet DATABASE_EXPORT/SCHEMA/TYPE/TYPE_BODY
Traitement du type d'objet DATABASE_EXPORT/SCHEMA/TABLE/INDEX/FUNCTIONAL_AND_BITMAP/INDEX
Traitement du type d'objet DATABASE_EXPORT/SCHEMA/TABLE/INDEX/STATISTICS/FUNCTIONAL_AND_BITMAP/INDEX_STATISTICS
Traitement du type d'objet DATABASE_EXPORT/SCHEMA/TABLE/STATISTICS/TABLE_STATISTICS
Traitement du type d'objet DATABASE_EXPORT/SCHEMA/TABLE/POST_TABLE_ACTION
Traitement du type d'objet DATABASE_EXPORT/SCHEMA/TABLE/TRIGGER
Traitement du type d'objet DATABASE_EXPORT/SCHEMA/VIEW/TRIGGER
Traitement du type d'objet DATABASE_EXPORT/SCHEMA/EVENT/TRIGGER
Traitement du type d'objet DATABASE_EXPORT/SCHEMA/MATERIALIZED_VIEW
Traitement du type d'objet DATABASE_EXPORT/SCHEMA/TABLE/MATERIALIZED_VIEW_LOG
Traitement du type d'objet DATABASE_EXPORT/SCHEMA/JOB
Traitement du type d'objet DATABASE_EXPORT/SCHEMA/TABLE/POST_INSTANCE/PROCACT_INSTANCE
Traitement du type d'objet DATABASE_EXPORT/SCHEMA/TABLE/POST_INSTANCE/PROCDEPOBJ
Traitement du type d'objet DATABASE_EXPORT/SCHEMA/POST_SCHEMA/PROCOBJ
Traitement du type d'objet DATABASE_EXPORT/SCHEMA/POST_SCHEMA/PROCACT_SCHEMA
. . export : "CAISSE"."GCBRDD"                           7.489 GB 54710081 lignes
. . export : "CAISSE"."CETICKETD"                        5.233 GB 65482726 lignes
. . export : "CAISSE"."MLOG$_GCBRDD_NUMLIG"              4.036 GB 115658156 lignes
. . export : "CAISSE"."CETICKETD_ARCH"                   2.250 GB 28100482 lignes
. . export : "CAISSE"."CETICKET"                         1.549 GB 16099977 lignes
. . export : "CAISSE"."CETICKET_OFFICE"                  1.128 GB 11753903 lignes
. . export : "CAISSE"."GCBRDD_NUMLIG"                    705.0 MB 54710081 lignes
. . export : "CAISSE"."CETICKET_ARCH"                    296.6 MB 2982840 lignes
. . export : "CAISSE"."GCBRDE"                           341.2 MB 2243960 lignes
. . export : "CAISSE"."GCINVD"                           333.6 MB 4965569 lignes
. . export : "CAISSE"."GCBRDE_LOG"                       348.4 MB 6793462 lignes
. . export : "XCPTA"."CP_ECR_GEN"                        307.1 MB 2758569 lignes
. . export : "XCPTA"."CP_ECR_LET"                        288.7 MB 2362667 lignes
. . export : "CAISSE"."CETICKET_ARCH_OFFICE"             296.6 MB 2982840 lignes
. . export : "CAISSE"."MLOG$_GCBRDE_IDBRD"               241.5 MB 7566127 lignes
. . export : "XCPTA"."CP_INT"                            201.9 KB    1438 lignes
. . export : "KERNEL"."GCBRDD_OFFX"                      124.3 MB  867860 lignes
. . export : "KERNEL"."GCBRDD_W48"                       128.2 MB  896247 lignes
. . export : "XCPTA"."CP_ECR"                            111.8 MB  878730 lignes
. . export : "CAISSE"."MLOG$_GCPART"                     102.6 MB 2562880 lignes
. . export : "KERNEL"."UTOUTPUT"                         86.46 MB 1303558 lignes
. . export : "CAISSE"."GCINVD_ZONE"                      90.85 MB 1558410 lignes
. . export : "CAISSE"."GCSTOCK"                          73.54 MB 1589918 lignes
. . export : "XCPTA"."CP_ECR_LET_DET"                    51.03 MB 1068730 lignes
. . export : "XCPTA"."CP_ECR_ANA"                        56.61 MB  567138 lignes
. . export : "XCPTA"."CP_HISTO_RGL"                      52.58 MB  500593 lignes
. . export : "CAISSE"."GCPHTARIF_ART"                    44.41 MB  810581 lignes
. . export : "CAISSE"."GCPART"                           39.91 MB  211141 lignes
. . export : "KERNEL"."UTLOG"                            33.38 MB  444200 lignes
. . export : "XAPP"."SYS_EXPORT_FULL_07"                 30.89 MB   28816 lignes
. . export : "XAPP"."SYS_EXPORT_FULL_05"                 30.10 MB   28460 lignes
. . export : "CAISSE"."CEPSESSION_LOG"                   9.414 KB      28 lignes
. . export : "CAISSE"."CETICKETR"                        29.70 MB 1240758 lignes
. . export : "CAISSE"."GCBRDE_IDBRD"                     21.18 MB 2243960 lignes
. . export : "CAISSE"."GCBRDE_VTE"                       22.86 MB  834246 lignes
. . export : "CAISSE"."CEPSESSION_OPC"                   22.85 MB  507176 lignes
. . export : "CAISSE"."GCBRDE_W48"                       21.58 MB  130733 lignes
. . export : "KERNEL"."GCBRDDR"                          20.68 MB  147525 lignes
. . export : "KERNEL"."PNR_BRDD_RN"                      19.50 MB  143198 lignes
. . export : "CAISSE"."GCBRDE_LOG_QUEUE"                 6.562 KB       7 lignes
. . export : "CAISSE"."GCPTARIF_ART"                     16.06 MB  452862 lignes
. . export : "KERNEL"."GCPART_RG"                        14.69 MB  208391 lignes
. . export : "CAISSE"."CETICKETR_ARCH"                   13.25 MB  557910 lignes
. . export : "CAISSE"."CECFOPER"                         11.25 MB  147497 lignes
. . export : "KERNEL"."UTSYNCHRO_LOG"                    10.50 MB  120283 lignes
. . export : "KERNEL"."UTLOG_APP"                        9.404 MB  126685 lignes
. . export : "CAISSE"."MLOG$_CEPSESSION"                 8.062 MB  228634 lignes
. . export : "CAISSE"."CEPSESSION"                       7.150 MB  120331 lignes
. . export : "CAISSE"."CEPSESSION_OPC_ARCH"              5.532 MB  123051 lignes
. . export : "SYSMAN"."MGMT_VIOLATIONS"                  6.890 MB   19296 lignes
. . export : "CAISSE"."BRDD_OFF_RN_2021"                 5.957 MB  237518 lignes
. . export : "CAISSE"."CEBON"                            6.770 MB   54170 lignes
. . export : "CAISSE"."GCPRMP"                           6.403 MB  208303 lignes
. . export : "CAISSE"."GCSTOCK_WARM"                     890.3 KB   32264 lignes
. . export : "KERNEL"."GCPARTDOL"                        6.358 MB   35288 lignes
. . export : "KERNEL"."GCPART_RVI"                       6.289 MB   34774 lignes
. . export : "KERNEL"."UTUTI_APP"                        6.366 MB  291248 lignes
. . export : "CAISSE"."GCPART_UNITE"                     3.716 MB  109772 lignes
. . export : "TRANSFERT"."TR_GCBRDD"                     4.921 MB   35712 lignes
. . export : "APEX_030200"."WWV_FLOW_PAGE_PLUGS"         3.835 MB    7417 lignes
. . export : "APEX_030200"."WWV_FLOW_STEP_ITEMS"         3.505 MB    9673 lignes
. . export : "KERNEL"."TT_BRD_OFFICE"                    3.681 MB  227842 lignes
. . export : "SYSMAN"."MGMT_MESSAGES"                    4.154 MB   23311 lignes
. . export : "APEX_030200"."WWV_FLOW_DICTIONARY$"        2.909 MB   70601 lignes
. . export : "KERNEL"."GCBRDD_MK"                        1.815 MB   14864 lignes
. . export : "KERNEL"."SAV_GCPART_UNITE"                 2.078 MB   67407 lignes
. . export : "TRANSFERT"."TR_CETICKETD_ARCH"             2.425 MB   28150 lignes
. . export : "XCPTA"."CP_ECR_SUPPR"                      51.54 KB    3633 lignes
. . export : "APEX_030200"."WWV_FLOW_STEP_PROCESSING"    1.248 MB    2239 lignes
. . export : "APEX_030200"."WWV_FLOW_REGION_REPORT_COLUMN"  1.148 MB    7918 lignes
. . export : "XAPP"."SYS_EXPORT_FULL_06"                 859.0 KB    4918 lignes
. . export : "APEX_030200"."WWV_FLOW_STEP_ITEM_HELP"     1003. KB    6335 lignes
. . export : "CAISSE"."CEPSESSION_ARCH"                  1.145 MB   18627 lignes
. . export : "CAISSE"."GCPART_BARRE"                     1.427 MB   47588 lignes
. . export : "CAISSE"."GCPART_UNITE_REG"                 944.6 KB   25790 lignes
. . export : "CAISSE"."GCPTIE"                           1.670 MB    9033 lignes
. . export : "KERNEL"."CETICKETD_ARCH_MK"                1.332 MB   16105 lignes
. . export : "SYSMAN"."MGMT_METRICS"                     3.235 MB   12796 lignes
. . export : "SYSMAN"."MGMT_METRICS_1HOUR"               1.826 MB   23654 lignes
. . export : "XAPP_BI"."EUL5_DOCUMENTS"                  680.1 KB      26 lignes
. . export : "XCPTA"."CP_AUX"                            1.134 MB    9092 lignes
. . export : "SYSMAN"."MGMT_SWLIB_ENTITY_DOCUMENTS"      680.5 KB     364 lignes
. . export : "APEX_030200"."WWV_FLOW_STEPS"              571.0 KB    1755 lignes
. . export : "SYSMAN"."MGMT_ESA_REPORT"                  96.02 KB    1265 lignes
. . export : "SYSMAN"."MGMT_METRICS_RAW"                 1.580 MB   24847 lignes
. . export : "XCPTA"."CP_DES"                            13.54 KB      65 lignes
. . export : "TRANSFERT"."TR_CETICKET_ARCH"              782.0 KB    7824 lignes
. . export : "SYSMAN"."MGMT_IP_REPORT_ELEM_PARAMS"       513.5 KB    2167 lignes
. . export : "KERNEL"."GCPART_FAM"                       248.8 KB    2516 lignes
. . export : "APEX_030200"."WWV_FLOW_LIST_ITEMS"         590.3 KB    3048 lignes
. . export : "APEX_030200"."WWV_FLOW_STEP_VALIDATIONS"   611.4 KB    1990 lignes
. . export : "XCPTA"."CP_CPT"                            20.37 KB      82 lignes
. . export : "CAISSE"."GCPTIE_FORCAGE"                   535.1 KB   12953 lignes
. . export : "KERNEL"."UTUTI_CLE"                        488.0 KB   25456 lignes
. . export : "SYSMAN"."MGMT_JOB_STEP_PARAMS"             490.3 KB    5277 lignes
. . export : "APEX_030200"."WWV_FLOW_LIST_TEMPLATES"     73.32 KB     105 lignes
. . export : "APEX_030200"."WWV_FLOW_STEP_BRANCHES"      508.6 KB    3255 lignes
. . export : "APEX_030200"."WWV_FLOW_STEP_BUTTONS"       472.4 KB    3513 lignes
. . export : "CAISSE"."CETICKET_PROMO"                   479.4 KB   16170 lignes
. . export : "KERNEL"."CETICKET_ARCH_MK"                 477.4 KB    4714 lignes
. . export : "KERNEL"."CP_ECR_LET_SOB"                   518.7 KB    3844 lignes
. . export : "ORDDATA"."ORDDCM_DOCS"                     445.5 KB       9 lignes
. . export : "SYSMAN"."MGMT_METRICS_1DAY"                505.6 KB    5865 lignes
. . export : "TRANSFERT"."TR_GCBRDE"                     537.3 KB    3479 lignes
. . export : "KERNEL"."TT_LUM"                           412.7 KB   19777 lignes
. . export : "SYSMAN"."MGMT_METRIC_ERRORS"               12.60 KB      54 lignes
. . export : "SYSMAN"."MGMT_POLICIES"                    720.3 KB    3302 lignes
. . export : "APEX_030200"."WWV_FLOW_LIST_OF_VALUES_DATA"  392.1 KB    4184 lignes
. . export : "KERNEL"."GCPTARIF_ART_RVI"                 355.4 KB   14936 lignes
. . export : "XCPTA"."CP_ABR"                            7.468 KB       2 lignes
. . export : "XCPTA"."CP_AXE"                            9.562 KB       1 lignes
. . export : "XCPTA"."CP_CPT_AXE"                        9.007 KB       1 lignes
. . export : "XCPTA"."CP_ETS"                            10.70 KB       1 lignes
. . export : "XCPTA"."CP_JOU"                            20.02 KB      10 lignes
. . export : "XCPTA"."CP_NAT"                            9.554 KB      19 lignes
. . export : "XCPTA"."CP_PCE"                            8.460 KB      28 lignes
. . export : "XCPTA"."CP_PER"                            17.59 KB     156 lignes
. . export : "XCPTA"."CP_PRO"                            11.06 KB       7 lignes
. . export : "APEX_030200"."WWV_FLOW_MESSAGES$"          348.4 KB    3706 lignes
. . export : "APEX_030200"."WWV_FLOW_TEMPLATES"          180.6 KB      64 lignes
. . export : "KERNEL"."GCPART_BARRE_SAV"                 334.6 KB   10594 lignes
. . export : "KERNEL"."SAV_GCPART_UNITE_REG"             323.6 KB    8667 lignes
. . export : "APEX_030200"."WWV_FLOW_CUSTOM_AUTH_SETUPS"  20.92 KB      11 lignes
. . export : "APEX_030200"."WWV_FLOW_PAGE_PLUG_TEMPLATES"  98.99 KB     166 lignes
. . export : "APEX_030200"."WWV_FLOW_ROW_TEMPLATES"      73.27 KB      54 lignes
. . export : "APEX_030200"."WWV_FLOW_STEP_COMPUTATIONS"  258.3 KB     984 lignes
. . export : "APEX_030200"."WWV_FLOW_WORKSHEETS"         141.6 KB      30 lignes
. . export : "KERNEL"."GCPART_BARRE_RVI"                 272.1 KB    8585 lignes
. . export : "KERNEL"."TT_BRDD"                          287.4 KB    1828 lignes
. . export : "KERNEL"."UTMSG_LANGUE"                     258.8 KB    8276 lignes
. . export : "SYSMAN"."MGMT_JOB_CRED_PARAMS"             33.72 KB     101 lignes
. . export : "SYSMAN"."MGMT_VIOLATION_CONTEXT"           250.1 KB    2393 lignes
. . export : "TRANSFERT"."TR_GCBRDE_LOG"                 268.6 KB    5526 lignes
. . export : "XAPP_BI"."EUL5_EXPRESSIONS"                306.2 KB    1675 lignes
. . export : "XCPTA"."CP_ECR_RECYCLE"                    255.4 KB    3542 lignes
. . export : "XCPTA"."CP_ECR_SUPPR_BKP_2025_03_13"       257.1 KB   19840 lignes
. . export : "APEX_030200"."WWV_FLOW_LISTS_OF_VALUES$"   207.8 KB     959 lignes
. . export : "CAISSE"."GCFUART_LOG"                      210.8 KB    5315 lignes
. . export : "SYSMAN"."MGMT_JOB_EXECPLAN"                251.8 KB    1849 lignes
. . export : "SYSMAN"."MGMT_SEC_INFO"                    8.289 KB       1 lignes
. . export : "XAPP"."SYS_EXPORT_FULL_01"                 194.4 KB    1773 lignes
. . export : "XAPP"."SYS_EXPORT_FULL_02"                 194.4 KB    1773 lignes
. . export : "XAPP"."SYS_EXPORT_FULL_03"                 194.5 KB    1773 lignes
. . export : "XAPP"."SYS_EXPORT_FULL_04"                 194.5 KB    1773 lignes
. . export : "XAPP"."SYS_EXPORT_FULL_08"                 194.7 KB    1775 lignes
. . export : "APEX_030200"."WWV_FLOW_MENU_OPTIONS"       170.1 KB    1452 lignes
. . export : "APEX_030200"."WWV_FLOW_WORKSHEET_COLUMNS"  185.7 KB     721 lignes
. . export : "CAISSE"."GCBRDD_LOT"                       8.421 KB      48 lignes
. . export : "CAISSE"."GCFUART_LOG_SAV_2019_05_28"       187.4 KB    4715 lignes
. . export : "CAISSE"."GCPTIE_PTVTE"                     158.9 KB    9223 lignes
. . export : "KERNEL"."GCBRDER"                          189.2 KB     826 lignes
. . export : "KERNEL"."UTMSG"                            193.1 KB    4447 lignes
. . export : "ORDDATA"."ORDDCM_STD_ATTRS"                188.8 KB    2415 lignes
. . export : "SYSMAN"."MGMT_DB_INIT_PARAMS_ECM"          24.85 KB     342 lignes
. . export : "SYSMAN"."MGMT_JOB_PARAM_SOURCE"            96.19 KB     652 lignes
. . export : "SYSMAN"."MGMT_JOB_PROP_PARAMS"             10.85 KB      25 lignes
. . export : "SYSMAN"."MGMT_POLICY_ASSOC"                91.35 KB    1118 lignes
. . export : "SYSMAN"."MGMT_POLICY_ASSOC_CFG"            156.4 KB    1170 lignes
. . export : "APEX_030200"."WWV_FLOW_RANDOM_IMAGES"      50.38 KB      42 lignes
. . export : "CAISSE"."CEPCFCARTE"                       112.2 KB    1204 lignes
. . export : "CAISSE"."GCBRDD_PROMO"                     107.2 KB    4583 lignes
. . export : "CAISSE"."MLOG$_GCFUART_LOG"                104.3 KB    3115 lignes
. . export : "SYSMAN"."MGMT_COLLECTIONS"                 32.67 KB     202 lignes
. . export : "SYSMAN"."MGMT_COLLECTION_TASKS"            20.38 KB      28 lignes
. . export : "SYSMAN"."MGMT_ECM_MD_ALL_TBL_COLUMNS"      109.9 KB     702 lignes
. . export : "SYSMAN"."MGMT_IP_SQL_STATEMENTS"           64.57 KB      31 lignes
. . export : "SYSMAN"."MGMT_JOB_SCHEDULE"                11.18 KB       3 lignes
. . export : "SYSMAN"."MGMT_JOB_SEC_INFO"                9.484 KB      12 lignes
. . export : "SYSMAN"."MGMT_JOB_USER_PARAMS"             7.515 KB      15 lignes
. . export : "SYSMAN"."MGMT_SYSTEM_PERFORMANCE_LOG"      56.09 KB     809 lignes
. . export : "TRANSFERT"."TR_CP_ECR_GEN"                 139.3 KB    1156 lignes
. . export : "APEX_030200"."WWV_FLOW_BANNER"             9.320 KB      10 lignes
. . export : "APEX_030200"."WWV_FLOW_BUTTON_TEMPLATES"   15.21 KB      12 lignes
. . export : "APEX_030200"."WWV_FLOW_FLASH_CHARTS"       30.06 KB       5 lignes
. . export : "APEX_030200"."WWV_FLOW_FLASH_CHART_SERIES"  13.79 KB       5 lignes
. . export : "APEX_030200"."WWV_FLOW_INSTALL"            36.28 KB       2 lignes
. . export : "APEX_030200"."WWV_FLOW_LISTS"              51.75 KB     601 lignes
. . export : "APEX_030200"."WWV_FLOW_PAGE_GENERIC_ATTR"  8.382 KB      44 lignes
. . export : "APEX_030200"."WWV_FLOW_PROCESSING"         45.50 KB      45 lignes
. . export : "APEX_030200"."WWV_FLOW_SHORTCUTS"          26.61 KB      39 lignes
. . export : "APEX_030200"."WWV_FLOW_THEMES"             20.89 KB      10 lignes
. . export : "CAISSE"."CEPCAISSE"                        19.82 KB     180 lignes
. . export : "CAISSE"."CEPPAR"                           53.60 KB    1083 lignes
. . export : "CAISSE"."CEPTOPC"                          6.695 KB       2 lignes
. . export : "CAISSE"."GCBRDE_VIDE"                      93.65 KB     467 lignes
. . export : "CAISSE"."GCFORMATS"                        5.882 KB       1 lignes
. . export : "CAISSE"."GCFORMATS_ZONES"                  6.125 KB      13 lignes
. . export : "CAISSE"."GCINVE"                           32.30 KB     329 lignes
. . export : "CAISSE"."GCPART_COMP"                      6.078 KB       9 lignes
. . export : "CAISSE"."GCPART_TIE"                       8.015 KB       2 lignes
. . export : "CAISSE"."GCPCRITR"                         6.820 KB       5 lignes
. . export : "CAISSE"."GCPDEP"                           12.55 KB      92 lignes
. . export : "CAISSE"."GCPDEVISE"                        6.406 KB       4 lignes
. . export : "CAISSE"."GCPECH"                           6.773 KB       3 lignes
. . export : "CAISSE"."GCPETAB"                          9.226 KB       1 lignes
. . export : "CAISSE"."GCPETAB_NATA"                     5.843 KB       1 lignes
. . export : "CAISSE"."GCPETAB_NATT"                     6.695 KB      68 lignes
. . export : "CAISSE"."GCPFART"                          6.015 KB      11 lignes
. . export : "CAISSE"."GCPMRGL"                          6.914 KB       7 lignes
. . export : "CAISSE"."GCPNATA"                          7.109 KB       1 lignes
. . export : "CAISSE"."GCPNATT"                          10.54 KB      68 lignes
. . export : "CAISSE"."GCPPAR"                           80.59 KB    1636 lignes
. . export : "CAISSE"."GCPRTAX"                          8.351 KB       4 lignes
. . export : "CAISSE"."GCPSFART"                         10.11 KB     126 lignes
. . export : "CAISSE"."GCPTARIF"                         8.226 KB       8 lignes
. . export : "CAISSE"."GCPTBRD"                          24.80 KB      37 lignes
. . export : "CAISSE"."GCPTBRD_NATA"                     6.320 KB      37 lignes
. . export : "CAISSE"."GCPTBRD_NATT"                     10.11 KB     315 lignes
. . export : "CAISSE"."GCPTRGL"                          9.945 KB       1 lignes
. . export : "CAISSE"."GCPTYPRGL"                        6.093 KB      10 lignes
. . export : "CAISSE"."GCPUNI_COEFF"                     9.445 KB     236 lignes
. . export : "CAISSE"."GCTABLES"                         5.898 KB       2 lignes
. . export : "CAISSE"."GCZONES"                          9.023 KB      35 lignes
. . export : "CAISSE"."PLAN_TABLE"                       11.60 KB       7 lignes
. . export : "CASH"."CAICODMVT"                          11.57 KB       8 lignes
. . export : "CASH"."CAIJOURNAL"                         8.414 KB       1 lignes
. . export : "CASH"."CAIPPAR"                            12.50 KB     160 lignes
. . export : "KERNEL"."CEPSESSION7"                      62.09 KB     827 lignes
. . export : "KERNEL"."CP_ECR_GEN_SOB"                   53.81 KB     273 lignes
. . export : "KERNEL"."GCBRDD_OFF"                       63.51 KB    2607 lignes
. . export : "KERNEL"."PLAN_TABLE"                       12.24 KB      19 lignes
. . export : "KERNEL"."SQLN_EXPLAIN_PLAN"                14.91 KB       6 lignes
. . export : "KERNEL"."TMP"                              8.570 KB      28 lignes
. . export : "KERNEL"."TT_GCPPAR"                        74.96 KB    1512 lignes
. . export : "KERNEL"."UTAPPLI"                          7.640 KB       3 lignes
. . export : "KERNEL"."UTCLE"                            20.16 KB     291 lignes
. . export : "KERNEL"."UTPCHANGE"                        5.906 KB       2 lignes
. . export : "KERNEL"."UTPDEVISE"                        6.335 KB       3 lignes
. . export : "KERNEL"."UTPPAR"                           12.91 KB     152 lignes
. . export : "KERNEL"."UTPROG"                           30.37 KB     508 lignes
. . export : "KERNEL"."UTPROG_CLE"                       39.42 KB    1170 lignes
. . export : "KERNEL"."UTTCLE"                           5.656 KB      12 lignes
. . export : "KERNEL"."UTUTI"                            25.04 KB     372 lignes
. . export : "KERNEL"."UTUTI_MENU"                       7.234 KB      17 lignes
. . export : "ORDDATA"."ORDDCM_CT_PRED_OPRD"             13.16 KB      51 lignes
. . export : "ORDDATA"."ORDDCM_MAPPING_DOCS"             9.484 KB       1 lignes
. . export : "SYSMAN"."ESM_COLLECTION"                   14.99 KB     116 lignes
. . export : "SYSMAN"."MGMT_AGENT_SEC_INFO"              7.968 KB       1 lignes
. . export : "SYSMAN"."MGMT_ARU_PRODUCT_RELEASE_MAP"     84.80 KB    5956 lignes
. . export : "SYSMAN"."MGMT_CATEGORY_MAP"                46.47 KB     637 lignes
. . export : "SYSMAN"."MGMT_COLL_ITEMS"                  24.57 KB     254 lignes
. . export : "SYSMAN"."MGMT_CURRENT_VIOLATION"           42.63 KB      89 lignes
. . export : "SYSMAN"."MGMT_ECM_SNAPSHOT_MD_COLUMNS"     87.02 KB     837 lignes
. . export : "SYSMAN"."MGMT_INV_COMPONENT"               36.04 KB     144 lignes
. . export : "SYSMAN"."MGMT_IP_ELEM_DEFAULT_PARAMS"      31.75 KB     130 lignes
. . export : "SYSMAN"."MGMT_IP_REPORT_DEF_ELEMENTS"      44.35 KB     349 lignes
. . export : "SYSMAN"."MGMT_JOB_COMMAND_BLOCK_PROCS"     5.921 KB       3 lignes
. . export : "SYSMAN"."MGMT_JOB_LARGE_PARAMS"            5.937 KB       2 lignes
. . export : "SYSMAN"."MGMT_JOB_PARAMETER"               9.007 KB       4 lignes
. . export : "SYSMAN"."MGMT_JOB_SQL_PARAMS"              6.937 KB      10 lignes
. . export : "SYSMAN"."MGMT_JOB_SUBST_PARAMS"            7.125 KB      24 lignes
. . export : "SYSMAN"."PARAM_VALUES_TAB"                 25.12 KB     308 lignes
. . export : "SYSMAN"."MGMT_LAST_VIOLATION"              59.15 KB     807 lignes
. . export : "SYSMAN"."MGMT_LICENSE_DEFINITIONS"         54.66 KB      59 lignes
. . export : "SYSMAN"."MGMT_PAF_TEXTUAL_DATA"            42.50 KB       7 lignes
. . export : "SYSMAN"."MGMT_POLICY_ASSOC_CFG_PARAMS"     61.64 KB     713 lignes
. . export : "SYSMAN"."MGMT_POLICY_ASSOC_EVAL_DETAILS"   52.87 KB     479 lignes
. . export : "SYSMAN"."MGMT_POLICY_VIOL_CTXT_DEF"        68.09 KB     642 lignes
. . export : "SYSMAN"."MGMT_SWLIB_ENTITIES"              46.03 KB     180 lignes
. . export : "SYSMAN"."MGMT_SWLIB_ENTITY_DATA"           34.81 KB     150 lignes
. . export : "SYSMAN"."MGMT_SWLIB_REVISION_PARAMETERS"   54.92 KB     728 lignes
. . export : "SYSMAN"."MGMT_TASK_QTABLE"                 21.81 KB      28 lignes
. . export : "TRANSFERT"."TR_CEPSESSION_OPC_ARCH"        95.67 KB    2192 lignes
. . export : "TRANSFERT"."TR_CP_ECR"                     83.20 KB     546 lignes
. . export : "TRANSFERT"."TR_CP_ECR_ANA"                 56.89 KB     443 lignes
. . export : "XAPP_BI"."EUL5_ELEM_XREFS"                 37.23 KB     394 lignes
. . export : "XAPP_BI"."EUL5_OBJS"                       58.72 KB     130 lignes
. . export : "XCPTA"."COPAR"                             19.81 KB     164 lignes
. . export : "XCPTA"."CP_DOS"                            18.90 KB       1 lignes
. . export : "XCPTA"."CP_ECR_SUPPR_SAV"                  80.64 KB    5933 lignes
. . export : "XCPTA"."CP_EFFET"                          55.23 KB     319 lignes
. . export : "XCPTA"."CP_JOU_PER"                        7.468 KB       2 lignes
. . export : "XCPTA"."CP_PAR"                            19.07 KB       1 lignes
. . export : "XCPTA"."CP_REGIME_IMP"                     9.421 KB       5 lignes
. . export : "XCPTA"."CP_TRE"                            7.468 KB       2 lignes
. . export : "XCPTA"."CP_TYPRGL"                         6.226 KB       1 lignes
. . export : "XCPTA"."CP_TYPRGL_CPT"                     5.875 KB       4 lignes
. . export : "APEX_030200"."WWV_COLUMN_EXCEPTIONS"       5.976 KB       3 lignes
. . export : "APEX_030200"."WWV_FLOW_ACTIVITY_LOG_NUMBER$"  5.476 KB       1 lignes
. . export : "APEX_030200"."WWV_FLOW_ALT_CONFIG_PICK"    8.210 KB      37 lignes
. . export : "APEX_030200"."WWV_FLOW_APPLICATION_GROUPS"  7.968 KB       1 lignes
. . export : "APEX_030200"."WWV_FLOW_CALS"               18.86 KB      11 lignes
. . export : "APEX_030200"."WWV_FLOW_CAL_TEMPLATES"      38.88 KB       9 lignes
. . export : "APEX_030200"."WWV_FLOW_CHARSETS"           7.789 KB      32 lignes
. . export : "APEX_030200"."WWV_FLOW_CLICKTHRU_LOG_NUMBER$"  5.890 KB       1 lignes
. . export : "APEX_030200"."WWV_FLOW_COMPANIES"          8.843 KB       3 lignes
. . export : "APEX_030200"."WWV_FLOW_COMPANY_SCHEMAS"    6.281 KB       1 lignes
. . export : "APEX_030200"."WWV_FLOW_COMPANY_TYPES"      6.593 KB      32 lignes
. . export : "APEX_030200"."WWV_FLOW_COMPUTATIONS"       14.92 KB      14 lignes
. . export : "APEX_030200"."WWV_FLOW_COUNTRIES"          9.828 KB     240 lignes
. . export : "APEX_030200"."WWV_FLOW_DB_AUTH"            5.460 KB       1 lignes
. . export : "APEX_030200"."WWV_FLOW_DEVELOPER_ROLES"    5.921 KB       9 lignes
. . export : "APEX_030200"."WWV_FLOW_DUAL100"            5.703 KB     100 lignes
. . export : "APEX_030200"."WWV_FLOW_FIELD_TEMPLATES"    19.31 KB      36 lignes
. . export : "APEX_030200"."WWV_FLOW_FND_USER"           23.81 KB       1 lignes
. . export : "APEX_030200"."WWV_FLOW_HNT_COLUMN_INFO"    23.55 KB      58 lignes
. . export : "APEX_030200"."WWV_FLOW_HNT_TABLE_INFO"     9.382 KB       8 lignes
. . export : "APEX_030200"."WWV_FLOW_ICON_BAR"           19.25 KB      12 lignes
. . export : "APEX_030200"."WWV_FLOW_ITEMS"              15.34 KB      89 lignes
. . export : "APEX_030200"."WWV_FLOW_LANGUAGE_MAP"       15.28 KB      90 lignes
. . export : "APEX_030200"."WWV_FLOW_LANGUAGES"          16.15 KB     132 lignes
. . export : "APEX_030200"."WWV_FLOW_LOV_VALUES"         8.867 KB       6 lignes
. . export : "APEX_030200"."WWV_FLOW_MENUS"              7.718 KB       7 lignes
. . export : "APEX_030200"."WWV_FLOW_MENU_TEMPLATES"     14.14 KB       8 lignes
. . export : "APEX_030200"."WWV_FLOW_PAGE_GROUPS"        14.28 KB     105 lignes
. . export : "APEX_030200"."WWV_FLOW_PASSWORD_HISTORY"   6.679 KB       1 lignes
. . export : "APEX_030200"."WWV_FLOW_PATCHES"            10.69 KB       9 lignes
. . export : "APEX_030200"."WWV_FLOW_PICK_END_USERS"     6.023 KB       4 lignes
. . export : "APEX_030200"."WWV_FLOW_PICK_PAGE_VIEWS"    6.093 KB       5 lignes
. . export : "APEX_030200"."WWV_FLOW_PLATFORM_PREFS"     9.015 KB      21 lignes
. . export : "APEX_030200"."WWV_FLOW_POPUP_LOV_TEMPLATE"  32.23 KB      10 lignes
. . export : "APEX_030200"."WWV_FLOW_QUERY_COLUMN"       9.929 KB      18 lignes
. . export : "APEX_030200"."WWV_FLOW_QUERY_CONDITION"    9.609 KB       6 lignes
. . export : "APEX_030200"."WWV_FLOW_QUERY_DEFINITION"   7.648 KB       6 lignes
. . export : "APEX_030200"."WWV_FLOW_QUERY_OBJECT"       8.304 KB       6 lignes
. . export : "APEX_030200"."WWV_FLOW_REGION_UPD_RPT_COLS"  36.80 KB     439 lignes
. . export : "APEX_030200"."WWV_FLOW_RESTRICTED_SCHEMAS"  8.242 KB      46 lignes
. . export : "APEX_030200"."WWV_FLOWS"                   59.71 KB      10 lignes
. . export : "APEX_030200"."WWV_FLOW_SECURITY_SCHEMES"   15.28 KB      19 lignes
. . export : "APEX_030200"."WWV_FLOW_STANDARD_CSS"       9.742 KB      27 lignes
. . export : "APEX_030200"."WWV_FLOW_STANDARD_ICONS"     16.91 KB     319 lignes
. . export : "APEX_030200"."WWV_FLOW_STANDARD_JS"        7.203 KB       2 lignes
. . export : "APEX_030200"."WWV_FLOW_SW_CREATE_KEYWORDS"  6.875 KB      10 lignes
. . export : "APEX_030200"."WWV_FLOW_SW_MAIN_KEYWORDS"   10.85 KB     199 lignes
. . export : "APEX_030200"."WWV_FLOW_SW_SET_KEYWORDS"    6.757 KB       4 lignes
. . export : "APEX_030200"."WWV_FLOW_SW_SQLPLUS_CMD"     5.101 KB       8 lignes
. . export : "APEX_030200"."WWV_FLOW_TABS"               13.53 KB       3 lignes
. . export : "APEX_030200"."WWV_FLOW_TOPLEVEL_TABS"      13.18 KB       5 lignes
. . export : "APEX_030200"."WWV_FLOW_TRANSLATABLE_COLS$"  29.55 KB     232 lignes
. . export : "APEX_030200"."WWV_FLOW_TREES"              25.80 KB       3 lignes
. . export : "APEX_030200"."WWV_FLOW_UPGRADE_PROGRESS"   21.89 KB      89 lignes
. . export : "APEX_030200"."WWV_FLOW_UPG_TAB_NAME_CHANGES"  8.781 KB      42 lignes
. . export : "APEX_030200"."WWV_FLOW_UPG_TAB_OBSOLETE"   6.476 KB      17 lignes
. . export : "APEX_030200"."WWV_FLOW_USER_ACCESS_LOG_NUM$"  5.890 KB       1 lignes
. . export : "APEX_030200"."WWV_FLOW_WORKSHEET_RPTS"     37.01 KB      30 lignes
. . export : "APEX_030200"."WWV_FLOW_WORKSPACE_REQ_SIZE"  6.859 KB      14 lignes
. . export : "APEX_030200"."WWV_MIG_EXPORTER"            7.382 KB       5 lignes
. . export : "APEX_030200"."WWV_MIG_FRM_OLB_XMLTAGTABLEMAP"  11.29 KB      45 lignes
. . export : "APEX_030200"."WWV_MIG_FRM_XMLTAGTABLEMAP"  10.55 KB      36 lignes
. . export : "APEX_030200"."WWV_MIG_MENU_XMLTAGTABLEMAP"  8.710 KB       7 lignes
. . export : "APEX_030200"."WWV_MIG_RESERVED_WORDS"      5.898 KB      87 lignes
. . export : "APEX_030200"."WWV_MIG_RPT_XMLTAGTABLEMAP"  9.140 KB      15 lignes
. . export : "CAISSE"."CEPCFTYPCARTE"                    9.031 KB       4 lignes
. . export : "CAISSE"."CEPCFTYPOPER"                     8.484 KB       6 lignes
. . export : "CAISSE"."CETICKET_PROMO_ARCH"              8.210 KB      53 lignes
. . export : "CAISSE"."CFID_APP"                         10.55 KB       2 lignes
. . export : "CAISSE"."CFID_LOG"                         9.609 KB       6 lignes
. . export : "CAISSE"."CFID_STATUT"                      7.726 KB       3 lignes
. . export : "CAISSE"."GCBRDD_LP_2017_04_14"             43.95 KB     117 lignes
. . export : "CAISSE"."GCEXPEDITION_CF"                  44.25 KB       1 lignes
. . export : "CAISSE"."GCEXPEDITION_CF_CDE"              13.94 KB       1 lignes
. . export : "CAISSE"."GCEXPEDITION_CF_CTNER"            9.703 KB       1 lignes
. . export : "CAISSE"."GCPACONIER"                       8.351 KB       1 lignes
. . export : "CAISSE"."GCPART_LOT"                         7.5 KB       1 lignes
. . export : "CAISSE"."GCPENTITE"                        6.343 KB       4 lignes
. . export : "CAISSE"."GCPFAMTIE"                        7.617 KB       4 lignes
. . export : "CAISSE"."GCPFAP"                           10.67 KB       1 lignes
. . export : "CAISSE"."GCPFRNART"                        38.60 KB     821 lignes
. . export : "CAISSE"."GCPGEST_TIE"                       6.25 KB       1 lignes
. . export : "CAISSE"."GCPMARQUE"                        7.031 KB       1 lignes
. . export : "CAISSE"."GCPPTVTE"                         27.48 KB     108 lignes
. . export : "CAISSE"."GCPPTVTE_DEP"                     8.828 KB     291 lignes
. . export : "CAISSE"."GCPPTVTE_TBRD"                    8.882 KB     125 lignes
. . export : "CAISSE"."GCPRAYON"                         7.015 KB       1 lignes
. . export : "CAISSE"."GCPREG"                           6.703 KB       3 lignes
. . export : "CAISSE"."GCPROMO"                          27.41 KB     210 lignes
. . export : "CAISSE"."GCPROMO_ART"                      16.81 KB     484 lignes
. . export : "CAISSE"."GCPROMO_FAMTIE"                   5.929 KB       7 lignes
. . export : "CAISSE"."GCPROMO_QTE"                      12.05 KB     193 lignes
. . export : "CAISSE"."GCPSECTACT"                       7.046 KB       1 lignes
. . export : "CAISSE"."GCPSFAMTIE"                       7.531 KB       4 lignes
. . export : "CAISSE"."GCPSTATUT"                         8.75 KB       3 lignes
. . export : "CAISSE"."GCPTAXE_UNITE"                    7.539 KB       2 lignes
. . export : "CAISSE"."GCPTIE_GRPE"                      6.257 KB       1 lignes
. . export : "CAISSE"."GCPTRANSITAIRE"                   9.523 KB       2 lignes
. . export : "KERNEL"."CEPSESSION_ARCH_MK"               19.80 KB     149 lignes
. . export : "KERNEL"."CEPSESSION7_ARCH"                 24.23 KB     219 lignes
. . export : "KERNEL"."CETICKETR_ARCH_MK"                10.10 KB      82 lignes
. . export : "KERNEL"."CP_AUX_ZZZ"                       49.33 KB     257 lignes
. . export : "KERNEL"."CP_ECR_ANA_MK"                    15.27 KB       4 lignes
. . export : "KERNEL"."CP_ECR_GEN_MK"                    19.78 KB      12 lignes
. . export : "KERNEL"."CP_ECR_GEN_RG1"                   39.21 KB     202 lignes
. . export : "KERNEL"."CP_ECR_LET_RG1"                   32.11 KB     101 lignes
. . export : "KERNEL"."CP_ECR_MK"                        15.73 KB       4 lignes
. . export : "KERNEL"."CP_ECR_RG1"                       26.99 KB     101 lignes
. . export : "KERNEL"."CP_ECR_SOB"                       15.39 KB       1 lignes
. . export : "KERNEL"."GCBRDE_MK"                        57.72 KB     150 lignes
. . export : "KERNEL"."GCBRDE_SANS_DETAIL"               55.37 KB     163 lignes
. . export : "KERNEL"."GCPART_BARRE_NIVEA"               16.04 KB     320 lignes
. . export : "KERNEL"."INDEXPNR"                         21.85 KB     269 lignes
. . export : "KERNEL"."INDEXPNRALL"                      19.37 KB     212 lignes
. . export : "KERNEL"."INDEXPNRK"                        9.125 KB      48 lignes
. . export : "KERNEL"."PNR_BRDE_RN"                      41.69 KB      44 lignes
. . export : "KERNEL"."TT_BRDE"                          7.875 KB     288 lignes
. . export : "KERNEL"."TT_CAIPPAR"                       12.53 KB     160 lignes
. . export : "KERNEL"."TT_ECR"                           15.33 KB       1 lignes
. . export : "KERNEL"."TT_ECR_GEN"                       36.94 KB     155 lignes
. . export : "KERNEL"."TT_ECR_LET"                       36.75 KB     154 lignes
. . export : "KERNEL"."TT_GCPUNI_COEFF"                  8.437 KB     170 lignes
. . export : "KERNEL"."TT_RTAX"                          26.60 KB    1132 lignes
. . export : "KERNEL"."TT_TLOC"                          17.95 KB     676 lignes
. . export : "KERNEL"."UTITEM_MSG"                       27.25 KB     561 lignes
. . export : "KERNEL"."UTLANGUE"                         5.453 KB       2 lignes
. . export : "KERNEL"."UTPBANQUE"                        11.57 KB       1 lignes
. . export : "KERNEL"."UTPECH"                           6.953 KB      11 lignes
. . export : "KERNEL"."UTPLOCALITE"                      7.015 KB      49 lignes
. . export : "KERNEL"."UTPMRGL"                          7.398 KB      10 lignes
. . export : "KERNEL"."UTPPAYS"                          5.460 KB       3 lignes
. . export : "KERNEL"."UTPREG"                           5.875 KB       3 lignes
. . export : "KERNEL"."UTPRTAX"                          8.437 KB       8 lignes
. . export : "KERNEL"."UTPTAXE"                          8.859 KB       3 lignes
. . export : "KERNEL"."UTPTYPRGL"                        6.023 KB       8 lignes
. . export : "KERNEL"."UTPVILLE"                         6.296 KB       3 lignes
. . export : "KERNEL"."UTSOC"                            6.242 KB       1 lignes
. . export : "KERNEL"."UT_STD_EVENT"                     5.445 KB       1 lignes
. . export : "KERNEL"."UTUTI_RESTR"                      6.273 KB       2 lignes
. . export : "KERNEL"."UTUTI1"                           8.773 KB       1 lignes
. . export : "KERNEL"."UTUTI1_CLE"                       9.375 KB     189 lignes
. . export : "KERNEL"."UTUTI1_MENU"                      6.984 KB       9 lignes
. . export : "OLAPSYS"."CWM$CLASSIFICATION"              14.21 KB      41 lignes
. . export : "OLAPSYS"."CWM$CLASSIFICATIONENTRY"         14.22 KB       5 lignes
. . export : "OLAPSYS"."CWM$CLASSIFICATIONTYPE"          12.55 KB      15 lignes
. . export : "OLAPSYS"."CWM$DOMAIN"                      15.39 KB      21 lignes
. . export : "OLAPSYS"."CWM$FUNCTION"                    12.96 KB      14 lignes
. . export : "OLAPSYS"."CWM$MODEL"                       12.67 KB       2 lignes
. . export : "OLAPSYS"."CWM$OBJECTTYPE"                  12.82 KB      15 lignes
. . export : "OLAPSYS"."CWM$PARAMETER"                   19.35 KB       5 lignes
. . export : "OLAPSYS"."CWM$PROJECT"                     10.90 KB       3 lignes
. . export : "OLAPSYS"."CWM2$AWCUBELOADPARM"              6.25 KB       1 lignes
. . export : "OLAPSYS"."CWM2$AWCUBELOADTYPE"             5.921 KB       2 lignes
. . export : "OLAPSYS"."CWM2$AWDIMLOADPARM"              6.335 KB       4 lignes
. . export : "OLAPSYS"."CWM2$AWDIMLOADTYPE"              5.937 KB       2 lignes
. . export : "OLAPSYS"."CWM2$MRALL_DESCRIPTORS"          7.085 KB      41 lignes
. . export : "ORDDATA"."ORDDCM_ANON_ACTION_TYPES"        5.492 KB       4 lignes
. . export : "ORDDATA"."ORDDCM_ANON_ATTRS"               8.703 KB      37 lignes
. . export : "ORDDATA"."ORDDCM_ANON_RULES"               6.296 KB       3 lignes
. . export : "ORDDATA"."ORDDCM_ANON_RULE_TYPES"          5.546 KB       3 lignes
. . export : "ORDDATA"."ORDDCM_CT_ACTION"                6.664 KB       7 lignes
. . export : "ORDDATA"."ORDDCM_CT_DAREFS"                6.218 KB      74 lignes
. . export : "ORDDATA"."ORDDCM_CT_LOCATORPATHS"          10.07 KB      95 lignes
. . export : "ORDDATA"."ORDDCM_CT_MACRO_DEP"             5.460 KB       1 lignes
. . export : "ORDDATA"."ORDDCM_CT_MACRO_PAR"             5.484 KB       2 lignes
. . export : "ORDDATA"."ORDDCM_CT_PRED"                  8.328 KB      61 lignes
. . export : "ORDDATA"."ORDDCM_CT_PRED_PAR"              5.945 KB       3 lignes
. . export : "ORDDATA"."ORDDCM_CT_PRED_SET"              8.906 KB       9 lignes
. . export : "ORDDATA"."ORDDCM_DATA_MODEL"               5.867 KB       1 lignes
. . export : "ORDDATA"."ORDDCM_DICT_ATTRS"               33.95 KB    2418 lignes
. . export : "ORDDATA"."ORDDCM_DOC_REFS"                 6.507 KB       7 lignes
. . export : "ORDDATA"."ORDDCM_DOC_TYPES"                6.984 KB       8 lignes
. . export : "ORDDATA"."ORDDCM_INSTALL_DOCS"             6.546 KB       9 lignes
. . export : "ORDDATA"."ORDDCM_INTERNAL_TAGS"            6.218 KB      42 lignes
. . export : "ORDDATA"."ORDDCM_PREFS_DEF_VALUES_TAB"     5.687 KB       7 lignes
. . export : "ORDDATA"."ORDDCM_PREFS_VALID_VALUES_TAB"   6.492 KB      33 lignes
. . export : "ORDDATA"."ORDDCM_PREFS_LOOKUP"             9.703 KB      13 lignes
. . export : "ORDDATA"."ORDDCM_PRV_ATTRS"                9.804 KB       3 lignes
. . export : "ORDDATA"."ORDDCM_RT_PREF_PARAMS"           8.617 KB      13 lignes
. . export : "ORDDATA"."ORDDCM_UID_DEFS"                  33.5 KB     245 lignes
. . export : "ORDDATA"."ORDDCM_VR_DT_MAP"                6.515 KB      32 lignes
. . export : "SCOTT"."DEPT"                              5.937 KB       4 lignes
. . export : "SCOTT"."EMP"                               8.570 KB      14 lignes
. . export : "SCOTT"."SALGRADE"                          5.867 KB       5 lignes
. . export : "SYSMAN"."AQ$_MGMT_LOADER_QTABLE_S"         10.81 KB       2 lignes
. . export : "SYSMAN"."AQ$_MGMT_NOTIFY_QTABLE_S"         10.81 KB       2 lignes
. . export : "SYSMAN"."EMDW_TRACE_CONFIG"                7.062 KB       9 lignes
. . export : "SYSMAN"."EM_PAGE_CONDITION_METADATA"       5.640 KB       7 lignes
. . export : "SYSMAN"."EM_PAGE_CUST_METADATA"            6.039 KB       4 lignes
. . export : "SYSMAN"."EUME2E_ASSOCS_LOOKUP"             6.601 KB       9 lignes
. . export : "SYSMAN"."MGMT_ADMIN_LICENSES"              5.296 KB      19 lignes
. . export : "SYSMAN"."MGMT_ALL_TARGET_PROPS"            9.773 KB       5 lignes
. . export : "SYSMAN"."MGMT_ARU_FAMILY_PRODUCT_MAP"      25.85 KB    1660 lignes
. . export : "SYSMAN"."MGMT_ARU_LANGUAGES"               6.164 KB      40 lignes
. . export : "SYSMAN"."MGMT_ARU_OUI_COMPONENTS"          21.34 KB     393 lignes
. . export : "SYSMAN"."MGMT_ARU_PLATFORMS"               9.585 KB      76 lignes
. . export : "SYSMAN"."MGMT_ARU_PRODUCTS"                34.72 KB     744 lignes
. . export : "SYSMAN"."MGMT_ARU_RELEASES"                19.90 KB     863 lignes
. . export : "SYSMAN"."MGMT_AUDIT_DESTINATION"           5.492 KB       1 lignes
. . export : "SYSMAN"."MGMT_AUDIT_MASTER"                5.078 KB       1 lignes
. . export : "SYSMAN"."MGMT_AVAILABILITY"                17.03 KB     225 lignes
. . export : "SYSMAN"."MGMT_AVAILABILITY_MARKER"         6.015 KB       5 lignes
. . export : "SYSMAN"."MGMT_AVAILABLE_SEARCHES"          7.031 KB      15 lignes
. . export : "SYSMAN"."MGMT_BLACKOUT_PROXY_TARGETS"      5.140 KB       5 lignes
. . export : "SYSMAN"."MGMT_BLACKOUT_REASON"             9.593 KB      60 lignes
. . export : "SYSMAN"."MGMT_BSLN_METRICS"                7.359 KB       6 lignes
. . export : "SYSMAN"."MGMT_CALLBACKS"                   12.20 KB      87 lignes
. . export : "SYSMAN"."MGMT_CATEGORIES"                  6.234 KB      12 lignes
. . export : "SYSMAN"."MGMT_CATEGORY_CLASSES"            5.468 KB       2 lignes
. . export : "SYSMAN"."MGMT_COLLECTION_METRIC_TASKS"     19.73 KB     196 lignes
. . export : "SYSMAN"."MGMT_COLL_ITEM_METRICS"           18.80 KB     217 lignes
. . export : "SYSMAN"."MGMT_COLL_ITEM_PROPERTIES"        10.67 KB      48 lignes
. . export : "SYSMAN"."MGMT_CORRECTIVE_ACTION"           6.742 KB       2 lignes
. . export : "SYSMAN"."MGMT_CREATED_USERS"               5.984 KB       4 lignes
. . export : "SYSMAN"."MGMT_CREDENTIAL_SET_COLUMNS"      15.09 KB      86 lignes
. . export : "SYSMAN"."MGMT_CREDENTIAL_SET_COL_VALS"     7.945 KB       8 lignes
. . export : "SYSMAN"."MGMT_CREDENTIAL_SETS"             12.00 KB      35 lignes
. . export : "SYSMAN"."MGMT_CREDENTIALS2"                 7.75 KB       3 lignes
. . export : "SYSMAN"."MGMT_CREDENTIAL_TYPE_COLUMNS"     12.21 KB      45 lignes
. . export : "SYSMAN"."MGMT_CREDENTIAL_TYPE_COL_VALS"    7.656 KB       3 lignes
. . export : "SYSMAN"."MGMT_CREDENTIAL_TYPE_REF"         8.468 KB       9 lignes
. . export : "SYSMAN"."MGMT_CREDENTIAL_TYPES"            8.625 KB      19 lignes
. . export : "SYSMAN"."MGMT_CS_CONFIG_STANDARD"          15.93 KB       3 lignes
. . export : "SYSMAN"."MGMT_CS_HIERARCHY"                11.30 KB     117 lignes
. . export : "SYSMAN"."MGMT_CS_KEYWORD"                  5.562 KB       3 lignes
. . export : "SYSMAN"."MGMT_CS_RULE"                     31.97 KB      94 lignes
. . export : "SYSMAN"."MGMT_CS_RULEFOLDER"               9.335 KB      23 lignes
. . export : "SYSMAN"."MGMT_CURRENT_AVAILABILITY"          6.5 KB       5 lignes
. . export : "SYSMAN"."MGMT_CURRENT_METRIC_ERRORS"       8.203 KB       3 lignes
. . export : "SYSMAN"."MGMT_CURRENT_METRICS"             25.86 KB     286 lignes
. . export : "SYSMAN"."MGMT_DB_CONTROLFILES_ECM"         8.054 KB       2 lignes
. . export : "SYSMAN"."MGMT_DB_DATAFILES_ECM"            10.04 KB      18 lignes
. . export : "SYSMAN"."MGMT_DB_DBNINSTANCEINFO_ECM"      10.53 KB       1 lignes
. . export : "SYSMAN"."MGMT_DB_FEATUREUSAGE"             32.75 KB     152 lignes
. . export : "SYSMAN"."MGMT_DB_HDM_METRIC_HELPER"        6.695 KB       1 lignes
. . export : "SYSMAN"."MGMT_DB_LICENSE_ECM"              7.085 KB       1 lignes
. . export : "SYSMAN"."MGMT_DB_OPTIONS_ECM"              6.234 KB      11 lignes
. . export : "SYSMAN"."MGMT_DB_RECTSSETTINGS_ECM"        6.812 KB       1 lignes
. . export : "SYSMAN"."MGMT_DB_RECUSERSETTINGS_ECM"      6.328 KB       1 lignes
. . export : "SYSMAN"."MGMT_DB_REDOLOGS_ECM"             9.328 KB       3 lignes
. . export : "SYSMAN"."MGMT_DB_ROLLBACK_SEGS_ECM"        11.55 KB       1 lignes
. . export : "SYSMAN"."MGMT_DB_SGA_ECM"                  6.187 KB       9 lignes
. . export : "SYSMAN"."MGMT_DB_TABLESPACES_ECM"          13.96 KB      18 lignes
. . export : "SYSMAN"."MGMT_DEPLOYMENT_SECTIONS"         5.507 KB       1 lignes
. . export : "SYSMAN"."MGMT_DM_ALITEMS"                  7.054 KB      48 lignes
. . export : "SYSMAN"."MGMT_DM_RULEENTRY"                12.51 KB      45 lignes
. . export : "SYSMAN"."MGMT_DM_RULETEMPLATES"            9.882 KB      19 lignes
. . export : "SYSMAN"."MGMT_ECM_ARU_MAP"                 8.164 KB      29 lignes
. . export : "SYSMAN"."MGMT_ECM_CSA_OUT_OF_BOX"          5.031 KB       1 lignes
. . export : "SYSMAN"."MGMT_ECM_GEN_SNAPSHOT"             11.5 KB       6 lignes
. . export : "SYSMAN"."MGMT_ECM_MD_HIST_TBLS"            19.63 KB      39 lignes
. . export : "SYSMAN"."MGMT_ECM_RESOURCES"               6.812 KB      14 lignes
. . export : "SYSMAN"."MGMT_ECM_SNAP_COMPONENT_INFO"     6.468 KB       4 lignes
. . export : "SYSMAN"."MGMT_ECM_SNAPSHOT"                9.664 KB       1 lignes
. . export : "SYSMAN"."MGMT_ECM_SNAPSHOT_MD_TABLES"      21.81 KB     122 lignes
. . export : "SYSMAN"."MGMT_ECM_SNAPSHOT_METADATA"       17.29 KB      53 lignes
. . export : "SYSMAN"."MGMT_EMD_PING"                    10.50 KB       1 lignes
. . export : "SYSMAN"."MGMT_EMD_PING_CHECK"              5.460 KB       1 lignes
. . export : "SYSMAN"."MGMT_ERROR_MASTER"                6.460 KB      12 lignes
. . export : "SYSMAN"."MGMT_FAILOVER_CALLBACKS"          5.187 KB       4 lignes
. . export : "SYSMAN"."MGMT_FBP_PATCHING_GUIDS"          5.617 KB       3 lignes
. . export : "SYSMAN"."MGMT_FLAT_TARGET_ASSOC"           7.835 KB       3 lignes
. . export : "SYSMAN"."MGMT_GROUP_DEFAULT_CHART"         10.26 KB       9 lignes
. . export : "SYSMAN"."MGMT_HA_INFO_ECM"                 7.507 KB       1 lignes
. . export : "SYSMAN"."MGMT_HA_MTTR"                     5.867 KB       1 lignes
. . export : "SYSMAN"."MGMT_HA_RMAN_CONFIG_ECM"          5.882 KB       1 lignes
. . export : "SYSMAN"."MGMT_HC_CPU_DETAILS"              7.523 KB       1 lignes
. . export : "SYSMAN"."MGMT_HC_FS_MOUNT_DETAILS"         6.968 KB       2 lignes
. . export : "SYSMAN"."MGMT_HC_HARDWARE_MASTER"          9.593 KB       1 lignes
. . export : "SYSMAN"."MGMT_HC_IOCARD_DETAILS"           7.085 KB       1 lignes
. . export : "SYSMAN"."MGMT_HC_NIC_DETAILS"              8.351 KB       1 lignes
. . export : "SYSMAN"."MGMT_HC_OS_PROPERTIES"            7.687 KB      19 lignes
. . export : "SYSMAN"."MGMT_HC_OS_SUMMARY"               8.382 KB       1 lignes
. . export : "SYSMAN"."MGMT_HC_SYSTEM_SUMMARY"             7.5 KB       1 lignes
. . export : "SYSMAN"."MGMT_HC_VENDOR_SW_SUMMARY"        8.523 KB       2 lignes
. . export : "SYSMAN"."MGMT_HTTP_SESSION_CALLBACKS"        5.5 KB       1 lignes
. . export : "SYSMAN"."MGMT_INV_CONTAINER"               7.671 KB       2 lignes
. . export : "SYSMAN"."MGMT_INV_CONTAINER_PROPERTY"      5.984 KB       3 lignes
. . export : "SYSMAN"."MGMT_INV_DEPENDENCY_RULE"         15.19 KB     252 lignes
. . export : "SYSMAN"."MGMT_INV_SUMMARY"                 8.578 KB       2 lignes
. . export : "SYSMAN"."MGMT_IP_ELEM_PARAM_CLASSES"       19.91 KB     116 lignes
. . export : "SYSMAN"."MGMT_IP_ELEM_TARGET_TYPES"        9.257 KB      86 lignes
. . export : "SYSMAN"."MGMT_IP_REPORT_DEF"               40.94 KB     124 lignes
. . export : "SYSMAN"."MGMT_IP_REPORT_DEF_JIT_TYPES"     9.656 KB     135 lignes
. . export : "SYSMAN"."MGMT_IP_REPORT_ELEM_DEF"          20.97 KB      77 lignes
. . export : "SYSMAN"."MGMT_JOB"                         14.61 KB       5 lignes
. . export : "SYSMAN"."MGMT_JOB_CALLBACKS"               6.289 KB       6 lignes
. . export : "SYSMAN"."MGMT_JOB_COMMAND"                 18.40 KB     146 lignes
. . export : "SYSMAN"."MGMT_JOB_DISPLAY_ERROR_CODES"     6.773 KB       8 lignes
. . export : "SYSMAN"."MGMT_JOB_EVENT"                   5.484 KB       1 lignes
. . export : "SYSMAN"."MGMT_JOB_EXEC_SUMMARY"            14.46 KB       6 lignes
. . export : "SYSMAN"."MGMT_JOB_EXECUTION"               17.54 KB      12 lignes
. . export : "SYSMAN"."MGMT_JOB_HISTORY"                 16.62 KB      12 lignes
. . export : "SYSMAN"."MGMT_JOB_LOCK_INFO"               8.312 KB       6 lignes
. . export : "SYSMAN"."MGMT_JOB_LOCK_TARGETS"            7.148 KB       6 lignes
. . export : "SYSMAN"."MGMT_JOB_PURGE_CRITERIA"            6.5 KB       3 lignes
. . export : "SYSMAN"."MGMT_JOB_PURGE_POLICIES"          5.562 KB       4 lignes
. . export : "SYSMAN"."MGMT_JOB_PURGE_VALUES"            6.054 KB       3 lignes
. . export : "SYSMAN"."MGMT_JOB_SINGLE_TARGET_TYPES"     9.578 KB     137 lignes
. . export : "SYSMAN"."MGMT_JOB_STATE_CHANGES"            9.25 KB       6 lignes
. . export : "SYSMAN"."MGMT_JOB_TYPE_DISPLAY_INFO"       11.91 KB      87 lignes
. . export : "SYSMAN"."MGMT_JOB_TYPE_INFO"               37.37 KB     187 lignes
. . export : "SYSMAN"."MGMT_JOB_TYPE_MAX_VERSIONS"       14.71 KB     180 lignes
. . export : "SYSMAN"."MGMT_JOB_TYPE_PARAM_DSPLY_INFO"   30.85 KB     300 lignes
. . export : "SYSMAN"."MGMT_JOB_TYPE_PARAM_URI_INFO"     8.148 KB       7 lignes
. . export : "SYSMAN"."MGMT_JOB_TYPE_URI_INFO"           12.04 KB      99 lignes
. . export : "SYSMAN"."MGMT_JOB_VALUE_PARAMS"            13.80 KB     180 lignes
. . export : "SYSMAN"."MGMT_LAST_SYNC_LOAD_DETAILS"      5.890 KB       1 lignes
. . export : "SYSMAN"."MGMT_LICENSABLE_TARGET_TYPES"     7.125 KB      49 lignes
. . export : "SYSMAN"."MGMT_LICENSED_TARGETS"            6.304 KB      10 lignes
. . export : "SYSMAN"."MGMT_LOADER_DESIGNATORS"          5.773 KB      40 lignes
. . export : "SYSMAN"."MGMT_LOGIN_ASSISTANTS"            6.054 KB       2 lignes
. . export : "SYSMAN"."MGMT_MASTER_CHANGED_CALLBACK"     5.906 KB       1 lignes
. . export : "SYSMAN"."MGMT_METADATA_SETS"               9.953 KB      76 lignes
. . export : "SYSMAN"."MGMT_METRIC_DEPENDENCY_DEF"       8.070 KB      16 lignes
. . export : "SYSMAN"."MGMT_METRICS_COMPOSITE_KEYS"      23.92 KB     183 lignes
. . export : "SYSMAN"."MGMT_METRICS_EXT"                 10.21 KB      20 lignes
. . export : "SYSMAN"."MGMT_METRIC_VERSIONS"             17.10 KB     273 lignes
. . export : "SYSMAN"."MGMT_MP_HOMEPAGE_REPORTS"         7.796 KB      30 lignes
. . export : "SYSMAN"."MGMT_NESTED_JOB_TARGETS"          17.80 KB     126 lignes
. . export : "SYSMAN"."MGMT_NOTIFY_FORMAT_HANDLERS"      5.812 KB       6 lignes
. . export : "SYSMAN"."MGMT_NOTIFY_JOB_RULE_CONFIGS"     10.22 KB       1 lignes
. . export : "SYSMAN"."MGMT_NOTIFY_PROFILES"             6.726 KB       3 lignes
. . export : "SYSMAN"."MGMT_NOTIFY_QUEUES"               6.210 KB      27 lignes
. . export : "SYSMAN"."MGMT_NOTIFY_RULE_CONFIGS"         25.32 KB      41 lignes
. . export : "SYSMAN"."MGMT_NOTIFY_RULES"                8.328 KB       7 lignes
. . export : "SYSMAN"."MGMT_OMS_PARAMETERS"              29.28 KB     307 lignes
. . export : "SYSMAN"."MGMT_OPERATIONS_MASTER"           13.86 KB      25 lignes
. . export : "SYSMAN"."MGMT_OUI_ARU_MAP"                 5.812 KB      27 lignes
. . export : "SYSMAN"."MGMT_PAF_APPLICATIONS"            12.62 KB      13 lignes
. . export : "SYSMAN"."MGMT_PAF_COMP_JOBTYPE_MAPPINGS"   9.695 KB       2 lignes
. . export : "SYSMAN"."MGMT_PAF_JOBTYPE_PARAMS"          15.02 KB      17 lignes
. . export : "SYSMAN"."MGMT_PAF_JOBTYPES"                10.39 KB       4 lignes
. . export : "SYSMAN"."MGMT_PAF_PARAM_GROUPS"            10.79 KB       6 lignes
. . export : "SYSMAN"."MGMT_PAF_PROCEDURES"              14.56 KB       7 lignes
. . export : "SYSMAN"."MGMT_PARAMETERS"                  13.78 KB      84 lignes
. . export : "SYSMAN"."MGMT_PDP_COLUMN_METADATA"         5.976 KB       3 lignes
. . export : "SYSMAN"."MGMT_PDP_METADATA"                5.914 KB       2 lignes
. . export : "SYSMAN"."MGMT_PDP_PARAM_METADATA"          7.015 KB       9 lignes
. . export : "SYSMAN"."MGMT_PDP_SETTING_METADATA"        7.937 KB       3 lignes
. . export : "SYSMAN"."MGMT_PERFORMANCE_NAMES"           11.71 KB     106 lignes
. . export : "SYSMAN"."MGMT_POLICY_ASSOC_EVAL_SUMM"      20.96 KB     167 lignes
. . export : "SYSMAN"."MGMT_POLICY_BIND_VARS"             12.5 KB     169 lignes
. . export : "SYSMAN"."MGMT_POLICY_PARAMETERS"           8.125 KB      27 lignes
. . export : "SYSMAN"."MGMT_POLICY_TYPE_VERSIONS"        19.71 KB     585 lignes
. . export : "SYSMAN"."MGMT_PRIV_GRANTS"                 13.69 KB     133 lignes
. . export : "SYSMAN"."MGMT_PRIV_INCLUDES"               5.820 KB      13 lignes
. . export : "SYSMAN"."MGMT_PRIVS"                       8.273 KB      24 lignes
. . export : "SYSMAN"."MGMT_PURGE_POLICY"                10.57 KB      16 lignes
. . export : "SYSMAN"."MGMT_PURGE_POLICY_GROUP"          6.148 KB       7 lignes
. . export : "SYSMAN"."MGMT_PURGE_POLICY_TARGET_STATE"   10.77 KB      36 lignes
. . export : "SYSMAN"."MGMT_REBUILD_INDEXES"             5.867 KB       1 lignes
. . export : "SYSMAN"."MGMT_ROLE_GRANTS"                 6.343 KB       1 lignes
. . export : "SYSMAN"."MGMT_ROLES"                       5.437 KB       1 lignes
. . export : "SYSMAN"."MGMT_ROWSET_HANDLERS"             7.195 KB      14 lignes
. . export : "SYSMAN"."MGMT_RT_BOOTSTRAP_TIMES"          5.585 KB       5 lignes
. . export : "SYSMAN"."MGMT_SNAPSHOT_METRIC_MAP"         19.13 KB     221 lignes
. . export : "SYSMAN"."MGMT_SPACE_METRICS"               8.414 KB       1 lignes
. . export : "SYSMAN"."MGMT_STRING_METRIC_HISTORY"       13.42 KB      91 lignes
. . export : "SYSMAN"."MGMT_SWLIB_DATA_DIRECTORIES"      5.507 KB       1 lignes
. . export : "SYSMAN"."MGMT_SWLIB_DIRECTORIES"           15.35 KB      88 lignes
. . export : "SYSMAN"."MGMT_SWLIB_ENTITY_PARAMETERS"     16.22 KB     180 lignes
. . export : "SYSMAN"."MGMT_SWLIB_ENTITY_REFERENCES"     8.242 KB       2 lignes
. . export : "SYSMAN"."MGMT_SWLIB_ENTITY_REVISIONS"      32.46 KB     182 lignes
. . export : "SYSMAN"."MGMT_SWLIB_MATURITY_STATUS"       5.554 KB       3 lignes
. . export : "SYSMAN"."MGMT_SYSTEM_ERROR_LOG"            8.429 KB       1 lignes
. . export : "SYSMAN"."MGMT_TARGET_ADD_CALLBACKS"        5.984 KB      13 lignes
. . export : "SYSMAN"."MGMT_TARGET_ASSOC_DEFS"           11.03 KB      15 lignes
. . export : "SYSMAN"."MGMT_TARGET_ASSOC_ERROR"          6.484 KB       4 lignes
. . export : "SYSMAN"."MGMT_TARGET_ASSOCS"               7.546 KB       6 lignes
. . export : "SYSMAN"."MGMT_TARGET_ASSOC_STATUS"         5.960 KB       4 lignes
. . export : "SYSMAN"."MGMT_TARGET_CREDENTIALS"          6.718 KB       1 lignes
. . export : "SYSMAN"."MGMT_TARGET_DELETE_EXCEPTIONS"    5.953 KB      35 lignes
. . export : "SYSMAN"."MGMT_TARGET_PROP_DEFS"            38.57 KB     288 lignes
. . export : "SYSMAN"."MGMT_TARGET_PROPERTIES"           16.99 KB     203 lignes
. . export : "SYSMAN"."MGMT_TARGET_ROLLUP_TIMES"         12.26 KB     130 lignes
. . export : "SYSMAN"."MGMT_TARGETS"                     16.59 KB       5 lignes
. . export : "SYSMAN"."MGMT_TARGET_TYPE_COMPONENT_MAP"   6.460 KB       5 lignes
. . export : "SYSMAN"."MGMT_TARGET_TYPES"                9.726 KB      28 lignes
. . export : "SYSMAN"."MGMT_TARGET_TYPE_VERSIONS"        11.93 KB      37 lignes
. . export : "SYSMAN"."MGMT_TASK_WORKER_COUNTS"          5.507 KB       2 lignes
. . export : "SYSMAN"."MGMT_TYPE_PROPERTIES"             8.585 KB      75 lignes
. . export : "SYSMAN"."MGMT_USER_CALLBACKS"              6.507 KB      27 lignes
. . export : "SYSMAN"."MGMT_USER_CAS"                    5.468 KB       2 lignes
. . export : "SYSMAN"."MGMT_USER_CONTEXT"                5.906 KB       4 lignes
. . export : "SYSMAN"."MGMT_USER_FOLDERS"                6.843 KB      24 lignes
. . export : "SYSMAN"."MGMT_USER_SUBTAB_COL_PREFS"       8.687 KB      41 lignes
. . export : "SYSMAN"."MGMT_VERSIONS"                    6.843 KB       5 lignes
. . export : "SYSMAN"."MGMT_VIEW_USER_CREDENTIALS"       5.523 KB       1 lignes
. . export : "SYSTEM"."DEF$_DESTINATION"                 13.57 KB       1 lignes
. . export : "SYSTEM"."REPCAT$_AUDIT_ATTRIBUTE"          6.335 KB       2 lignes
. . export : "SYSTEM"."REPCAT$_OBJECT_TYPES"             6.890 KB      28 lignes
. . export : "SYSTEM"."REPCAT$_RESOLUTION_METHOD"        5.843 KB      19 lignes
. . export : "SYSTEM"."REPCAT$_TEMPLATE_STATUS"          5.492 KB       3 lignes
. . export : "SYSTEM"."REPCAT$_TEMPLATE_TYPES"           6.296 KB       2 lignes
. . export : "TRANSFERT"."TR_CEBON"                      31.39 KB     126 lignes
. . export : "TRANSFERT"."TR_CEPSESSION_ARCH"            39.64 KB     478 lignes
. . export : "TRANSFERT"."TR_CETICKET_PROMO_ARCH"        6.757 KB       1 lignes
. . export : "TRANSFERT"."TR_CETICKETR_ARCH"             13.51 KB     170 lignes
. . export : "TRANSFERT"."TR_CP_ECR_LET"                 45.06 KB     200 lignes
. . export : "TRANSFERT"."TR_CP_ECR_LET_DET"             16.90 KB     112 lignes
. . export : "TRANSFERT"."TR_CP_ECR_SUPPR"               6.921 KB     114 lignes
. . export : "TRANSFERT"."TR_CP_HISTO_RGL"               36.26 KB     199 lignes
. . export : "TRANSFERT"."TR_GCBRDE_VTE"                 43.50 KB    1316 lignes
. . export : "XAPP_BI"."EUL5_ACCESS_PRIVS"               11.85 KB      28 lignes
. . export : "XAPP_BI"."EUL5_APP_PARAMS"                 10.64 KB      17 lignes
. . export : "XAPP_BI"."EUL5_BA_OBJ_LINKS"               16.34 KB     130 lignes
. . export : "XAPP_BI"."EUL5_BAS"                        10.09 KB       1 lignes
. . export : "XAPP_BI"."EUL5_DBH_NODES"                  11.59 KB       8 lignes
. . export : "XAPP_BI"."EUL5_DOC_FOLDERS"                10.62 KB       1 lignes
. . export : "XAPP_BI"."EUL5_EUL_USERS"                  14.53 KB       4 lignes
. . export : "XAPP_BI"."EUL5_EXP_DEPS"                   29.62 KB     296 lignes
. . export : "XAPP_BI"."EUL5_FREQ_UNITS"                 9.859 KB       6 lignes
. . export : "XAPP_BI"."EUL5_FUN_ARGUMENTS"              35.02 KB     326 lignes
. . export : "XAPP_BI"."EUL5_FUN_CTGS"                   11.15 KB      10 lignes
. . export : "XAPP_BI"."EUL5_FUNCTIONS"                  41.20 KB     278 lignes
. . export : "XAPP_BI"."EUL5_FUN_FC_LINKS"               21.53 KB     269 lignes
. . export : "XAPP_BI"."EUL5_GATEWAYS"                   11.01 KB       2 lignes
. . export : "XAPP_BI"."EUL5_HIERARCHIES"                13.36 KB       8 lignes
. . export : "XAPP_BI"."EUL5_HI_NODES"                   13.06 KB      30 lignes
. . export : "XAPP_BI"."EUL5_HI_SEGMENTS"                12.65 KB      30 lignes
. . export : "XAPP_BI"."EUL5_IG_EXP_LINKS"               12.06 KB      30 lignes
. . export : "XAPP_BI"."EUL5_KEY_CONS"                   33.62 KB     104 lignes
. . export : "XAPP_BI"."EUL5_QPP_STATS"                  52.44 KB      36 lignes
. . export : "XAPP_BI"."EUL5_SEGMENTS"                   34.27 KB      36 lignes
. . export : "XAPP_BI"."EUL5_SEQUENCES"                  5.937 KB       1 lignes
. . export : "XAPP_BI"."EUL5_VERSIONS"                   7.140 KB       1 lignes
. . export : "XCPTA"."CP_ECR_HUB"                        5.929 KB       5 lignes
. . export : "XCPTA"."CP_ECR_SUPPR_BKP_2025_03_20"       5.851 KB      29 lignes
. . export : "XCPTA"."CP_ETAT"                           8.328 KB       1 lignes
. . export : "XCPTA"."CP_ETAT_PARAM"                     12.85 KB       8 lignes
. . export : "XCPTA"."CP_ETAT_PARAM_CPT"                 9.937 KB       1 lignes
. . export : "XCPTA"."CP_EVA_DEF"                        8.375 KB       1 lignes
. . export : "XCPTA"."CP_FACTURE_RUBR_CPT"               28.48 KB     306 lignes
. . export : "XCPTA"."CP_PARBQE"                         10.32 KB       2 lignes
. . export : "XCPTA"."CP_RUBR_CPT"                       9.203 KB      12 lignes
. . export : "XCPTA"."CP_SCHEMA"                         7.554 KB       3 lignes
. . export : "XCPTA"."CP_SCHEMA_DETAIL"                  8.937 KB       8 lignes
. . export : "XCPTA"."CP_STOCK_DEV"                      11.46 KB      22 lignes
. . export : "XCPTA"."CP_STOCK_DEV_MVT"                  13.18 KB      87 lignes
. . export : "XCPTA"."CP_VA_DEF"                         8.734 KB       1 lignes
. . export : "APEX_030200"."WWV_FLOW_ACTIVITY_LOG1$"         0 KB       0 lignes
. . export : "APEX_030200"."WWV_FLOW_ACTIVITY_LOG2$"         0 KB       0 lignes
. . export : "APEX_030200"."WWV_FLOW_ALT_CONFIG_DETAIL"      0 KB       0 lignes
. . export : "APEX_030200"."WWV_FLOW_ALTERNATE_CONFIG"       0 KB       0 lignes
. . export : "APEX_030200"."WWV_FLOW_APP_BUILD_PREF"         0 KB       0 lignes
. . export : "APEX_030200"."WWV_FLOW_APP_COMMENTS"           0 KB       0 lignes
. . export : "APEX_030200"."WWV_FLOW_BUILDER_AUDIT_TRAIL"      0 KB       0 lignes
. . export : "APEX_030200"."WWV_FLOW_CLICKTHRU_LOG$"         0 KB       0 lignes
. . export : "APEX_030200"."WWV_FLOW_CLICKTHRU_LOG2$"        0 KB       0 lignes
. . export : "APEX_030200"."WWV_FLOW_COLLECTION_MEMBERS$"      0 KB       0 lignes
. . export : "APEX_030200"."WWV_FLOW_COLLECTIONS$"           0 KB       0 lignes
. . export : "APEX_030200"."WWV_FLOW_COMPOUND_CONDITIONS"      0 KB       0 lignes
. . export : "APEX_030200"."WWV_FLOW_CSS_REPOSITORY"         0 KB       0 lignes
. . export : "APEX_030200"."WWV_FLOW_CUSTOMIZED_TASKS"       0 KB       0 lignes
. . export : "APEX_030200"."WWV_FLOW_DATA"                   0 KB       0 lignes
. . export : "APEX_030200"."WWV_FLOW_DATA_LOAD_BAD_LOG"      0 KB       0 lignes
. . export : "APEX_030200"."WWV_FLOW_DATA_LOAD_UNLOAD"       0 KB       0 lignes
. . export : "APEX_030200"."WWV_FLOW_DEBUG"                  0 KB       0 lignes
. . export : "APEX_030200"."WWV_FLOW_DEVELOPERS"             0 KB       0 lignes
. . export : "APEX_030200"."WWV_FLOW_DYNAMIC_TRANSLATIONS$"      0 KB       0 lignes
. . export : "APEX_030200"."WWV_FLOW_EFFECTIVE_USERID_MAP"      0 KB       0 lignes
. . export : "APEX_030200"."WWV_FLOW_ENTRY_POINT_ARGS"       0 KB       0 lignes
. . export : "APEX_030200"."WWV_FLOW_ENTRY_POINTS"           0 KB       0 lignes
. . export : "APEX_030200"."WWV_FLOW_FILE_OBJECTS$PART"      0 KB       0 lignes
. . export : "APEX_030200"."WWV_FLOW_FND_GROUP_USERS"        0 KB       0 lignes
. . export : "APEX_030200"."WWV_FLOW_FND_USER_GROUPS"        0 KB       0 lignes
. . export : "APEX_030200"."WWV_FLOW_FOLDERS"                0 KB       0 lignes
. . export : "APEX_030200"."WWV_FLOW_HNT_ARGUMENT_INFO"      0 KB       0 lignes
. . export : "APEX_030200"."WWV_FLOW_HNT_LOV_DATA"           0 KB       0 lignes
. . export : "APEX_030200"."WWV_FLOW_HNT_PROCEDURE_INFO"      0 KB       0 lignes
. . export : "APEX_030200"."WWV_FLOW_HTML_REPOSITORY"        0 KB       0 lignes
. . export : "APEX_030200"."WWV_FLOW_ICON_BAR_ATTRIBUTES"      0 KB       0 lignes
. . export : "APEX_030200"."WWV_FLOW_IMAGE_REPOSITORY"       0 KB       0 lignes
. . export : "APEX_030200"."WWV_FLOW_IMPORT_EXPORT"          0 KB       0 lignes
. . export : "APEX_030200"."WWV_FLOW_INSTALL_BUILD_OPT"      0 KB       0 lignes
. . export : "APEX_030200"."WWV_FLOW_INSTALL_CHECKS"         0 KB       0 lignes
. . export : "APEX_030200"."WWV_FLOW_INSTALL_SCRIPTS"        0 KB       0 lignes
. . export : "APEX_030200"."WWV_FLOW_JOB_BIND_VALUES"        0 KB       0 lignes
. . export : "APEX_030200"."WWV_FLOW_JOBS"                   0 KB       0 lignes
. . export : "APEX_030200"."WWV_FLOW_LOCK_PAGE"              0 KB       0 lignes
. . export : "APEX_030200"."WWV_FLOW_LOCK_PAGE_LOG"          0 KB       0 lignes
. . export : "APEX_030200"."WWV_FLOW_MAIL_ATTACHMENTS"       0 KB       0 lignes
. . export : "APEX_030200"."WWV_FLOW_MAIL_LOG"               0 KB       0 lignes
. . export : "APEX_030200"."WWV_FLOW_MAIL_QUEUE"             0 KB       0 lignes
. . export : "APEX_030200"."WWV_FLOW_MODEL_PAGE_COLS"        0 KB       0 lignes
. . export : "APEX_030200"."WWV_FLOW_MODEL_PAGE_REGIONS"      0 KB       0 lignes
. . export : "APEX_030200"."WWV_FLOW_MODEL_PAGES"            0 KB       0 lignes
. . export : "APEX_030200"."WWV_FLOW_MODELS"                 0 KB       0 lignes
. . export : "APEX_030200"."WWV_FLOW_ONLINE_HELP"            0 KB       0 lignes
. . export : "APEX_030200"."WWV_FLOW_ONLINE_HELP_JA"         0 KB       0 lignes
. . export : "APEX_030200"."WWV_FLOW_PAGE_CACHE"             0 KB       0 lignes
. . export : "APEX_030200"."WWV_FLOW_PAGES_RESERVED"         0 KB       0 lignes
. . export : "APEX_030200"."WWV_FLOW_PAGE_SUBMISSIONS"       0 KB       0 lignes
. . export : "APEX_030200"."WWV_FLOW_PICK_DATABASE_SIZE"      0 KB       0 lignes
. . export : "APEX_030200"."WWV_FLOW_PLATFORM_PREF"          0 KB       0 lignes
. . export : "APEX_030200"."WWV_FLOW_PREFERENCES$"           0 KB       0 lignes
. . export : "APEX_030200"."WWV_FLOW_PROVISION_COMPANY"      0 KB       0 lignes
. . export : "APEX_030200"."WWV_FLOW_PROVISION_SERICE_MOD"      0 KB       0 lignes
. . export : "APEX_030200"."WWV_FLOW_PURGED_SESSIONS$"       0 KB       0 lignes
. . export : "APEX_030200"."WWV_FLOW_QB_SAVED_COND"          0 KB       0 lignes
. . export : "APEX_030200"."WWV_FLOW_QB_SAVED_JOIN"          0 KB       0 lignes
. . export : "APEX_030200"."WWV_FLOW_QB_SAVED_QUERY"         0 KB       0 lignes
. . export : "APEX_030200"."WWV_FLOW_QB_SAVED_TABS"          0 KB       0 lignes
. . export : "APEX_030200"."WWV_FLOW_REGION_CHART_SER_ATTR"      0 KB       0 lignes
. . export : "APEX_030200"."WWV_FLOW_REGION_REPORT_FILTER"      0 KB       0 lignes
. . export : "APEX_030200"."WWV_FLOW_REPORT_LAYOUTS"         0 KB       0 lignes
. . export : "APEX_030200"."WWV_FLOW_REQUEST_VERIFICATIONS"      0 KB       0 lignes
. . export : "APEX_030200"."WWV_FLOW_REQUIRED_ROLES"         0 KB       0 lignes
. . export : "APEX_030200"."WWV_FLOW_RSCHEMA_EXCEPTIONS"      0 KB       0 lignes
. . export : "APEX_030200"."WWV_FLOW_SC_TRANS"               0 KB       0 lignes
. . export : "APEX_030200"."WWV_FLOW_SESSIONS$"              0 KB       0 lignes
. . export : "APEX_030200"."WWV_FLOW_SHARED_QRY_SQL_STMTS"      0 KB       0 lignes
. . export : "APEX_030200"."WWV_FLOW_SHARED_QUERIES"         0 KB       0 lignes
. . export : "APEX_030200"."WWV_FLOW_SHARED_WEB_SERVICES"      0 KB       0 lignes
. . export : "APEX_030200"."WWV_FLOW_SHORTCUT_USAGE_MAP"      0 KB       0 lignes
. . export : "APEX_030200"."WWV_FLOWS_RESERVED"              0 KB       0 lignes
. . export : "APEX_030200"."WWV_FLOW_STEP_BRANCH_ARGS"       0 KB       0 lignes
. . export : "APEX_030200"."WWV_FLOW_SW_BINDS"               0 KB       0 lignes
. . export : "APEX_030200"."WWV_FLOW_SW_DETAIL_RESULTS"      0 KB       0 lignes
. . export : "APEX_030200"."WWV_FLOW_SW_RESULTS"             0 KB       0 lignes
. . export : "APEX_030200"."WWV_FLOW_SW_SQL_CMDS"            0 KB       0 lignes
. . export : "APEX_030200"."WWV_FLOW_SW_STMTS"               0 KB       0 lignes
. . export : "APEX_030200"."WWV_FLOW_TEMPLATE_PREFERENCES"      0 KB       0 lignes
. . export : "APEX_030200"."WWV_FLOW_TEMPLATES$"             0 KB       0 lignes
. . export : "APEX_030200"."WWV_FLOW_TEMPLATE_THEMES$"       0 KB       0 lignes
. . export : "APEX_030200"."WWV_FLOW_TRANSLATABLE_TEXT$"      0 KB       0 lignes
. . export : "APEX_030200"."WWV_FLOW_TREE_STATE"             0 KB       0 lignes
. . export : "APEX_030200"."WWV_FLOW_UPG_COL_NAME_CHANGES"      0 KB       0 lignes
. . export : "APEX_030200"."WWV_FLOW_USER_ACCESS_LOG1$"      0 KB       0 lignes
. . export : "APEX_030200"."WWV_FLOW_USER_ACCESS_LOG2$"      0 KB       0 lignes
. . export : "APEX_030200"."WWV_FLOW_VERSION$"               0 KB       0 lignes
. . export : "APEX_030200"."WWV_FLOW_WEB_PAGES"              0 KB       0 lignes
. . export : "APEX_030200"."WWV_FLOW_WEB_PG_LIST_ENTRIES"      0 KB       0 lignes
. . export : "APEX_030200"."WWV_FLOW_WEB_PG_REGIONS"         0 KB       0 lignes
. . export : "APEX_030200"."WWV_FLOW_WORKSHEET_CATEGORIES"      0 KB       0 lignes
. . export : "APEX_030200"."WWV_FLOW_WORKSHEET_COL_GROUPS"      0 KB       0 lignes
. . export : "APEX_030200"."WWV_FLOW_WORKSHEET_COMPUTATION"      0 KB       0 lignes
. . export : "APEX_030200"."WWV_FLOW_WORKSHEET_CONDITIONS"      0 KB       0 lignes
. . export : "APEX_030200"."WWV_FLOW_WORKSHEET_DOCS"         0 KB       0 lignes
. . export : "APEX_030200"."WWV_FLOW_WORKSHEET_GEOCACHE"      0 KB       0 lignes
. . export : "APEX_030200"."WWV_FLOW_WORKSHEET_HISTORY"      0 KB       0 lignes
. . export : "APEX_030200"."WWV_FLOW_WORKSHEET_LINKS"        0 KB       0 lignes
. . export : "APEX_030200"."WWV_FLOW_WORKSHEET_LOV_ENTRIES"      0 KB       0 lignes
. . export : "APEX_030200"."WWV_FLOW_WORKSHEET_LOVS"         0 KB       0 lignes
. . export : "APEX_030200"."WWV_FLOW_WORKSHEET_PRIVS"        0 KB       0 lignes
. . export : "APEX_030200"."WWV_FLOW_WORKSHEET_ROWS"         0 KB       0 lignes
. . export : "APEX_030200"."WWV_FLOW_WORKSHEET_STICK"        0 KB       0 lignes
. . export : "APEX_030200"."WWV_FLOW_WS_OPERATIONS"          0 KB       0 lignes
. . export : "APEX_030200"."WWV_FLOW_WS_PARAMETERS"          0 KB       0 lignes
. . export : "APEX_030200"."WWV_FLOW_WS_PROCESS_PARMS_MAP"      0 KB       0 lignes
. . export : "APEX_030200"."WWV_MIG_ACC_COLUMNS"             0 KB       0 lignes
. . export : "APEX_030200"."WWV_MIG_ACCESS"                  0 KB       0 lignes
. . export : "APEX_030200"."WWV_MIG_ACC_FORMS"               0 KB       0 lignes
. . export : "APEX_030200"."WWV_MIG_ACC_FORMS_CONTROLS"      0 KB       0 lignes
. . export : "APEX_030200"."WWV_MIG_ACC_FORMS_MODULES"       0 KB       0 lignes
. . export : "APEX_030200"."WWV_MIG_ACC_FORMS_PERM"          0 KB       0 lignes
. . export : "APEX_030200"."WWV_MIG_ACC_GROUPS"              0 KB       0 lignes
. . export : "APEX_030200"."WWV_MIG_ACC_GRPSMEMBERS"         0 KB       0 lignes
. . export : "APEX_030200"."WWV_MIG_ACC_INDEXES"             0 KB       0 lignes
. . export : "APEX_030200"."WWV_MIG_ACC_INDEXES_COLS"        0 KB       0 lignes
. . export : "APEX_030200"."WWV_MIG_ACC_MODULES"             0 KB       0 lignes
. . export : "APEX_030200"."WWV_MIG_ACC_MODULES_PERM"        0 KB       0 lignes
. . export : "APEX_030200"."WWV_MIG_ACC_PAGES"               0 KB       0 lignes
. . export : "APEX_030200"."WWV_MIG_ACC_QUERIES"             0 KB       0 lignes
. . export : "APEX_030200"."WWV_MIG_ACC_RELATION_COLS"       0 KB       0 lignes
. . export : "APEX_030200"."WWV_MIG_ACC_RELATIONS"           0 KB       0 lignes
. . export : "APEX_030200"."WWV_MIG_ACC_REPORTS"             0 KB       0 lignes
. . export : "APEX_030200"."WWV_MIG_ACC_RPT_PERMS"           0 KB       0 lignes
. . export : "APEX_030200"."WWV_MIG_ACC_RPTS_CONTROLS"       0 KB       0 lignes
. . export : "APEX_030200"."WWV_MIG_ACC_RPTS_MODULES"        0 KB       0 lignes
. . export : "APEX_030200"."WWV_MIG_ACC_TABLES"              0 KB       0 lignes
. . export : "APEX_030200"."WWV_MIG_ACC_TAB_PERM"            0 KB       0 lignes
. . export : "APEX_030200"."WWV_MIG_ACC_USERS"               0 KB       0 lignes
. . export : "APEX_030200"."WWV_MIG_FORMS"                   0 KB       0 lignes
. . export : "APEX_030200"."WWV_MIG_FRM_ALERTS"              0 KB       0 lignes
. . export : "APEX_030200"."WWV_MIG_FRM_ATTACHEDLIBRARY"      0 KB       0 lignes
. . export : "APEX_030200"."WWV_MIG_FRM_BLK_DSA"             0 KB       0 lignes
. . export : "APEX_030200"."WWV_MIG_FRM_BLK_DSC"             0 KB       0 lignes
. . export : "APEX_030200"."WWV_MIG_FRM_BLK_ITEM_LIE"        0 KB       0 lignes
. . export : "APEX_030200"."WWV_MIG_FRM_BLK_ITEM_RADIO"      0 KB       0 lignes
. . export : "APEX_030200"."WWV_MIG_FRM_BLK_ITEMS"           0 KB       0 lignes
. . export : "APEX_030200"."WWV_MIG_FRM_BLK_ITEM_TRIGGERS"      0 KB       0 lignes
. . export : "APEX_030200"."WWV_MIG_FRM_BLK_RELATIONS"       0 KB       0 lignes
. . export : "APEX_030200"."WWV_MIG_FRM_BLK_TRIGGERS"        0 KB       0 lignes
. . export : "APEX_030200"."WWV_MIG_FRM_BLOCKS"              0 KB       0 lignes
. . export : "APEX_030200"."WWV_MIG_FRM_CANVAS"              0 KB       0 lignes
. . export : "APEX_030200"."WWV_MIG_FRM_CNVG_COMPOUNDTEXT"      0 KB       0 lignes
. . export : "APEX_030200"."WWV_MIG_FRM_CNVS_GRAPHICS"       0 KB       0 lignes
. . export : "APEX_030200"."WWV_MIG_FRM_CNVS_TABPAGE"        0 KB       0 lignes
. . export : "APEX_030200"."WWV_MIG_FRM_COORDINATES"         0 KB       0 lignes
. . export : "APEX_030200"."WWV_MIG_FRM_CPDTXT_TEXTSEGMENT"      0 KB       0 lignes
. . export : "APEX_030200"."WWV_MIG_FRM_EDITOR"              0 KB       0 lignes
. . export : "APEX_030200"."WWV_MIG_FRM_FMB_MENU"            0 KB       0 lignes
. . export : "APEX_030200"."WWV_MIG_FRM_FMB_MENUITEM_ROLE"      0 KB       0 lignes
. . export : "APEX_030200"."WWV_MIG_FRM_FMB_MENU_MENUITEM"      0 KB       0 lignes
. . export : "APEX_030200"."WWV_MIG_FRM_FORMMODULES"         0 KB       0 lignes
. . export : "APEX_030200"."WWV_MIG_FRM_LOV"                 0 KB       0 lignes
. . export : "APEX_030200"."WWV_MIG_FRM_LOVCOLUMNMAPPING"      0 KB       0 lignes
. . export : "APEX_030200"."WWV_MIG_FRM_MENU"                0 KB       0 lignes
. . export : "APEX_030200"."WWV_MIG_FRM_MENUITEM_ROLE"       0 KB       0 lignes
. . export : "APEX_030200"."WWV_MIG_FRM_MENU_MENUITEM"       0 KB       0 lignes
. . export : "APEX_030200"."WWV_MIG_FRM_MENUS"               0 KB       0 lignes
. . export : "APEX_030200"."WWV_MIG_FRM_MENUS_MENUMODULES"      0 KB       0 lignes
. . export : "APEX_030200"."WWV_MIG_FRM_MENUSMODULEROLES"      0 KB       0 lignes
. . export : "APEX_030200"."WWV_MIG_FRM_MENUS_MODULES"       0 KB       0 lignes
. . export : "APEX_030200"."WWV_MIG_FRM_MENUS_PROGRAMUNIT"      0 KB       0 lignes
. . export : "APEX_030200"."WWV_MIG_FRM_MODULEPARAMETER"      0 KB       0 lignes
. . export : "APEX_030200"."WWV_MIG_FRM_MODULES"             0 KB       0 lignes
. . export : "APEX_030200"."WWV_MIG_FRM_OBJECTGROUP"         0 KB       0 lignes
. . export : "APEX_030200"."WWV_MIG_FRM_OBJECTGROUPCHILD"      0 KB       0 lignes
. . export : "APEX_030200"."WWV_MIG_FRM_PROGRAMUNIT"         0 KB       0 lignes
. . export : "APEX_030200"."WWV_MIG_FRM_PROPERTYCLASS"       0 KB       0 lignes
. . export : "APEX_030200"."WWV_MIG_FRM_RECORDGROUPCOLUMN"      0 KB       0 lignes
. . export : "APEX_030200"."WWV_MIG_FRM_RECORDGROUPS"        0 KB       0 lignes
. . export : "APEX_030200"."WWV_MIG_FRM_REPORT"              0 KB       0 lignes
. . export : "APEX_030200"."WWV_MIG_FRM_REV_APEX_APP"        0 KB       0 lignes
. . export : "APEX_030200"."WWV_MIG_FRM_REV_BLK_ITEMS"       0 KB       0 lignes
. . export : "APEX_030200"."WWV_MIG_FRM_REV_BLOCKS"          0 KB       0 lignes
. . export : "APEX_030200"."WWV_MIG_FRM_REV_FORMMODULES"      0 KB       0 lignes
. . export : "APEX_030200"."WWV_MIG_FRM_REV_LOV"             0 KB       0 lignes
. . export : "APEX_030200"."WWV_MIG_FRM_REV_LOVCOLMAPS"      0 KB       0 lignes
. . export : "APEX_030200"."WWV_MIG_FRM_TRIGGERS"            0 KB       0 lignes
. . export : "APEX_030200"."WWV_MIG_FRM_VISUALATTRIBUTES"      0 KB       0 lignes
. . export : "APEX_030200"."WWV_MIG_FRM_WINDOWS"             0 KB       0 lignes
. . export : "APEX_030200"."WWV_MIG_GENERATED_APPLICATIONS"      0 KB       0 lignes
. . export : "APEX_030200"."WWV_MIG_OLB"                     0 KB       0 lignes
. . export : "APEX_030200"."WWV_MIG_OLB_BLK_DATASOURCECOL"      0 KB       0 lignes
. . export : "APEX_030200"."WWV_MIG_OLB_BLK_ITEM"            0 KB       0 lignes
. . export : "APEX_030200"."WWV_MIG_OLB_BLK_ITEM_LIE"        0 KB       0 lignes
. . export : "APEX_030200"."WWV_MIG_OLB_BLK_ITEM_TRIGGER"      0 KB       0 lignes
. . export : "APEX_030200"."WWV_MIG_OLB_BLK_TRIGGER"         0 KB       0 lignes
. . export : "APEX_030200"."WWV_MIG_OLB_BLOCK"               0 KB       0 lignes
. . export : "APEX_030200"."WWV_MIG_OLB_CANVAS"              0 KB       0 lignes
. . export : "APEX_030200"."WWV_MIG_OLB_CG_COMPOUNDTEXT"      0 KB       0 lignes
. . export : "APEX_030200"."WWV_MIG_OLB_CG_CT_TEXTSEGMENT"      0 KB       0 lignes
. . export : "APEX_030200"."WWV_MIG_OLB_CNVS_GRAPHICS"       0 KB       0 lignes
. . export : "APEX_030200"."WWV_MIG_OLB_MODULES"             0 KB       0 lignes
. . export : "APEX_030200"."WWV_MIG_OLB_OBJECTLIBRARY"       0 KB       0 lignes
. . export : "APEX_030200"."WWV_MIG_OLB_OBJECTLIBRARYTAB"      0 KB       0 lignes
. . export : "APEX_030200"."WWV_MIG_OLB_OLT_ALERT"           0 KB       0 lignes
. . export : "APEX_030200"."WWV_MIG_OLB_OLT_BLK_ITEM"        0 KB       0 lignes
. . export : "APEX_030200"."WWV_MIG_OLB_OLT_BLK_ITEM_TRIGR"      0 KB       0 lignes
. . export : "APEX_030200"."WWV_MIG_OLB_OLT_BLOCK"           0 KB       0 lignes
. . export : "APEX_030200"."WWV_MIG_OLB_OLT_CANVAS"          0 KB       0 lignes
. . export : "APEX_030200"."WWV_MIG_OLB_OLT_CNVS_GRAPHICS"      0 KB       0 lignes
. . export : "APEX_030200"."WWV_MIG_OLB_OLT_GRAPHICS"        0 KB       0 lignes
. . export : "APEX_030200"."WWV_MIG_OLB_OLT_ITEM"            0 KB       0 lignes
. . export : "APEX_030200"."WWV_MIG_OLB_OLT_MENU"            0 KB       0 lignes
. . export : "APEX_030200"."WWV_MIG_OLB_OLT_MENU_MENUITEM"      0 KB       0 lignes
. . export : "APEX_030200"."WWV_MIG_OLB_OLT_OBJECTGROUP"      0 KB       0 lignes
. . export : "APEX_030200"."WWV_MIG_OLB_OLT_OB_OBJGRPCHILD"      0 KB       0 lignes
. . export : "APEX_030200"."WWV_MIG_OLB_OLT_REPORT"          0 KB       0 lignes
. . export : "APEX_030200"."WWV_MIG_OLB_OLT_TABPAGE"         0 KB       0 lignes
. . export : "APEX_030200"."WWV_MIG_OLB_OLT_TABPG_GRAPHICS"      0 KB       0 lignes
. . export : "APEX_030200"."WWV_MIG_OLB_OLT_VISUALATTRBUTE"      0 KB       0 lignes
. . export : "APEX_030200"."WWV_MIG_OLB_OLT_WINDOW"          0 KB       0 lignes
. . export : "APEX_030200"."WWV_MIG_OLB_PROGRAMUNIT"         0 KB       0 lignes
. . export : "APEX_030200"."WWV_MIG_OLB_PROPERTYCLASS"       0 KB       0 lignes
. . export : "APEX_030200"."WWV_MIG_OLB_T_TP_GG_CPDTXT"      0 KB       0 lignes
. . export : "APEX_030200"."WWV_MIG_OLB_T_TP_GG_CT_TXTSGT"      0 KB       0 lignes
. . export : "APEX_030200"."WWV_MIG_OLB_T_TP_GGG_CPDTXT"      0 KB       0 lignes
. . export : "APEX_030200"."WWV_MIG_OLB_T_TP_GGG_CT_TXTSGT"      0 KB       0 lignes
. . export : "APEX_030200"."WWV_MIG_OLB_T_TP_GGGG_CPDTXT"      0 KB       0 lignes
. . export : "APEX_030200"."WWV_MIG_OLB_T_TP_GGGG_CT_TXSGT"      0 KB       0 lignes
. . export : "APEX_030200"."WWV_MIG_OLB_T_TP_GGGGG_CPDTXT"      0 KB       0 lignes
. . export : "APEX_030200"."WWV_MIG_OLB_T_TP_GGGGG_CT_TXST"      0 KB       0 lignes
. . export : "APEX_030200"."WWV_MIG_OLB_T_TP_GGGG_GRAPHICS"      0 KB       0 lignes
. . export : "APEX_030200"."WWV_MIG_OLB_T_TP_GGG_GRAPHICS"      0 KB       0 lignes
. . export : "APEX_030200"."WWV_MIG_OLB_T_TP_GG_GRAPHICS"      0 KB       0 lignes
. . export : "APEX_030200"."WWV_MIG_OLB_T_TP_G_GRAPHICS"      0 KB       0 lignes
. . export : "APEX_030200"."WWV_MIG_OLB_VISUALATTRIBUTE"      0 KB       0 lignes
. . export : "APEX_030200"."WWV_MIG_OLB_WINDOW"              0 KB       0 lignes
. . export : "APEX_030200"."WWV_MIG_PLSQL_LIBS"              0 KB       0 lignes
. . export : "APEX_030200"."WWV_MIG_PROJECT_COMPONENTS"      0 KB       0 lignes
. . export : "APEX_030200"."WWV_MIG_PROJECTS"                0 KB       0 lignes
. . export : "APEX_030200"."WWV_MIG_PROJECT_TRIGGERS"        0 KB       0 lignes
. . export : "APEX_030200"."WWV_MIG_REPORT"                  0 KB       0 lignes
. . export : "APEX_030200"."WWV_MIG_REV_APEXAPP"             0 KB       0 lignes
. . export : "APEX_030200"."WWV_MIG_REV_FORMS"               0 KB       0 lignes
. . export : "APEX_030200"."WWV_MIG_REV_QUERIES"             0 KB       0 lignes
. . export : "APEX_030200"."WWV_MIG_REV_REPORTS"             0 KB       0 lignes
. . export : "APEX_030200"."WWV_MIG_REV_TABLES"              0 KB       0 lignes
. . export : "APEX_030200"."WWV_MIG_RPT_DATA"                0 KB       0 lignes
. . export : "APEX_030200"."WWV_MIG_RPT_DATASRC"             0 KB       0 lignes
. . export : "APEX_030200"."WWV_MIG_RPT_DATASRC_GRP"         0 KB       0 lignes
. . export : "APEX_030200"."WWV_MIG_RPT_DATASRC_SELECT"      0 KB       0 lignes
. . export : "APEX_030200"."WWV_MIG_RPT_DATA_SUMMARY"        0 KB       0 lignes
. . export : "APEX_030200"."WWV_MIG_RPT_GRP_DATAITEM"        0 KB       0 lignes
. . export : "APEX_030200"."WWV_MIG_RPT_GRP_DATAITEM_DESC"      0 KB       0 lignes
. . export : "APEX_030200"."WWV_MIG_RPT_GRP_DATAITEM_PRIV"      0 KB       0 lignes
. . export : "APEX_030200"."WWV_MIG_RPT_GRP_FIELD"           0 KB       0 lignes
. . export : "APEX_030200"."WWV_MIG_RPT_GRP_FILTER"          0 KB       0 lignes
. . export : "APEX_030200"."WWV_MIG_RPT_GRP_FORMULA"         0 KB       0 lignes
. . export : "APEX_030200"."WWV_MIG_RPT_GRP_ROWDELIM"        0 KB       0 lignes
. . export : "APEX_030200"."WWV_MIG_RPT_GRP_SUMMARY"         0 KB       0 lignes
. . export : "APEX_030200"."WWV_MIG_RPT_REPORTPRIVATE"       0 KB       0 lignes
. . export : "APEX_030200"."WWV_MIG_RPTS"                    0 KB       0 lignes
. . export : "CAISSE"."CECFLOT"                              0 KB       0 lignes
. . export : "CAISSE"."CEPCAISSE_ART"                        0 KB       0 lignes
. . export : "CAISSE"."CEPCFPROMO"                           0 KB       0 lignes
. . export : "CAISSE"."CEPCFPROMO_ART"                       0 KB       0 lignes
. . export : "CAISSE"."CEPCFPROMO_HR"                        0 KB       0 lignes
. . export : "CAISSE"."CEPSESSION_BILL"                      0 KB       0 lignes
. . export : "CAISSE"."CETICKETD_DIFF"                       0 KB       0 lignes
. . export : "CAISSE"."CETICKET_DIFF"                        0 KB       0 lignes
. . export : "CAISSE"."CFID_STATUT_RULE"                     0 KB       0 lignes
. . export : "CAISSE"."CHAINED_ROWS"                         0 KB       0 lignes
. . export : "CAISSE"."GCBRDD_IMP"                           0 KB       0 lignes
. . export : "CAISSE"."GCBRDD_LOT_QUEUE"                     0 KB       0 lignes
. . export : "CAISSE"."GCBRDD_MS"                            0 KB       0 lignes
. . export : "CAISSE"."GCBRDD_NSERIE"                        0 KB       0 lignes
. . export : "CAISSE"."GCBRDD_PROMO_QUEUE"                   0 KB       0 lignes
. . export : "CAISSE"."GCBRDD_QUEUE"                         0 KB       0 lignes
. . export : "CAISSE"."GCBRDD_RECF"                          0 KB       0 lignes
. . export : "CAISSE"."GCBRDD_RECF_PV"                       0 KB       0 lignes
. . export : "CAISSE"."GCBRDD_REMFOURN"                      0 KB       0 lignes
. . export : "CAISSE"."GCBRDE_AVCE_LETTRAGE"                 0 KB       0 lignes
. . export : "CAISSE"."GCBRDE_BON_CHARG"                     0 KB       0 lignes
. . export : "CAISSE"."GCBRDE_CDEC"                          0 KB       0 lignes
. . export : "CAISSE"."GCBRDE_CDEF"                          0 KB       0 lignes
. . export : "CAISSE"."GCBRDE_CDEF_SGS"                      0 KB       0 lignes
. . export : "CAISSE"."GCBRDE_DDE"                           0 KB       0 lignes
. . export : "CAISSE"."GCBRDE_DOCS"                          0 KB       0 lignes
. . export : "CAISSE"."GCBRDE_IMP"                           0 KB       0 lignes
. . export : "CAISSE"."GCBRDE_MS"                            0 KB       0 lignes
. . export : "CAISSE"."GCBRDE_MS_CTNER"                      0 KB       0 lignes
. . export : "CAISSE"."GCBRDE_PROFORMA"                      0 KB       0 lignes
. . export : "CAISSE"."GCBRDE_QUEUE"                         0 KB       0 lignes
. . export : "CAISSE"."GCBRDE_RECF"                          0 KB       0 lignes
. . export : "CAISSE"."GCBRDE_RECF_FACT"                     0 KB       0 lignes
. . export : "CAISSE"."GCBRDE_RECF_FACTF"                    0 KB       0 lignes
. . export : "CAISSE"."GCBRDE_RECF_FACT_FAP"                 0 KB       0 lignes
. . export : "CAISSE"."GCBRDE_RECF_FAP"                      0 KB       0 lignes
. . export : "CAISSE"."GCBRDE_RISTOURNE"                     0 KB       0 lignes
. . export : "CAISSE"."GCBRDE_VTE_QUEUE"                     0 KB       0 lignes
. . export : "CAISSE"."GCBRDE_VTRSF"                         0 KB       0 lignes
. . export : "CAISSE"."GCEXPEDITION_CF_DOCS"                 0 KB       0 lignes
. . export : "CAISSE"."GCEXPEDITION_CF_FACT"                 0 KB       0 lignes
. . export : "CAISSE"."GCEXPEDITION_CF_FACT_FAP"             0 KB       0 lignes
. . export : "CAISSE"."GCEXPEDITION_CF_ITEM"                 0 KB       0 lignes
. . export : "CAISSE"."GCLOGC_DATES"                         0 KB       0 lignes
. . export : "CAISSE"."GCLOGC_DEP"                           0 KB       0 lignes
. . export : "CAISSE"."GCLOGC_QTE"                           0 KB       0 lignes
. . export : "CAISSE"."GCPART_EQUI"                          0 KB       0 lignes
. . export : "CAISSE"."GCPART_MOY_CONSO"                     0 KB       0 lignes
. . export : "CAISSE"."GCPART_PHOTO"                         0 KB       0 lignes
. . export : "CAISSE"."GCPART_PTVTE_PROMO"                   0 KB       0 lignes
. . export : "CAISSE"."GCPART_REAPPRO"                       0 KB       0 lignes
. . export : "CAISSE"."GCPART_RVALS"                         0 KB       0 lignes
. . export : "CAISSE"."GCPART_RVALS_AUTO"                    0 KB       0 lignes
. . export : "CAISSE"."GCPCPTACH"                            0 KB       0 lignes
. . export : "CAISSE"."GCPCPTVTE"                            0 KB       0 lignes
. . export : "CAISSE"."GCPDEP_AUTH_PC"                       0 KB       0 lignes
. . export : "CAISSE"."GCPDEPT"                              0 KB       0 lignes
. . export : "CAISSE"."GCPFAP_BAREME"                        0 KB       0 lignes
. . export : "CAISSE"."GC_PFI_QUEUE"                         0 KB       0 lignes
. . export : "CAISSE"."GCPFRNART_REP"                        0 KB       0 lignes
. . export : "CAISSE"."GCPGART"                              0 KB       0 lignes
. . export : "CAISSE"."GCPPALIER"                            0 KB       0 lignes
. . export : "CAISSE"."GCPPALIER_ART"                        0 KB       0 lignes
. . export : "CAISSE"."GCPPALIER_PTVTE"                      0 KB       0 lignes
. . export : "CAISSE"."GCPPALIER_QTE"                        0 KB       0 lignes
. . export : "CAISSE"."GCPPOSDOUA"                           0 KB       0 lignes
. . export : "CAISSE"."GCPRECETTE"                           0 KB       0 lignes
. . export : "CAISSE"."GCPRECETTE_DETAIL"                    0 KB       0 lignes
. . export : "CAISSE"."GCPRECETTE_PR"                        0 KB       0 lignes
. . export : "CAISSE"."GCPRECETTE_PR_DETAIL"                 0 KB       0 lignes
. . export : "CAISSE"."GCPREMISE_PLAF"                       0 KB       0 lignes
. . export : "CAISSE"."GCPREMTIE"                            0 KB       0 lignes
. . export : "CAISSE"."GCPRINT_LOG"                          0 KB       0 lignes
. . export : "CAISSE"."GCPRINT_RESTRICT"                     0 KB       0 lignes
. . export : "CAISSE"."GCPRINT_RULE"                         0 KB       0 lignes
. . export : "CAISSE"."GCPROMO_PTVTE"                        0 KB       0 lignes
. . export : "CAISSE"."GCPSSCLS"                             0 KB       0 lignes
. . export : "CAISSE"."GCPTARIF_NATA"                        0 KB       0 lignes
. . export : "CAISSE"."GCPTBRD_DEPOT"                        0 KB       0 lignes
. . export : "CAISSE"."GCPTBRD_ETAB"                         0 KB       0 lignes
. . export : "CAISSE"."GCPTBRD_STATUT"                       0 KB       0 lignes
. . export : "CAISSE"."GCPTIE_ADR"                           0 KB       0 lignes
. . export : "CAISSE"."GCPTIE_BQE"                           0 KB       0 lignes
. . export : "CAISSE"."GCPTIE_REM"                           0 KB       0 lignes
. . export : "CAISSE"."GCPTIE_REMISE"                        0 KB       0 lignes
. . export : "CAISSE"."GCREMFOURN"                           0 KB       0 lignes
. . export : "CAISSE"."GCRGLD"                               0 KB       0 lignes
. . export : "CAISSE"."GCRGLE"                               0 KB       0 lignes
. . export : "CAISSE"."GCSTOCK_STATUT"                       0 KB       0 lignes
. . export : "CAISSE"."GC_T_KSFA2ERP_LOG"                    0 KB       0 lignes
. . export : "CASH"."CAICAISSE"                              0 KB       0 lignes
. . export : "CASH"."CAIJOURNAL_BILL"                        0 KB       0 lignes
. . export : "CASH"."CAIMVT"                                 0 KB       0 lignes
. . export : "CASH"."CAIMVT_IMP"                             0 KB       0 lignes
. . export : "CASH"."CAIMVT_LETTRAGE"                        0 KB       0 lignes
. . export : "FLOWS_FILES"."WWV_FLOW_FILE_OBJECTS$"          0 KB       0 lignes
. . export : "KERNEL"."GCPART_BARRE_PNS"                     0 KB       0 lignes
. . export : "KERNEL"."GCPART_PNS"                           0 KB       0 lignes
. . export : "KERNEL"."GCPART_RDP"                           0 KB       0 lignes
. . export : "KERNEL"."MV_CEPSESSION"                        0 KB       0 lignes
. . export : "KERNEL"."MV_GCBRDD_NUMLIG"                     0 KB       0 lignes
. . export : "KERNEL"."MV_GCBRDE_IDBRD"                      0 KB       0 lignes
. . export : "KERNEL"."MV_GCFUART_LOG"                       0 KB       0 lignes
. . export : "KERNEL"."MV_GCPART"                            0 KB       0 lignes
. . export : "KERNEL"."TT"                                   0 KB       0 lignes
. . export : "KERNEL"."UTERR"                                0 KB       0 lignes
. . export : "KERNEL"."UTGCLE"                               0 KB       0 lignes
. . export : "KERNEL"."UTGCLE_CLE"                           0 KB       0 lignes
. . export : "KERNEL"."UT_MAIL_EVENT"                        0 KB       0 lignes
. . export : "KERNEL"."UT_MAIL_QUEUE"                        0 KB       0 lignes
. . export : "KERNEL"."UT_MAIL_SEND"                         0 KB       0 lignes
. . export : "KERNEL"."UT_SMTP_SETTINGS"                     0 KB       0 lignes
. . export : "KERNEL"."UT_STORE_FILES"                       0 KB       0 lignes
. . export : "KERNEL"."UTUTI_GCLE"                           0 KB       0 lignes
. . export : "OLAPSYS"."CWM$ARGUMENT"                        0 KB       0 lignes
. . export : "OLAPSYS"."CWM$CUBE"                            0 KB       0 lignes
. . export : "OLAPSYS"."CWM$CUBEDIMENSIONUSE"                0 KB       0 lignes
. . export : "OLAPSYS"."CWM$DIMENSION"                       0 KB       0 lignes
. . export : "OLAPSYS"."CWM$DIMENSIONATTRIBUTE"              0 KB       0 lignes
. . export : "OLAPSYS"."CWM$FACTLEVELGROUP"                  0 KB       0 lignes
. . export : "OLAPSYS"."CWM$FACTLEVELUSE"                    0 KB       0 lignes
. . export : "OLAPSYS"."CWM$FACTTABLEMAP"                    0 KB       0 lignes
. . export : "OLAPSYS"."CWM$FACTUSE"                         0 KB       0 lignes
. . export : "OLAPSYS"."CWM$FUNCTIONUSE"                     0 KB       0 lignes
. . export : "OLAPSYS"."CWM$HIERARCHY"                       0 KB       0 lignes
. . export : "OLAPSYS"."CWM$ITEMMAP"                         0 KB       0 lignes
. . export : "OLAPSYS"."CWM$ITEMUSE"                         0 KB       0 lignes
. . export : "OLAPSYS"."CWM$LEVEL"                           0 KB       0 lignes
. . export : "OLAPSYS"."CWM$LEVELATTRIBUTE"                  0 KB       0 lignes
. . export : "OLAPSYS"."CWM$MEASURE"                         0 KB       0 lignes
. . export : "OLAPSYS"."CWM$MEASUREDIMENSIONUSE"             0 KB       0 lignes
. . export : "OLAPSYS"."CWM2$AWCOMPOSITESPEC"                0 KB       0 lignes
. . export : "OLAPSYS"."CWM2$AWCOMPSPECMEMBERSHIP"           0 KB       0 lignes
. . export : "OLAPSYS"."CWM2$AWCUBEAGG"                      0 KB       0 lignes
. . export : "OLAPSYS"."CWM2$AWCUBEAGGLEVEL"                 0 KB       0 lignes
. . export : "OLAPSYS"."CWM2$AWCUBEAGGMEASURE"               0 KB       0 lignes
. . export : "OLAPSYS"."CWM2$AWCUBECOMPPLAN"                 0 KB       0 lignes
. . export : "OLAPSYS"."CWM2$AWCUBELOAD"                     0 KB       0 lignes
. . export : "OLAPSYS"."CWM2$AWCUBELOADAGGPLAN"              0 KB       0 lignes
. . export : "OLAPSYS"."CWM2$AWCUBELOADFILTER"               0 KB       0 lignes
. . export : "OLAPSYS"."CWM2$AWCUBELOADMEASURE"              0 KB       0 lignes
. . export : "OLAPSYS"."CWM2$AWCUBELOADPARMVALUE"            0 KB       0 lignes
. . export : "OLAPSYS"."CWM2$AW_DIMENSIONMAP"                0 KB       0 lignes
. . export : "OLAPSYS"."CWM2$AWDIMLOAD"                      0 KB       0 lignes
. . export : "OLAPSYS"."CWM2$AWDIMLOADFILTER"                0 KB       0 lignes
. . export : "OLAPSYS"."CWM2$AWDIMLOADPARMVALUE"             0 KB       0 lignes
. . export : "OLAPSYS"."CWM2$AW_MEASUREMAP"                  0 KB       0 lignes
. . export : "OLAPSYS"."CWM2$_AW_NEXT_PERM_CUST_MEAS"        0 KB       0 lignes
. . export : "OLAPSYS"."CWM2$_AW_PERM_CUST_MEAS_MAP"         0 KB       0 lignes
. . export : "OLAPSYS"."CWM2$AWVIEWCOLS"                     0 KB       0 lignes
. . export : "OLAPSYS"."CWM2$AWVIEWS"                        0 KB       0 lignes
. . export : "OLAPSYS"."CWM2$CLASSIFICATIONVALUEPAIR"        0 KB       0 lignes
. . export : "OLAPSYS"."CWM2$CUBE"                           0 KB       0 lignes
. . export : "OLAPSYS"."CWM2$CUBEDIMENSIONUSE"               0 KB       0 lignes
. . export : "OLAPSYS"."CWM2$DIMENSION"                      0 KB       0 lignes
. . export : "OLAPSYS"."CWM2$DIMENSIONATTRIBUTE"             0 KB       0 lignes
. . export : "OLAPSYS"."CWM2$DIMHIERLVLMAP"                  0 KB       0 lignes
. . export : "OLAPSYS"."CWM2$FACTDIMHIERMAP"                 0 KB       0 lignes
. . export : "OLAPSYS"."CWM2$FACTDIMHIERTPLSDTL"             0 KB       0 lignes
. . export : "OLAPSYS"."CWM2$FACTKEYDIMHIERLVLMAP"           0 KB       0 lignes
. . export : "OLAPSYS"."CWM2$FACTKEYDIMHIERMAP"              0 KB       0 lignes
. . export : "OLAPSYS"."CWM2$HIERARCHY"                      0 KB       0 lignes
. . export : "OLAPSYS"."CWM2$HIERCUSTOMSORT"                 0 KB       0 lignes
. . export : "OLAPSYS"."CWM2$HIERLEVELREL"                   0 KB       0 lignes
. . export : "OLAPSYS"."CWM2$LEVEL"                          0 KB       0 lignes
. . export : "OLAPSYS"."CWM2$LEVELATTRIBUTE"                 0 KB       0 lignes
. . export : "OLAPSYS"."CWM2$LEVELATTRIBUTEMAP"              0 KB       0 lignes
. . export : "OLAPSYS"."CWM2$MEASURE"                        0 KB       0 lignes
. . export : "OLAPSYS"."CWM2$MEASURETABLEMAP"                0 KB       0 lignes
. . export : "OLAPSYS"."CWM2$MRALL_AWVIEWCOLS"               0 KB       0 lignes
. . export : "OLAPSYS"."CWM2$MRALL_AWVIEWS"                  0 KB       0 lignes
. . export : "OLAPSYS"."CWM2$MRALL_CATALOG_ENTITY_USES"      0 KB       0 lignes
. . export : "OLAPSYS"."CWM2$MRALL_CATALOGS"                 0 KB       0 lignes
. . export : "OLAPSYS"."CWM2$MRALL_CUBE_MEASURES"            0 KB       0 lignes
. . export : "OLAPSYS"."CWM2$MRALL_CWM1_AGGOP"               0 KB       0 lignes
. . export : "OLAPSYS"."CWM2$MRALL_CWM1_AGGORD"              0 KB       0 lignes
. . export : "OLAPSYS"."CWM2$MRALL_DIM_ATTRIBUTES"           0 KB       0 lignes
. . export : "OLAPSYS"."CWM2$MRALL_DIM_HIER_LEVEL_USES"      0 KB       0 lignes
. . export : "OLAPSYS"."CWM2$MRALL_DIM_HIERS"                0 KB       0 lignes
. . export : "OLAPSYS"."CWM2$MRALL_DIM_LEVEL_ATTR_MAPS"      0 KB       0 lignes
. . export : "OLAPSYS"."CWM2$MRALL_ENTITY_DESC_USES"         0 KB       0 lignes
. . export : "OLAPSYS"."CWM2$MRALL_ENTITY_EXT_PARMS"         0 KB       0 lignes
. . export : "OLAPSYS"."CWM2$MRALL_ENTITY_PARAMETERS"        0 KB       0 lignes
. . export : "OLAPSYS"."CWM2$MRALL_FACTTBLFCTMAPS"           0 KB       0 lignes
. . export : "OLAPSYS"."CWM2$MRALL_FACTTBLKEYMAPS"           0 KB       0 lignes
. . export : "OLAPSYS"."CWM2$MRALL_HIER_CUSTOM_SORT"         0 KB       0 lignes
. . export : "OLAPSYS"."CWM2$MRALL_HIERDIM_KEYCOL_MAP"       0 KB       0 lignes
. . export : "OLAPSYS"."CWM2$MRALL_HIERDIMS"                 0 KB       0 lignes
. . export : "OLAPSYS"."CWM2$MRALL_JOIN_KEY_COL_USES"        0 KB       0 lignes
. . export : "OLAPSYS"."CWM2$MRALL_LISTDIMS"                 0 KB       0 lignes
. . export : "OLAPSYS"."CWM2$MRALL_OLAP2_AGG_USES"           0 KB       0 lignes
. . export : "OLAPSYS"."CWM2$MRFACTTBLFCTMAPS"               0 KB       0 lignes
. . export : "OLAPSYS"."CWM2$MRFACTTBLKEYMAPS"               0 KB       0 lignes
. . export : "OLAPSYS"."CWM2$STOREDDIMLVLTPLS"               0 KB       0 lignes
. . export : "OLAPSYS"."CWM2$STOREDDIMLVLTPLSDTL"            0 KB       0 lignes
. . export : "OLAPSYS"."MRAC_OLAP2_AW_ATTRIBUTES_T"          0 KB       0 lignes
. . export : "OLAPSYS"."MRAC_OLAP2_AW_CUBE_AGG_LVL_T"        0 KB       0 lignes
. . export : "OLAPSYS"."MRAC_OLAP2_AW_CUBE_AGG_MEAS_T"       0 KB       0 lignes
. . export : "OLAPSYS"."MRAC_OLAP2_AW_CUBE_AGG_OP_T"         0 KB       0 lignes
. . export : "OLAPSYS"."MRAC_OLAP2_AW_CUBE_AGG_SPECS_T"      0 KB       0 lignes
. . export : "OLAPSYS"."MRAC_OLAP2_AW_CUBE_DIM_USES_T"       0 KB       0 lignes
. . export : "OLAPSYS"."MRAC_OLAP2_AW_CUBE_MEASURES_T"       0 KB       0 lignes
. . export : "OLAPSYS"."MRAC_OLAP2_AW_CUBES_T"               0 KB       0 lignes
. . export : "OLAPSYS"."MRAC_OLAP2_AW_DIMENSIONS_T"          0 KB       0 lignes
. . export : "OLAPSYS"."MRAC_OLAP2_AW_DIM_LEVELS_T"          0 KB       0 lignes
. . export : "OLAPSYS"."MRAC_OLAP2_AW_HIER_LVL_ORD_T"        0 KB       0 lignes
. . export : "OLAPSYS"."MRAC_OLAP2_AW_MAP_ATTR_USE_T"        0 KB       0 lignes
. . export : "OLAPSYS"."MRAC_OLAP2_AW_MAP_DIM_USE_T"         0 KB       0 lignes
. . export : "OLAPSYS"."MRAC_OLAP2_AW_MAP_MEAS_USE_T"        0 KB       0 lignes
. . export : "OLAPSYS"."MRAC_OLAP2_AW_PHYS_OBJ_PROP_T"       0 KB       0 lignes
. . export : "OLAPSYS"."MRAC_OLAP2_AW_PHYS_OBJ_T"            0 KB       0 lignes
. . export : "OLAPSYS"."MRAC_OLAP2_AWS_T"                    0 KB       0 lignes
. . export : "OLAPSYS"."XML_LOAD_LOG"                        0 KB       0 lignes
. . export : "OLAPSYS"."XML_LOAD_RECORDS"                    0 KB       0 lignes
. . export : "ORDDATA"."ORDDCM_ANON_ATTRS_WRK"               0 KB       0 lignes
. . export : "ORDDATA"."ORDDCM_ANON_RULES_WRK"               0 KB       0 lignes
. . export : "ORDDATA"."ORDDCM_CT_ACTION_WRK"                0 KB       0 lignes
. . export : "ORDDATA"."ORDDCM_CT_DAREFS_WRK"                0 KB       0 lignes
. . export : "ORDDATA"."ORDDCM_CT_LOCATORPATHS_WRK"          0 KB       0 lignes
. . export : "ORDDATA"."ORDDCM_CT_MACRO_DEP_WRK"             0 KB       0 lignes
. . export : "ORDDATA"."ORDDCM_CT_MACRO_PAR_WRK"             0 KB       0 lignes
. . export : "ORDDATA"."ORDDCM_CT_PRED_OPRD_WRK"             0 KB       0 lignes
. . export : "ORDDATA"."ORDDCM_CT_PRED_PAR_WRK"              0 KB       0 lignes
. . export : "ORDDATA"."ORDDCM_CT_PRED_SET_WRK"              0 KB       0 lignes
. . export : "ORDDATA"."ORDDCM_CT_PRED_WRK"                  0 KB       0 lignes
. . export : "ORDDATA"."ORDDCM_CT_VLD_MSG"                   0 KB       0 lignes
. . export : "ORDDATA"."ORDDCM_DATA_MODEL_WRK"               0 KB       0 lignes
. . export : "ORDDATA"."ORDDCM_DICT_ATTRS_WRK"               0 KB       0 lignes
. . export : "ORDDATA"."ORDDCM_DOC_REFS_WRK"                 0 KB       0 lignes
. . export : "ORDDATA"."ORDDCM_DOCS_WRK"                     0 KB       0 lignes
. . export : "ORDDATA"."ORDDCM_MAPPED_PATHS"                 0 KB       0 lignes
. . export : "ORDDATA"."ORDDCM_MAPPED_PATHS_WRK"             0 KB       0 lignes
. . export : "ORDDATA"."ORDDCM_MAPPING_DOCS_WRK"             0 KB       0 lignes
. . export : "ORDDATA"."ORDDCM_PRV_ATTRS_WRK"                0 KB       0 lignes
. . export : "ORDDATA"."ORDDCM_RT_PREF_PARAMS_WRK"           0 KB       0 lignes
. . export : "ORDDATA"."ORDDCM_STD_ATTRS_WRK"                0 KB       0 lignes
. . export : "ORDDATA"."ORDDCM_STORED_TAGS"                  0 KB       0 lignes
. . export : "ORDDATA"."ORDDCM_STORED_TAGS_WRK"              0 KB       0 lignes
. . export : "ORDDATA"."ORDDCM_UID_DEFS_WRK"                 0 KB       0 lignes
. . export : "OUTLN"."OL$"                                   0 KB       0 lignes
. . export : "OUTLN"."OL$HINTS"                              0 KB       0 lignes
. . export : "OUTLN"."OL$NODES"                              0 KB       0 lignes
. . export : "OWBSYS"."OWBRTPS"                              0 KB       0 lignes
. . export : "SCOTT"."BONUS"                                 0 KB       0 lignes
. . export : "SYSMAN"."AQ$_MGMT_LOADER_QTABLE_G"             0 KB       0 lignes
. . export : "SYSMAN"."AQ$_MGMT_LOADER_QTABLE_H"             0 KB       0 lignes
. . export : "SYSMAN"."AQ$_MGMT_LOADER_QTABLE_I"             0 KB       0 lignes
. . export : "SYSMAN"."AQ$_MGMT_LOADER_QTABLE_L"             0 KB       0 lignes
. . export : "SYSMAN"."AQ$_MGMT_LOADER_QTABLE_T"             0 KB       0 lignes
. . export : "SYSMAN"."AQ$_MGMT_NOTIFY_QTABLE_G"             0 KB       0 lignes
. . export : "SYSMAN"."AQ$_MGMT_NOTIFY_QTABLE_H"             0 KB       0 lignes
. . export : "SYSMAN"."AQ$_MGMT_NOTIFY_QTABLE_I"             0 KB       0 lignes
. . export : "SYSMAN"."AQ$_MGMT_NOTIFY_QTABLE_L"             0 KB       0 lignes
. . export : "SYSMAN"."AQ$_MGMT_NOTIFY_QTABLE_T"             0 KB       0 lignes
. . export : "SYSMAN"."DB_USER_PREFERENCES"                  0 KB       0 lignes
. . export : "SYSMAN"."EM_COMPARISON_SUMMARY"                0 KB       0 lignes
. . export : "SYSMAN"."EMDW_TRACE_DATA"                      0 KB       0 lignes
. . export : "SYSMAN"."EM_IPW_INFO"                          0 KB       0 lignes
. . export : "SYSMAN"."EM_PAGE_CUSTOM_CONDITIONS"            0 KB       0 lignes
. . export : "SYSMAN"."EM_PAGE_CUSTOMIZATIONS"               0 KB       0 lignes
. . export : "SYSMAN"."MGMT_ADMIN_METRIC_THRESHOLDS"         0 KB       0 lignes
. . export : "SYSMAN"."MGMT_ANNOTATION"                      0 KB       0 lignes
. . export : "SYSMAN"."MGMT_ARU_CREDENTIALS"                 0 KB       0 lignes
. . export : "SYSMAN"."MGMT_AUDIT_CUSTOM_ATTRIBS"            0 KB       0 lignes
. . export : "SYSMAN"."MGMT_AUDIT_LOGS"                      0 KB       0 lignes
. . export : "SYSMAN"."MGMT_AVAILABILITY_RBK"                0 KB       0 lignes
. . export : "SYSMAN"."MGMT_BACKUP_CONFIGURATION"            0 KB       0 lignes
. . export : "SYSMAN"."MGMT_BAM_DATA_HUBS"                   0 KB       0 lignes
. . export : "SYSMAN"."MGMT_BAM_DATA_ISESSIONS"              0 KB       0 lignes
. . export : "SYSMAN"."MGMT_BAM_DATA_OSESSIONS"              0 KB       0 lignes
. . export : "SYSMAN"."MGMT_BAM_ISESSION_DATASOURCE"         0 KB       0 lignes
. . export : "SYSMAN"."MGMT_BAM_ISESSION_DIAG"               0 KB       0 lignes
. . export : "SYSMAN"."MGMT_BAM_ISESSION_KPIS"               0 KB       0 lignes
. . export : "SYSMAN"."MGMT_BAM_OSESSION_ALERTS"             0 KB       0 lignes
. . export : "SYSMAN"."MGMT_BAM_OSESSION_DIAG"               0 KB       0 lignes
. . export : "SYSMAN"."MGMT_BAM_OSESSION_METRICS"            0 KB       0 lignes
. . export : "SYSMAN"."MGMT_BAM_OSESSION_STATUS"             0 KB       0 lignes
. . export : "SYSMAN"."MGMT_BCN_AVAIL_DEF"                   0 KB       0 lignes
. . export : "SYSMAN"."MGMT_BCN_AVAIL_JOB"                   0 KB       0 lignes
. . export : "SYSMAN"."MGMT_BCN_AVAIL_LOG"                   0 KB       0 lignes
. . export : "SYSMAN"."MGMT_BCN_BCNSTEP_PROPS"               0 KB       0 lignes
. . export : "SYSMAN"."MGMT_BCN_BCNTXN_PROPS"                0 KB       0 lignes
. . export : "SYSMAN"."MGMT_BCN_STEP_DEFN"                   0 KB       0 lignes
. . export : "SYSMAN"."MGMT_BCN_STEPGROUP_DEFN"              0 KB       0 lignes
. . export : "SYSMAN"."MGMT_BCN_STEPGROUP_STEPS"             0 KB       0 lignes
. . export : "SYSMAN"."MGMT_BCN_STEP_PROPS"                  0 KB       0 lignes
. . export : "SYSMAN"."MGMT_BCN_TARGET"                      0 KB       0 lignes
. . export : "SYSMAN"."MGMT_BCN_TXN_AUDIT"                   0 KB       0 lignes
. . export : "SYSMAN"."MGMT_BCN_TXN_DEFN"                    0 KB       0 lignes
. . export : "SYSMAN"."MGMT_BCN_TXN_PROPS"                   0 KB       0 lignes
. . export : "SYSMAN"."MGMT_BLACKOUT_FLAT_TARGETS"           0 KB       0 lignes
. . export : "SYSMAN"."MGMT_BLACKOUT_HISTORY"                0 KB       0 lignes
. . export : "SYSMAN"."MGMT_BLACKOUTS"                       0 KB       0 lignes
. . export : "SYSMAN"."MGMT_BLACKOUT_SCHEDULE"               0 KB       0 lignes
. . export : "SYSMAN"."MGMT_BLACKOUT_STATE"                  0 KB       0 lignes
. . export : "SYSMAN"."MGMT_BLACKOUT_TARGET_DETAILS"         0 KB       0 lignes
. . export : "SYSMAN"."MGMT_BLACKOUT_WINDOWS"                0 KB       0 lignes
. . export : "SYSMAN"."MGMT_BSLN_BASELINES"                  0 KB       0 lignes
. . export : "SYSMAN"."MGMT_BSLN_DATASOURCES"                0 KB       0 lignes
. . export : "SYSMAN"."MGMT_BSLN_INTERVALS"                  0 KB       0 lignes
. . export : "SYSMAN"."MGMT_BSLN_RAWDATA"                    0 KB       0 lignes
. . export : "SYSMAN"."MGMT_BSLN_STATISTICS"                 0 KB       0 lignes
. . export : "SYSMAN"."MGMT_BSLN_THRESHOLD_PARMS"            0 KB       0 lignes
. . export : "SYSMAN"."MGMT_BUG_ADV_HOME_PATCH"              0 KB       0 lignes
. . export : "SYSMAN"."MGMT_BUG_ADVISORY"                    0 KB       0 lignes
. . export : "SYSMAN"."MGMT_BUG_ADVISORY_BUG"                0 KB       0 lignes
. . export : "SYSMAN"."MGMT_BUG_AVAILABLE_PATCH"             0 KB       0 lignes
. . export : "SYSMAN"."MGMT_BUG_FIX_APPLICABLE_COMP"         0 KB       0 lignes
. . export : "SYSMAN"."MGMT_BUG_FIX_APPLIC_COMP_LIST"        0 KB       0 lignes
. . export : "SYSMAN"."MGMT_BUG_PATCH_CERTIFICATE"           0 KB       0 lignes
. . export : "SYSMAN"."MGMT_BUG_PATCH_FIXES_BUG"             0 KB       0 lignes
. . export : "SYSMAN"."MGMT_BUG_PATCH_PLATFORM"              0 KB       0 lignes
. . export : "SYSMAN"."MGMT_CHANGE_AGENT_URL"                0 KB       0 lignes
. . export : "SYSMAN"."MGMT_CM_BASELINE_CONS_GROUPS"         0 KB       0 lignes
. . export : "SYSMAN"."MGMT_CM_BASELINE_DEPENDENCIES"        0 KB       0 lignes
. . export : "SYSMAN"."MGMT_CM_BASELINE_DEPENDENTS"          0 KB       0 lignes
. . export : "SYSMAN"."MGMT_CM_BASELINE_INIT_PARAMS"         0 KB       0 lignes
. . export : "SYSMAN"."MGMT_CM_BASELINE_OBJECTS"             0 KB       0 lignes
. . export : "SYSMAN"."MGMT_CM_BASELINE_OBJGRANTS"           0 KB       0 lignes
. . export : "SYSMAN"."MGMT_CM_BASELINE_PROXYGRANTS"         0 KB       0 lignes
. . export : "SYSMAN"."MGMT_CM_BASELINE_QUOTAGRANTS"         0 KB       0 lignes
. . export : "SYSMAN"."MGMT_CM_BASELINE_ROLEGRANTS"          0 KB       0 lignes
. . export : "SYSMAN"."MGMT_CM_BASELINES"                    0 KB       0 lignes
. . export : "SYSMAN"."MGMT_CM_BASELINE_SYSGRANTS"           0 KB       0 lignes
. . export : "SYSMAN"."MGMT_CM_BASELINE_VERSIONS"            0 KB       0 lignes
. . export : "SYSMAN"."MGMT_CM_COMPARISON_INIT_PRMS"         0 KB       0 lignes
. . export : "SYSMAN"."MGMT_CM_COMPARISON_OBJECTS"           0 KB       0 lignes
. . export : "SYSMAN"."MGMT_CM_COMPARISONS"                  0 KB       0 lignes
. . export : "SYSMAN"."MGMT_CM_COMPARISON_VERSIONS"          0 KB       0 lignes
. . export : "SYSMAN"."MGMT_CM_SCHEMA_MAPS"                  0 KB       0 lignes
. . export : "SYSMAN"."MGMT_CM_SCOPESPEC_NAMES"              0 KB       0 lignes
. . export : "SYSMAN"."MGMT_CM_SCOPESPECS"                   0 KB       0 lignes
. . export : "SYSMAN"."MGMT_CM_SYNCH_IMPACT_REPORTS"         0 KB       0 lignes
. . export : "SYSMAN"."MGMT_CM_SYNCH_OBJECTS"                0 KB       0 lignes
. . export : "SYSMAN"."MGMT_CM_SYNCHRONIZATIONS"             0 KB       0 lignes
. . export : "SYSMAN"."MGMT_CM_SYNCH_SCRIPTS"                0 KB       0 lignes
. . export : "SYSMAN"."MGMT_CM_SYNCH_VERSIONS"               0 KB       0 lignes
. . export : "SYSMAN"."MGMT_COLLECTION_CREDENTIALS"          0 KB       0 lignes
. . export : "SYSMAN"."MGMT_COLLECTION_TASK_CONTEXT"         0 KB       0 lignes
. . export : "SYSMAN"."MGMT_COLLECTION_TEMPLATE_CREDS"       0 KB       0 lignes
. . export : "SYSMAN"."MGMT_COLLECTION_WORKERS"              0 KB       0 lignes
. . export : "SYSMAN"."MGMT_COMP_RESULT_TO_JOB_MAP"          0 KB       0 lignes
. . export : "SYSMAN"."MGMT_COMP_SNAPSHOT_TO_STEP_MAP"       0 KB       0 lignes
. . export : "SYSMAN"."MGMT_CONFIG_ACTIVITIES"               0 KB       0 lignes
. . export : "SYSMAN"."MGMT_CONTAINER_CREDENTIALS"           0 KB       0 lignes
. . export : "SYSMAN"."MGMT_CPF_METRIC_SOURCE"               0 KB       0 lignes
. . export : "SYSMAN"."MGMT_CREDENTIALS"                     0 KB       0 lignes
. . export : "SYSMAN"."MGMT_CS_EVAL_SUMM_RQS"                0 KB       0 lignes
. . export : "SYSMAN"."MGMT_CS_EVAL_SUMM_RULE"               0 KB       0 lignes
. . export : "SYSMAN"."MGMT_CS_EVAL_SUMM_RULEFOLDER"         0 KB       0 lignes
. . export : "SYSMAN"."MGMT_CS_INCLUSION"                    0 KB       0 lignes
. . export : "SYSMAN"."MGMT_CS_INCLUSION_PARAMETER"          0 KB       0 lignes
. . export : "SYSMAN"."MGMT_CS_PARAMETER"                    0 KB       0 lignes
. . export : "SYSMAN"."MGMT_CS_PARAMETER_CHOICES"            0 KB       0 lignes
. . export : "SYSMAN"."MGMT_CS_REUSABLE_QUERY"               0 KB       0 lignes
. . export : "SYSMAN"."MGMT_CS_RQS_HIERARCHY"                0 KB       0 lignes
. . export : "SYSMAN"."MGMT_CS_RQS_INCLUSION"                0 KB       0 lignes
. . export : "SYSMAN"."MGMT_CS_RULE_FIX_LINK"                0 KB       0 lignes
. . export : "SYSMAN"."MGMT_CS_RULE_SIMPLE_TEST"             0 KB       0 lignes
. . export : "SYSMAN"."MGMT_CS_RULE_VIOL_CTX"                0 KB       0 lignes
. . export : "SYSMAN"."MGMT_CS_SCHEDULED_EVAL"               0 KB       0 lignes
. . export : "SYSMAN"."MGMT_CSTMZ_CHARTS"                    0 KB       0 lignes
. . export : "SYSMAN"."MGMT_CSTMZ_CHART_SELTARGETS"          0 KB       0 lignes
. . export : "SYSMAN"."MGMT_CSTMZ_CUSTOM_COLUMNS"            0 KB       0 lignes
. . export : "SYSMAN"."MGMT_CSTMZ_DEFAULT_CHART"             0 KB       0 lignes
. . export : "SYSMAN"."MGMT_CSTMZ_SUMMARY_CHART_DEF"         0 KB       0 lignes
. . export : "SYSMAN"."MGMT_DB_INVOBJS_ECM"                  0 KB       0 lignes
. . export : "SYSMAN"."MGMT_DB_LATEST_HDM_FINDINGS"          0 KB       0 lignes
. . export : "SYSMAN"."MGMT_DBNET_TNS_ADMINS"                0 KB       0 lignes
. . export : "SYSMAN"."MGMT_DB_RECSEGMENTSETTINGS_ECM"       0 KB       0 lignes
. . export : "SYSMAN"."MGMT_DELTA_COMPARISON_DELTAS"         0 KB       0 lignes
. . export : "SYSMAN"."MGMT_DELTA_COMP_DELTA_DETAILS"        0 KB       0 lignes
. . export : "SYSMAN"."MGMT_DELTA_COMP_KEY_COLS"             0 KB       0 lignes
. . export : "SYSMAN"."MGMT_DELTA_COMP_PROPERTIES"           0 KB       0 lignes
. . export : "SYSMAN"."MGMT_DELTA_COMP_SUMMARIES"            0 KB       0 lignes
. . export : "SYSMAN"."MGMT_DELTA_SUMMARY_ERRORS"            0 KB       0 lignes
. . export : "SYSMAN"."MGMT_DELTA_ENTRY"                     0 KB       0 lignes
. . export : "SYSMAN"."MGMT_DELTA_ENTRY_VALUES"              0 KB       0 lignes
. . export : "SYSMAN"."MGMT_DELTA_IDS"                       0 KB       0 lignes
. . export : "SYSMAN"."MGMT_DELTA_ID_VALUES"                 0 KB       0 lignes
. . export : "SYSMAN"."MGMT_DELTA_SAVED_COMPARISON"          0 KB       0 lignes
. . export : "SYSMAN"."MGMT_DELTA_SNAP"                      0 KB       0 lignes
. . export : "SYSMAN"."MGMT_DIROBJ_USERS_HOTLIST"            0 KB       0 lignes
. . export : "SYSMAN"."MGMT_DM_COLUMN_RULES"                 0 KB       0 lignes
. . export : "SYSMAN"."MGMT_DM_INFCONS_COLUMNS"              0 KB       0 lignes
. . export : "SYSMAN"."MGMT_DM_JOB_EXECUTIONS"               0 KB       0 lignes
. . export : "SYSMAN"."MGMT_DM_SCOPESPECS"                   0 KB       0 lignes
. . export : "SYSMAN"."MGMT_DM_SS_COLUMNS"                   0 KB       0 lignes
. . export : "SYSMAN"."MGMT_DUPLICATE_TARGETS"               0 KB       0 lignes
. . export : "SYSMAN"."MGMT_ECM_CLUSTER_NODE_INFO"           0 KB       0 lignes
. . export : "SYSMAN"."MGMT_ECM_CSA"                         0 KB       0 lignes
. . export : "SYSMAN"."MGMT_ECM_CSA_APPID_TARGET_MAP"        0 KB       0 lignes
. . export : "SYSMAN"."MGMT_ECM_CSA_COOKIES"                 0 KB       0 lignes
. . export : "SYSMAN"."MGMT_ECM_CSA_CUSTOM"                  0 KB       0 lignes
. . export : "SYSMAN"."MGMT_ECM_CSA_FAILED"                  0 KB       0 lignes
. . export : "SYSMAN"."MGMT_ECM_CSA_GENERAL_INFO"            0 KB       0 lignes
. . export : "SYSMAN"."MGMT_ECM_CSA_RULES"                   0 KB       0 lignes
. . export : "SYSMAN"."MGMT_ECM_CSA_SNAPSHOT_INFO"           0 KB       0 lignes
. . export : "SYSMAN"."MGMT_ECM_HOST_CONFIGS_TO_DEL"         0 KB       0 lignes
. . export : "SYSMAN"."MGMT_ECM_HOSTPATCH_COMPL_HIST"        0 KB       0 lignes
. . export : "SYSMAN"."MGMT_ECM_HOSTPATCH_GROUP_REPOS"       0 KB       0 lignes
. . export : "SYSMAN"."MGMT_ECM_HOSTPATCH_GROUPS"            0 KB       0 lignes
. . export : "SYSMAN"."MGMT_ECM_HOSTPATCH_HOST_COMPL"        0 KB       0 lignes
. . export : "SYSMAN"."MGMT_ECM_HOSTPATCH_HOSTS"             0 KB       0 lignes
. . export : "SYSMAN"."MGMT_ECM_HOSTPATCH_REPOS"             0 KB       0 lignes
. . export : "SYSMAN"."MGMT_ECM_HOSTPATCH_REPOS_PKGS"        0 KB       0 lignes
. . export : "SYSMAN"."MGMT_ECM_HW"                          0 KB       0 lignes
. . export : "SYSMAN"."MGMT_ECM_HW_CPU"                      0 KB       0 lignes
. . export : "SYSMAN"."MGMT_ECM_HW_IOCARD"                   0 KB       0 lignes
. . export : "SYSMAN"."MGMT_ECM_HW_NIC"                      0 KB       0 lignes
. . export : "SYSMAN"."MGMT_ECM_LOADED_FILES"                0 KB       0 lignes
. . export : "SYSMAN"."MGMT_ECM_OS"                          0 KB       0 lignes
. . export : "SYSMAN"."MGMT_ECM_OS_COMPONENT"                0 KB       0 lignes
. . export : "SYSMAN"."MGMT_ECM_OS_FILESYSTEM"               0 KB       0 lignes
. . export : "SYSMAN"."MGMT_ECM_OS_PROPERTY"                 0 KB       0 lignes
. . export : "SYSMAN"."MGMT_ECM_OS_REGISTERED_SW"            0 KB       0 lignes
. . export : "SYSMAN"."MGMT_ECM_OS_REGISTERED_SW_COMP"       0 KB       0 lignes
. . export : "SYSMAN"."MGMT_ECM_PATCH_CACHE"                 0 KB       0 lignes
. . export : "SYSMAN"."MGMT_ECM_SAVEDHOSTCONFIG"             0 KB       0 lignes
. . export : "SYSMAN"."MGMT_ECM_ULN_CH_ADV"                  0 KB       0 lignes
. . export : "SYSMAN"."MGMT_ECM_ULN_CHANNEL_PKGS"            0 KB       0 lignes
. . export : "SYSMAN"."MGMT_ECM_ULN_CHANNELS"                0 KB       0 lignes
. . export : "SYSMAN"."MGMT_ECM_ULN_SS_CHANNELS"             0 KB       0 lignes
. . export : "SYSMAN"."MGMT_ECM_ULN_STAGE_SERVERS"           0 KB       0 lignes
. . export : "SYSMAN"."MGMT_EMX_CELL_C_CONFIG"               0 KB       0 lignes
. . export : "SYSMAN"."MGMT_EMX_CELL_CD_CONFIG"              0 KB       0 lignes
. . export : "SYSMAN"."MGMT_EMX_CELL_GD_CONFIG"              0 KB       0 lignes
. . export : "SYSMAN"."MGMT_EMX_CELL_IORM_CONFIG"            0 KB       0 lignes
. . export : "SYSMAN"."MGMT_EMX_CELL_L_CONFIG"               0 KB       0 lignes
. . export : "SYSMAN"."MGMT_EMX_CELL_PD_CONFIG"              0 KB       0 lignes
. . export : "SYSMAN"."MGMT_ENTERPRISE_CREDENTIALS"          0 KB       0 lignes
. . export : "SYSMAN"."MGMT_E2E_DETAILS"                     0 KB       0 lignes
. . export : "SYSMAN"."MGMT_E2E_DETAILS_1DAY"                0 KB       0 lignes
. . export : "SYSMAN"."MGMT_E2E_DETAILS_1HOUR"               0 KB       0 lignes
. . export : "SYSMAN"."MGMT_E2E_JDBC"                        0 KB       0 lignes
. . export : "SYSMAN"."MGMT_E2E_JDBC_1DAY"                   0 KB       0 lignes
. . export : "SYSMAN"."MGMT_E2E_JDBC_1HOUR"                  0 KB       0 lignes
. . export : "SYSMAN"."MGMT_E2E_SQL"                         0 KB       0 lignes
. . export : "SYSMAN"."MGMT_E2E_SQL_CONN"                    0 KB       0 lignes
. . export : "SYSMAN"."MGMT_E2E_SQL_STMT"                    0 KB       0 lignes
. . export : "SYSMAN"."MGMT_E2E_SQL_1DAY"                    0 KB       0 lignes
. . export : "SYSMAN"."MGMT_E2E_SQL_1HOUR"                   0 KB       0 lignes
. . export : "SYSMAN"."MGMT_E2E_SUMMARY"                     0 KB       0 lignes
. . export : "SYSMAN"."MGMT_E2E_SUMMARY_1DAY"                0 KB       0 lignes
. . export : "SYSMAN"."MGMT_E2E_SUMMARY_1HOUR"               0 KB       0 lignes
. . export : "SYSMAN"."MGMT_FAILED_CONFIG_ACTIVITIES"        0 KB       0 lignes
. . export : "SYSMAN"."MGMT_FAILOVER_TABLE"                  0 KB       0 lignes
. . export : "SYSMAN"."MGMT_FEATURE_PATCHES"                 0 KB       0 lignes
. . export : "SYSMAN"."MGMT_FEATURES_MAPPING"                0 KB       0 lignes
. . export : "SYSMAN"."MGMT_FLAT_ROLE_GRANTS"                0 KB       0 lignes
. . export : "SYSMAN"."MGMT_GENSVC_AVAIL_BEACONS"            0 KB       0 lignes
. . export : "SYSMAN"."MGMT_GENSVC_AVAIL_CONFIG"             0 KB       0 lignes
. . export : "SYSMAN"."MGMT_GENSVC_AVAIL_EVENTS"             0 KB       0 lignes
. . export : "SYSMAN"."MGMT_GENSVC_AVAIL_JOB"                0 KB       0 lignes
. . export : "SYSMAN"."MGMT_GENSVC_AVAIL_TESTS"              0 KB       0 lignes
. . export : "SYSMAN"."MGMT_GENSVC_JOBS_DETAILS"             0 KB       0 lignes
. . export : "SYSMAN"."MGMT_GENSVC_TEST_AVAIL"               0 KB       0 lignes
. . export : "SYSMAN"."MGMT_GENSVC_TEST_AVAIL_MARKER"        0 KB       0 lignes
. . export : "SYSMAN"."MGMT_GENSVC_TEST_CUR_AVAIL"           0 KB       0 lignes
. . export : "SYSMAN"."MGMT_GENSVC_TMPL_VARS"                0 KB       0 lignes
. . export : "SYSMAN"."MGMT_GENSVC_UPDBCN_JOB"               0 KB       0 lignes
. . export : "SYSMAN"."MGMT_GENSVC_UPDBCN_JOB_TESTS"         0 KB       0 lignes
. . export : "SYSMAN"."MGMT_GROUP_CHART"                     0 KB       0 lignes
. . export : "SYSMAN"."MGMT_GROUP_CHART_SELTARGETS"          0 KB       0 lignes
. . export : "SYSMAN"."MGMT_GROUP_CUSTOM_COLUMNS"            0 KB       0 lignes
. . export : "SYSMAN"."MGMT_GROUP_SUMMARY_CHART_DEF"         0 KB       0 lignes
. . export : "SYSMAN"."MGMT_HA_BACKUP"                       0 KB       0 lignes
. . export : "SYSMAN"."MGMT_HA_CLS_INTR_CONN"                0 KB       0 lignes
. . export : "SYSMAN"."MGMT_HA_DG_TARGET_SUMMARY"            0 KB       0 lignes
. . export : "SYSMAN"."MGMT_HA_FILES_ECM"                    0 KB       0 lignes
. . export : "SYSMAN"."MGMT_HA_INIT_PARAMS_ECM"              0 KB       0 lignes
. . export : "SYSMAN"."MGMT_HA_RAC_INTR_CONN"                0 KB       0 lignes
. . export : "SYSMAN"."MGMT_HC_OS_COMPONENTS"                0 KB       0 lignes
. . export : "SYSMAN"."MGMT_HC_VENDOR_SW_COMPONENTS"         0 KB       0 lignes
. . export : "SYSMAN"."MGMT_HOST_CREDENTIALS"                0 KB       0 lignes
. . export : "SYSMAN"."MGMT_HTTP_SESSION_OBJECTS"            0 KB       0 lignes
. . export : "SYSMAN"."MGMT_INDEX_SIZES"                     0 KB       0 lignes
. . export : "SYSMAN"."MGMT_INV_COMPONENT_PATCH"             0 KB       0 lignes
. . export : "SYSMAN"."MGMT_INV_FILE"                        0 KB       0 lignes
. . export : "SYSMAN"."MGMT_INV_PATCH"                       0 KB       0 lignes
. . export : "SYSMAN"."MGMT_INV_PATCHED_FILE"                0 KB       0 lignes
. . export : "SYSMAN"."MGMT_INV_PATCHED_FILE_COMP"           0 KB       0 lignes
. . export : "SYSMAN"."MGMT_INV_PATCH_FIXED_BUG"             0 KB       0 lignes
. . export : "SYSMAN"."MGMT_INV_PATCHSET"                    0 KB       0 lignes
. . export : "SYSMAN"."MGMT_INV_VERSIONED_PATCH"             0 KB       0 lignes
. . export : "SYSMAN"."MGMT_IP_EMAIL_REPORT"                 0 KB       0 lignes
. . export : "SYSMAN"."MGMT_IP_PURGE_POLICY"                 0 KB       0 lignes
. . export : "SYSMAN"."MGMT_IP_REPORT_ELEM_IMAGE"            0 KB       0 lignes
. . export : "SYSMAN"."MGMT_IP_REPORT_ELEM_TARGETS"          0 KB       0 lignes
. . export : "SYSMAN"."MGMT_IP_STORED_REPORT"                0 KB       0 lignes
. . export : "SYSMAN"."MGMT_JOB_ASSOC_PARAMS"                0 KB       0 lignes
. . export : "SYSMAN"."MGMT_JOB_BLACKOUT_ASSOC"              0 KB       0 lignes
. . export : "SYSMAN"."MGMT_JOB_CREDENTIALS"                 0 KB       0 lignes
. . export : "SYSMAN"."MGMT_JOB_EMD_STATUS_QUEUE"            0 KB       0 lignes
. . export : "SYSMAN"."MGMT_JOB_EXEC_CRED_INFO"              0 KB       0 lignes
. . export : "SYSMAN"."MGMT_JOB_EXEC_EVENT_PARAMS"           0 KB       0 lignes
. . export : "SYSMAN"."MGMT_JOB_EXEC_LOCKS"                  0 KB       0 lignes
. . export : "SYSMAN"."MGMT_JOB_EXT_TARGETS"                 0 KB       0 lignes
. . export : "SYSMAN"."MGMT_JOB_FLAT_TARGETS"                0 KB       0 lignes
. . export : "SYSMAN"."MGMT_JOB_NOTIFY_STATES"               0 KB       0 lignes
. . export : "SYSMAN"."MGMT_JOB_OUTPUT"                      0 KB       0 lignes
. . export : "SYSMAN"."MGMT_JOB_PURGE_TARGETS"               0 KB       0 lignes
. . export : "SYSMAN"."MGMT_JOB_QUEUES"                      0 KB       0 lignes
. . export : "SYSMAN"."MGMT_JOB_STEP_COMMAND_LOG"            0 KB       0 lignes
. . export : "SYSMAN"."MGMT_JOB_STEP_TARGETS"                0 KB       0 lignes
. . export : "SYSMAN"."MGMT_JOB_TARGET"                      0 KB       0 lignes
. . export : "SYSMAN"."MGMT_JOB_TYPE_DISPLAY_PARAM"          0 KB       0 lignes
. . export : "SYSMAN"."MGMT_JOB_TYPE_PARAM_DROPDOWNS"        0 KB       0 lignes
. . export : "SYSMAN"."MGMT_LICENSE_CONFIRMATION"            0 KB       0 lignes
. . export : "SYSMAN"."MGMT_LICENSES"                        0 KB       0 lignes
. . export : "SYSMAN"."MGMT_LOADER_QTABLE"                   0 KB       0 lignes
. . export : "SYSMAN"."MGMT_LONG_TEXT"                       0 KB       0 lignes
. . export : "SYSMAN"."MGMT_MANAGEMENT_PLUGINS"              0 KB       0 lignes
. . export : "SYSMAN"."MGMT_MASTER_AGENT"                    0 KB       0 lignes
. . export : "SYSMAN"."MGMT_METRIC_COLLECTIONS_REP"          0 KB       0 lignes
. . export : "SYSMAN"."MGMT_METRIC_DEPENDENCY"               0 KB       0 lignes
. . export : "SYSMAN"."MGMT_METRIC_DEPENDENCY_DETAILS"       0 KB       0 lignes
. . export : "SYSMAN"."MGMT_MNTR_SET_COPIES"                 0 KB       0 lignes
. . export : "SYSMAN"."MGMT_MP_CONTRIBUTOR_FILE"             0 KB       0 lignes
. . export : "SYSMAN"."MGMT_MP_CONTRIBUTORS"                 0 KB       0 lignes
. . export : "SYSMAN"."MGMT_MP_DEPLOYMENT_ERRORS"            0 KB       0 lignes
. . export : "SYSMAN"."MGMT_MP_DEPLOYMENTS"                  0 KB       0 lignes
. . export : "SYSMAN"."MGMT_MP_FILE_PROPS"                   0 KB       0 lignes
. . export : "SYSMAN"."MGMT_MP_FILES"                        0 KB       0 lignes
. . export : "SYSMAN"."MGMT_MP_GROUP_MEMBERS"                0 KB       0 lignes
. . export : "SYSMAN"."MGMT_MP_GROUPS"                       0 KB       0 lignes
. . export : "SYSMAN"."MGMT_MP_MECHANISMS"                   0 KB       0 lignes
. . export : "SYSMAN"."MGMT_MP_NLS_SUBSTITUTIONS"            0 KB       0 lignes
. . export : "SYSMAN"."MGMT_MP_PROPS"                        0 KB       0 lignes
. . export : "SYSMAN"."MGMT_NESTED_JOB_CRED_INFO"            0 KB       0 lignes
. . export : "SYSMAN"."MGMT_NET_EVENTS"                      0 KB       0 lignes
. . export : "SYSMAN"."MGMT_NOTIFICATION_LOG"                0 KB       0 lignes
. . export : "SYSMAN"."MGMT_NOTIFY_DEVICE_PARAMS"            0 KB       0 lignes
. . export : "SYSMAN"."MGMT_NOTIFY_DEVICES"                  0 KB       0 lignes
. . export : "SYSMAN"."MGMT_NOTIFY_DEV_SCHEDULES"            0 KB       0 lignes
. . export : "SYSMAN"."MGMT_NOTIFY_EMAIL_GATEWAY"            0 KB       0 lignes
. . export : "SYSMAN"."MGMT_NOTIFY_INPUT_QTABLE"             0 KB       0 lignes
. . export : "SYSMAN"."MGMT_NOTIFY_NOTIFYEES"                0 KB       0 lignes
. . export : "SYSMAN"."MGMT_NOTIFY_QTABLE"                   0 KB       0 lignes
. . export : "SYSMAN"."MGMT_NOTIFY_REQUEUE"                  0 KB       0 lignes
. . export : "SYSMAN"."MGMT_NOTIFY_SCHEDULES"                0 KB       0 lignes
. . export : "SYSMAN"."MGMT_OB_ADMIN_CLIENT_DB"              0 KB       0 lignes
. . export : "SYSMAN"."MGMT_OSM_DISK_GROUP_ECM"              0 KB       0 lignes
. . export : "SYSMAN"."MGMT_PAF_ENCRYPTED_STRINGS"           0 KB       0 lignes
. . export : "SYSMAN"."MGMT_PAF_INSTANCES"                   0 KB       0 lignes
. . export : "SYSMAN"."MGMT_PAF_MSG_QTABLE_1"                0 KB       0 lignes
. . export : "SYSMAN"."MGMT_PAF_MSG_QTABLE_2"                0 KB       0 lignes
. . export : "SYSMAN"."MGMT_PAF_NOTIFICATION_LOG"            0 KB       0 lignes
. . export : "SYSMAN"."MGMT_PAF_OMS_STATUS"                  0 KB       0 lignes
. . export : "SYSMAN"."MGMT_PAF_PAR_FILES"                   0 KB       0 lignes
. . export : "SYSMAN"."MGMT_PAF_STATES"                      0 KB       0 lignes
. . export : "SYSMAN"."MGMT_PDP_HOST_SETTING"                0 KB       0 lignes
. . export : "SYSMAN"."MGMT_PDP_SETTINGS"                    0 KB       0 lignes
. . export : "SYSMAN"."MGMT_PDP_SETTING_VALUES"              0 KB       0 lignes
. . export : "SYSMAN"."MGMT_PLANPROBLEM_FACTORS"             0 KB       0 lignes
. . export : "SYSMAN"."MGMT_PROV_ASN_DEPENDENCIES"           0 KB       0 lignes
. . export : "SYSMAN"."MGMT_PROV_ASN_TARGETS"                0 KB       0 lignes
. . export : "SYSMAN"."MGMT_PROV_ASSIGNMENT"                 0 KB       0 lignes
. . export : "SYSMAN"."MGMT_PROV_BOOTSERVER"                 0 KB       0 lignes
. . export : "SYSMAN"."MGMT_PROV_CLUSTER"                    0 KB       0 lignes
. . export : "SYSMAN"."MGMT_PROV_CLUSTER_NODES"              0 KB       0 lignes
. . export : "SYSMAN"."MGMT_PROV_COLLECTION"                 0 KB       0 lignes
. . export : "SYSMAN"."MGMT_PROV_DEFAULT_IMAGE"              0 KB       0 lignes
. . export : "SYSMAN"."MGMT_PROV_HARDWARE"                   0 KB       0 lignes
. . export : "SYSMAN"."MGMT_PROV_HISTORY"                    0 KB       0 lignes
. . export : "SYSMAN"."MGMT_PROV_IP_RANGE"                   0 KB       0 lignes
. . export : "SYSMAN"."MGMT_PROV_IP_RESERVED"                0 KB       0 lignes
. . export : "SYSMAN"."MGMT_PROV_NET_CONFIG"                 0 KB       0 lignes
. . export : "SYSMAN"."MGMT_PROV_OPERATION"                  0 KB       0 lignes
. . export : "SYSMAN"."MGMT_PROV_RPM_REP"                    0 KB       0 lignes
. . export : "SYSMAN"."MGMT_PROV_STAGED_COMPS"               0 KB       0 lignes
. . export : "SYSMAN"."MGMT_PROV_STAGING_DIRS"               0 KB       0 lignes
. . export : "SYSMAN"."MGMT_PROV_SUITE_INSTANCE"             0 KB       0 lignes
. . export : "SYSMAN"."MGMT_PROV_SUITE_INST_MEMBERS"         0 KB       0 lignes
. . export : "SYSMAN"."MGMT_PROV_TGT_STATUS"                 0 KB       0 lignes
. . export : "SYSMAN"."MGMT_RAC_SERVICES"                    0 KB       0 lignes
. . export : "SYSMAN"."MGMT_RCA_EVENT"                       0 KB       0 lignes
. . export : "SYSMAN"."MGMT_RCA_EVENT_ASSOC"                 0 KB       0 lignes
. . export : "SYSMAN"."MGMT_RCA_METRIC_PROPS"                0 KB       0 lignes
. . export : "SYSMAN"."MGMT_RCA_METRIC_TEST"                 0 KB       0 lignes
. . export : "SYSMAN"."MGMT_RCA_RECOVERY"                    0 KB       0 lignes
. . export : "SYSMAN"."MGMT_RCA_RUN"                         0 KB       0 lignes
. . export : "SYSMAN"."MGMT_RCA_SUMMARY"                     0 KB       0 lignes
. . export : "SYSMAN"."MGMT_RCA_TARGET_PROPS"                0 KB       0 lignes
. . export : "SYSMAN"."MGMT_RCA_TEST_RESULT"                 0 KB       0 lignes
. . export : "SYSMAN"."MGMT_RCA_TRACE"                       0 KB       0 lignes
. . export : "SYSMAN"."MGMT_RCVCAT_CONFIG"                   0 KB       0 lignes
. . export : "SYSMAN"."MGMT_RCVCAT_REPOS"                    0 KB       0 lignes
. . export : "SYSMAN"."MGMT_REPOS_TIME_COEFFICIENT"          0 KB       0 lignes
. . export : "SYSMAN"."MGMT_RT_COOKIE_DATA"                  0 KB       0 lignes
. . export : "SYSMAN"."MGMT_RT_DOMAIN_BOOTSTRAP"             0 KB       0 lignes
. . export : "SYSMAN"."MGMT_RT_DOMAIN_DIST_BOOTSTRAP"        0 KB       0 lignes
. . export : "SYSMAN"."MGMT_RT_DOMAIN_DIST_1DAY"             0 KB       0 lignes
. . export : "SYSMAN"."MGMT_RT_DOMAIN_DIST_1HOUR"            0 KB       0 lignes
. . export : "SYSMAN"."MGMT_RT_DOMAIN_1DAY"                  0 KB       0 lignes
. . export : "SYSMAN"."MGMT_RT_DOMAIN_1HOUR"                 0 KB       0 lignes
. . export : "SYSMAN"."MGMT_RT_INCOMPLETE_LOADS"             0 KB       0 lignes
. . export : "SYSMAN"."MGMT_RT_INCOMPLETE_LOADS_1DAY"        0 KB       0 lignes
. . export : "SYSMAN"."MGMT_RT_INCOMPLETE_LOADS_1HOUR"       0 KB       0 lignes
. . export : "SYSMAN"."MGMT_RT_IP_BOOTSTRAP"                 0 KB       0 lignes
. . export : "SYSMAN"."MGMT_RT_IP_DIST_BOOTSTRAP"            0 KB       0 lignes
. . export : "SYSMAN"."MGMT_RT_IP_DIST_1DAY"                 0 KB       0 lignes
. . export : "SYSMAN"."MGMT_RT_IP_DIST_1HOUR"                0 KB       0 lignes
. . export : "SYSMAN"."MGMT_RT_IP_1DAY"                      0 KB       0 lignes
. . export : "SYSMAN"."MGMT_RT_IP_1HOUR"                     0 KB       0 lignes
. . export : "SYSMAN"."MGMT_RT_METRICS_RAW"                  0 KB       0 lignes
. . export : "SYSMAN"."MGMT_RT_PR_MAPPING"                   0 KB       0 lignes
. . export : "SYSMAN"."MGMT_RT_PR_MAPPING_1DAY"              0 KB       0 lignes
. . export : "SYSMAN"."MGMT_RT_PR_MAPPING_1HOUR"             0 KB       0 lignes
. . export : "SYSMAN"."MGMT_RT_REGION_ENTRIES"               0 KB       0 lignes
. . export : "SYSMAN"."MGMT_RT_REGION_MAPPING"               0 KB       0 lignes
. . export : "SYSMAN"."MGMT_RT_REGIONS"                      0 KB       0 lignes
. . export : "SYSMAN"."MGMT_RT_TARGET_PROPERTIES"            0 KB       0 lignes
. . export : "SYSMAN"."MGMT_RT_URL_BOOTSTRAP"                0 KB       0 lignes
. . export : "SYSMAN"."MGMT_RT_URL_DIST_BOOTSTRAP"           0 KB       0 lignes
. . export : "SYSMAN"."MGMT_RT_URL_DIST_1DAY"                0 KB       0 lignes
. . export : "SYSMAN"."MGMT_RT_URL_DIST_1HOUR"               0 KB       0 lignes
. . export : "SYSMAN"."MGMT_RT_URLS"                         0 KB       0 lignes
. . export : "SYSMAN"."MGMT_RT_URL_1DAY"                     0 KB       0 lignes
. . export : "SYSMAN"."MGMT_RT_URL_1HOUR"                    0 KB       0 lignes
. . export : "SYSMAN"."MGMT_SEVERITY_RBK"                    0 KB       0 lignes
. . export : "SYSMAN"."MGMT_SL_METRICS"                      0 KB       0 lignes
. . export : "SYSMAN"."MGMT_SL_METRICS_HISTORY"              0 KB       0 lignes
. . export : "SYSMAN"."MGMT_SL_RULES"                        0 KB       0 lignes
. . export : "SYSMAN"."MGMT_SL_RULES_HISTORY"                0 KB       0 lignes
. . export : "SYSMAN"."MGMT_SQL_BIND_VARS"                   0 KB       0 lignes
. . export : "SYSMAN"."MGMT_SQL_EVALUATION"                  0 KB       0 lignes
. . export : "SYSMAN"."MGMT_SQL_METRIC_HELPER"               0 KB       0 lignes
. . export : "SYSMAN"."MGMT_SQL_PLAN"                        0 KB       0 lignes
. . export : "SYSMAN"."MGMT_SQLPROBLEM_FACTORS"              0 KB       0 lignes
. . export : "SYSMAN"."MGMT_SQL_REUSE"                       0 KB       0 lignes
. . export : "SYSMAN"."MGMT_SQL_SUMMARY"                     0 KB       0 lignes
. . export : "SYSMAN"."MGMT_STORAGE_REPORT_ALIAS"            0 KB       0 lignes
. . export : "SYSMAN"."MGMT_STORAGE_REPORT_DATA"             0 KB       0 lignes
. . export : "SYSMAN"."MGMT_STORAGE_REPORT_ISSUES"           0 KB       0 lignes
. . export : "SYSMAN"."MGMT_STORAGE_REPORT_KEYS"             0 KB       0 lignes
. . export : "SYSMAN"."MGMT_SWLIB_ENTITY_PLATFORMS"          0 KB       0 lignes
. . export : "SYSMAN"."MGMT_SYSTEM_CHANGES"                  0 KB       0 lignes
. . export : "SYSMAN"."MGMT_TABLE_SIZES"                     0 KB       0 lignes
. . export : "SYSMAN"."MGMT_TARGET_AGENT_ASSOC"              0 KB       0 lignes
. . export : "SYSMAN"."MGMT_TARGET_ASSOC"                    0 KB       0 lignes
. . export : "SYSMAN"."MGMT_TARGET_ASSOC_INSTANCE"           0 KB       0 lignes
. . export : "SYSMAN"."MGMT_TARGET_ASSOC_PROP"               0 KB       0 lignes
. . export : "SYSMAN"."MGMT_TARGET_ASSOC_PROP_DEFS"          0 KB       0 lignes
. . export : "SYSMAN"."MGMT_TARGET_BASELINES"                0 KB       0 lignes
. . export : "SYSMAN"."MGMT_TARGET_BASELINES_DATA"           0 KB       0 lignes
. . export : "SYSMAN"."MGMT_TARGET_DELETE_CALLBACKS"         0 KB       0 lignes
. . export : "SYSMAN"."MGMT_TARGET_PENDING_ASSOCS"           0 KB       0 lignes
. . export : "SYSMAN"."MGMT_TARGETS_DELETE"                  0 KB       0 lignes
. . export : "SYSMAN"."MGMT_TEMPLATE_COPIES"                 0 KB       0 lignes
. . export : "SYSMAN"."MGMT_TEMPLATES"                       0 KB       0 lignes
. . export : "SYSMAN"."MGMT_TEST"                            0 KB       0 lignes
. . export : "SYSMAN"."MGMT_TEST_DEFAULT_PROMOTION"          0 KB       0 lignes
. . export : "SYSMAN"."MGMT_TEST_DEFAULT_THRESHOLDS"         0 KB       0 lignes
. . export : "SYSMAN"."MGMT_TEST_MCOLUMNS"                   0 KB       0 lignes
. . export : "SYSMAN"."MGMT_TEST_METRIC_PROPS"               0 KB       0 lignes
. . export : "SYSMAN"."MGMT_TEST_METRICS"                    0 KB       0 lignes
. . export : "SYSMAN"."MGMT_TEST_PROP"                       0 KB       0 lignes
. . export : "SYSMAN"."MGMT_TEST_PROP_CHOICES"               0 KB       0 lignes
. . export : "SYSMAN"."MGMT_TEST_PROP_LEVEL"                 0 KB       0 lignes
. . export : "SYSMAN"."MGMT_TEST_PROP_QUALIFIERS"            0 KB       0 lignes
. . export : "SYSMAN"."MGMT_TEST_PROP_UIGROUP"               0 KB       0 lignes
. . export : "SYSMAN"."MGMT_TEST_QUALIFIERS"                 0 KB       0 lignes
. . export : "SYSMAN"."MGMT_TEST_TARGET_MAP"                 0 KB       0 lignes
. . export : "SYSMAN"."MGMT_TEXTINDEX"                       0 KB       0 lignes
. . export : "SYSMAN"."MGMT_TEXTINDEX_LOGS_INFO"             0 KB       0 lignes
. . export : "SYSMAN"."MGMT_TEXT_INDEX_STATS"                0 KB       0 lignes
. . export : "SYSMAN"."MGMT_TOPO_PAGE_BG_IMAGE"              0 KB       0 lignes
. . export : "SYSMAN"."MGMT_TOPO_PAGE_OBJ_POS"               0 KB       0 lignes
. . export : "SYSMAN"."MGMT_TOPO_PAGE_PREF"                  0 KB       0 lignes
. . export : "SYSMAN"."MGMT_UPDATE_COLL_CREDS_DATA"          0 KB       0 lignes
. . export : "SYSMAN"."MGMT_UPDATE_CREDENTIALS_DATA"         0 KB       0 lignes
. . export : "SYSMAN"."MGMT_UPDATE_OPERATIONS"               0 KB       0 lignes
. . export : "SYSMAN"."MGMT_UPDATE_OPERATIONS_DATA"          0 KB       0 lignes
. . export : "SYSMAN"."MGMT_UPDATE_OPERATIONS_DETAILS"       0 KB       0 lignes
. . export : "SYSMAN"."MGMT_UPDATE_PDP_DATA"                 0 KB       0 lignes
. . export : "SYSMAN"."MGMT_UPDATE_PDP_DATA_COPY"            0 KB       0 lignes
. . export : "SYSMAN"."MGMT_UPDATE_PDP_DATA_MAP"             0 KB       0 lignes
. . export : "SYSMAN"."MGMT_UPDATE_PROPERTIES_DATA"          0 KB       0 lignes
. . export : "SYSMAN"."MGMT_UPDATE_TEMPLATE_DATA_MAP"        0 KB       0 lignes
. . export : "SYSMAN"."MGMT_UPDATE_THRESHOLDS_DATA"          0 KB       0 lignes
. . export : "SYSMAN"."MGMT_URL_CACHE"                       0 KB       0 lignes
. . export : "SYSMAN"."MGMT_URL_PROXY"                       0 KB       0 lignes
. . export : "SYSMAN"."MGMT_USER_JOBS"                       0 KB       0 lignes
. . export : "SYSMAN"."MGMT_USER_PREFERENCES"                0 KB       0 lignes
. . export : "SYSMAN"."MGMT_USER_REPORT_DEFS"                0 KB       0 lignes
. . export : "SYSMAN"."MGMT_USER_SESSION"                    0 KB       0 lignes
. . export : "SYSMAN"."MGMT_USER_TARGETS"                    0 KB       0 lignes
. . export : "SYSMAN"."MGMT_USER_TEMPLATES"                  0 KB       0 lignes
. . export : "SYSTEM"."DEF$_AQCALL"                          0 KB       0 lignes
. . export : "SYSTEM"."DEF$_AQERROR"                         0 KB       0 lignes
. . export : "SYSTEM"."DEF$_CALLDEST"                        0 KB       0 lignes
. . export : "SYSTEM"."DEF$_DEFAULTDEST"                     0 KB       0 lignes
. . export : "SYSTEM"."DEF$_ERROR"                           0 KB       0 lignes
. . export : "SYSTEM"."DEF$_LOB"                             0 KB       0 lignes
. . export : "SYSTEM"."DEF$_ORIGIN"                          0 KB       0 lignes
. . export : "SYSTEM"."DEF$_PROPAGATOR"                      0 KB       0 lignes
. . export : "SYSTEM"."DEF$_PUSHED_TRANSACTIONS"             0 KB       0 lignes
. . export : "SYSTEM"."MVIEW$_ADV_INDEX"                     0 KB       0 lignes
. . export : "SYSTEM"."MVIEW$_ADV_PARTITION"                 0 KB       0 lignes
. . export : "SYSTEM"."REPCAT$_AUDIT_COLUMN"                 0 KB       0 lignes
. . export : "SYSTEM"."REPCAT$_COLUMN_GROUP"                 0 KB       0 lignes
. . export : "SYSTEM"."REPCAT$_CONFLICT"                     0 KB       0 lignes
. . export : "SYSTEM"."REPCAT$_DDL"                          0 KB       0 lignes
. . export : "SYSTEM"."REPCAT$_EXCEPTIONS"                   0 KB       0 lignes
. . export : "SYSTEM"."REPCAT$_EXTENSION"                    0 KB       0 lignes
. . export : "SYSTEM"."REPCAT$_FLAVOR_OBJECTS"               0 KB       0 lignes
. . export : "SYSTEM"."REPCAT$_FLAVORS"                      0 KB       0 lignes
. . export : "SYSTEM"."REPCAT$_GENERATED"                    0 KB       0 lignes
. . export : "SYSTEM"."REPCAT$_GROUPED_COLUMN"               0 KB       0 lignes
. . export : "SYSTEM"."REPCAT$_INSTANTIATION_DDL"            0 KB       0 lignes
. . export : "SYSTEM"."REPCAT$_KEY_COLUMNS"                  0 KB       0 lignes
. . export : "SYSTEM"."REPCAT$_OBJECT_PARMS"                 0 KB       0 lignes
. . export : "SYSTEM"."REPCAT$_PARAMETER_COLUMN"             0 KB       0 lignes
. . export : "SYSTEM"."REPCAT$_PRIORITY"                     0 KB       0 lignes
. . export : "SYSTEM"."REPCAT$_PRIORITY_GROUP"               0 KB       0 lignes
. . export : "SYSTEM"."REPCAT$_REFRESH_TEMPLATES"            0 KB       0 lignes
. . export : "SYSTEM"."REPCAT$_REPCAT"                       0 KB       0 lignes
. . export : "SYSTEM"."REPCAT$_REPCATLOG"                    0 KB       0 lignes
. . export : "SYSTEM"."REPCAT$_REPCOLUMN"                    0 KB       0 lignes
. . export : "SYSTEM"."REPCAT$_REPGROUP_PRIVS"               0 KB       0 lignes
. . export : "SYSTEM"."REPCAT$_REPOBJECT"                    0 KB       0 lignes
. . export : "SYSTEM"."REPCAT$_REPPROP"                      0 KB       0 lignes
. . export : "SYSTEM"."REPCAT$_REPSCHEMA"                    0 KB       0 lignes
. . export : "SYSTEM"."REPCAT$_RESOL_STATS_CONTROL"          0 KB       0 lignes
. . export : "SYSTEM"."REPCAT$_RESOLUTION"                   0 KB       0 lignes
. . export : "SYSTEM"."REPCAT$_RESOLUTION_STATISTICS"        0 KB       0 lignes
. . export : "SYSTEM"."REPCAT$_RUNTIME_PARMS"                0 KB       0 lignes
. . export : "SYSTEM"."REPCAT$_SITE_OBJECTS"                 0 KB       0 lignes
. . export : "SYSTEM"."REPCAT$_SITES_NEW"                    0 KB       0 lignes
. . export : "SYSTEM"."REPCAT$_SNAPGROUP"                    0 KB       0 lignes
. . export : "SYSTEM"."REPCAT$_TEMPLATE_OBJECTS"             0 KB       0 lignes
. . export : "SYSTEM"."REPCAT$_TEMPLATE_PARMS"               0 KB       0 lignes
. . export : "SYSTEM"."REPCAT$_TEMPLATE_REFGROUPS"           0 KB       0 lignes
. . export : "SYSTEM"."REPCAT$_TEMPLATE_SITES"               0 KB       0 lignes
. . export : "SYSTEM"."REPCAT$_TEMPLATE_TARGETS"             0 KB       0 lignes
. . export : "SYSTEM"."REPCAT$_USER_AUTHORIZATIONS"          0 KB       0 lignes
. . export : "SYSTEM"."REPCAT$_USER_PARM_VALUES"             0 KB       0 lignes
. . export : "SYSTEM"."SQLPLUS_PRODUCT_PROFILE"              0 KB       0 lignes
. . export : "TRANSFERT"."TR_CAIJOURNAL"                     0 KB       0 lignes
. . export : "TRANSFERT"."TR_CAIJOURNAL_BILL"                0 KB       0 lignes
. . export : "TRANSFERT"."TR_CAIMVT"                         0 KB       0 lignes
. . export : "TRANSFERT"."TR_CAIMVT_IMP"                     0 KB       0 lignes
. . export : "TRANSFERT"."TR_CAIMVT_LETTRAGE"                0 KB       0 lignes
. . export : "TRANSFERT"."TR_CECFLOT"                        0 KB       0 lignes
. . export : "TRANSFERT"."TR_CECFOPER"                       0 KB       0 lignes
. . export : "TRANSFERT"."TR_CFID_LOG"                       0 KB       0 lignes
. . export : "TRANSFERT"."TR_GCBRDD_LOT"                     0 KB       0 lignes
. . export : "TRANSFERT"."TR_GCBRDD_PROMO"                   0 KB       0 lignes
. . export : "TRANSFERT"."TR_GCBRDE_AVCE_LETTRAGE"           0 KB       0 lignes
. . export : "TRANSFERT"."TR_GCPART"                         0 KB       0 lignes
. . export : "TRANSFERT"."TR_GCPART_UNITE"                   0 KB       0 lignes
. . export : "TRANSFERT"."TR_GCPTARIF_ART"                   0 KB       0 lignes
. . export : "XAPP_BI"."EUL5_ASMP_CONS"                      0 KB       0 lignes
. . export : "XAPP_BI"."EUL5_ASMP_LOGS"                      0 KB       0 lignes
. . export : "XAPP_BI"."EUL5_ASM_POLICIES"                   0 KB       0 lignes
. . export : "XAPP_BI"."EUL5_BATCH_PARAMS"                   0 KB       0 lignes
. . export : "XAPP_BI"."EUL5_BATCH_QUERIES"                  0 KB       0 lignes
. . export : "XAPP_BI"."EUL5_BATCH_REPORTS"                  0 KB       0 lignes
. . export : "XAPP_BI"."EUL5_BATCH_SHEETS"                   0 KB       0 lignes
. . export : "XAPP_BI"."EUL5_BQ_DEPS"                        0 KB       0 lignes
. . export : "XAPP_BI"."EUL5_BQ_TABLES"                      0 KB       0 lignes
. . export : "XAPP_BI"."EUL5_BR_RUNS"                        0 KB       0 lignes
. . export : "XAPP_BI"."EUL5_DOMAINS"                        0 KB       0 lignes
. . export : "XAPP_BI"."EUL5_IHS_FK_LINKS"                   0 KB       0 lignes
. . export : "XAPP_BI"."EUL5_OBJ_DEPS"                       0 KB       0 lignes
. . export : "XAPP_BI"."EUL5_OBJ_JOIN_USGS"                  0 KB       0 lignes
. . export : "XAPP_BI"."EUL5_PLAN_TABLE"                     0 KB       0 lignes
. . export : "XAPP_BI"."EUL5_SQ_CRRLTNS"                     0 KB       0 lignes
. . export : "XAPP_BI"."EUL5_SUB_QUERIES"                    0 KB       0 lignes
. . export : "XAPP_BI"."EUL5_SUM_BITMAPS"                    0 KB       0 lignes
. . export : "XAPP_BI"."EUL5_SUMMARY_OBJS"                   0 KB       0 lignes
. . export : "XAPP_BI"."EUL5_SUMO_EXP_USGS"                  0 KB       0 lignes
. . export : "XAPP_BI"."EUL5_SUM_RFSH_SETS"                  0 KB       0 lignes
. . export : "XCPTA"."CP_ABDES"                              0 KB       0 lignes
. . export : "XCPTA"."CP_ABDES2"                             0 KB       0 lignes
. . export : "XCPTA"."CP_ABO"                                0 KB       0 lignes
. . export : "XCPTA"."CP_ABV"                                0 KB       0 lignes
. . export : "XCPTA"."CP_BQE_FOUR"                           0 KB       0 lignes
. . export : "XCPTA"."CP_BUDA"                               0 KB       0 lignes
. . export : "XCPTA"."CP_BUDA_VENT"                          0 KB       0 lignes
. . export : "XCPTA"."CP_CHEQUIER"                           0 KB       0 lignes
. . export : "XCPTA"."CP_CHG"                                0 KB       0 lignes
. . export : "XCPTA"."CP_COP"                                0 KB       0 lignes
. . export : "XCPTA"."CP_CPT_FOUR"                           0 KB       0 lignes
. . export : "XCPTA"."CP_CPTREP"                             0 KB       0 lignes
. . export : "XCPTA"."CP_CPTTAXE"                            0 KB       0 lignes
. . export : "XCPTA"."CP_CTRL_IMP"                           0 KB       0 lignes
. . export : "XCPTA"."CP_ECRAUTO"                            0 KB       0 lignes
. . export : "XCPTA"."CP_ECRAUTO_VENT"                       0 KB       0 lignes
. . export : "XCPTA"."CP_ECR_BQE"                            0 KB       0 lignes
. . export : "XCPTA"."CP_EDI"                                0 KB       0 lignes
. . export : "XCPTA"."CP_ETA"                                0 KB       0 lignes
. . export : "XCPTA"."CP_ETA02"                              0 KB       0 lignes
. . export : "XCPTA"."CP_EVA"                                0 KB       0 lignes
. . export : "XCPTA"."CP_EVA_PER"                            0 KB       0 lignes
. . export : "XCPTA"."CP_FACT_ARCH"                          0 KB       0 lignes
. . export : "XCPTA"."CP_FACT_FOUR"                          0 KB       0 lignes
. . export : "XCPTA"."CP_FACTURE"                            0 KB       0 lignes
. . export : "XCPTA"."CP_INT_B"                              0 KB       0 lignes
. . export : "XCPTA"."CP_INT_FOU"                            0 KB       0 lignes
. . export : "XCPTA"."CP_JOU_SCHEMA"                         0 KB       0 lignes
. . export : "XCPTA"."CP_LVA"                                0 KB       0 lignes
. . export : "XCPTA"."CP_LVA_DEF"                            0 KB       0 lignes
. . export : "XCPTA"."CP_LVA_PER"                            0 KB       0 lignes
. . export : "XCPTA"."CP_MDR"                                0 KB       0 lignes
. . export : "XCPTA"."CP_PAE"                                0 KB       0 lignes
. . export : "XCPTA"."CP_PARG"                               0 KB       0 lignes
. . export : "XCPTA"."CP_PAR1_FOUR"                          0 KB       0 lignes
. . export : "XCPTA"."CP_PAR2_FOUR"                          0 KB       0 lignes
. . export : "XCPTA"."CP_REG_FOUR"                           0 KB       0 lignes
. . export : "XCPTA"."CP_RELBQE"                             0 KB       0 lignes
. . export : "XCPTA"."CP_RELBQE_ARCH"                        0 KB       0 lignes
. . export : "XCPTA"."CP_RES"                                0 KB       0 lignes
. . export : "XCPTA"."CP_RES_EXE"                            0 KB       0 lignes
. . export : "XCPTA"."CP_TMPBQE"                             0 KB       0 lignes
. . export : "XCPTA"."CP_UTIJOU"                             0 KB       0 lignes
. . export : "XCPTA"."CP_VIREMENT"                           0 KB       0 lignes
. . export : "XCPTA"."CP_VIREMENT_BRDE"                      0 KB       0 lignes
. . export : "XCPTA"."CP_VIREMENT_ECR"                       0 KB       0 lignes
Table maître "XAPP"."SYS_EXPORT_FULL_09" chargée/déchargée avec succès
******************************************************************************
L'ensemble de fichiers de vidage de XAPP.SYS_EXPORT_FULL_09 est :
  E:\SAUVEGARDE\DATAPUMP\EXPDP_REGAL_FULL.DMP
L'exécution du travail "XAPP"."SYS_EXPORT_FULL_09" a abouti à 23:04:41
