CODART,UNITE,COEFF,COEFF_DIV,TARIF_UNITE,DATLIM_VALID,DATCRE,CUTI,DATMOD
32815,C06,6,,30000,,2017-01-08 18:16:18.000,XXXX,2023-11-19 12:10:34.000
32816,C12,12,,54000,,2019-06-25 00:00:00.000,SQL,2018-07-04 20:33:27.000
32817,C06,6,,,,2019-06-25 00:00:00.000,SQL,
32820,C06,6,,,,2019-06-25 00:00:00.000,SQL,
32821,CTN,6,,96000,,2019-06-25 00:00:00.000,SQL,2018-02-15 10:18:44.000
32822,CTN,6,,33000,,2017-01-08 18:16:18.000,XXXX,2024-10-14 18:42:58.000
32824,CTN,6,,21000,,2017-08-03 00:00:00.000,XXXX,2024-08-25 13:37:29.000
32825,CTN,6,,,,2019-06-25 00:00:00.000,SQL,
32826,CTN,6,,21000,,2017-01-08 18:16:18.000,XXXX,
32827,C06,6,,,,2019-06-25 00:00:00.000,SQL,
32828,CTN,6,,21000,,2017-01-08 18:16:18.000,XXXX,
32829,C12,12,,,,2019-06-25 00:00:00.000,SQL,
32830,C06,6,,,,2000-01-01 00:00:00.000,AUTO,
32830,C12,12,,1440000,,2019-06-25 00:00:00.000,SQL,2023-10-25 20:25:08.000
32831,C12,12,,60000,,2016-07-31 00:00:00.000,XXXX,2023-10-25 20:25:08.000
32832,C12,12,,,,2019-06-25 00:00:00.000,SQL,
32833,C04,4,,,,2000-01-01 00:00:00.000,AUTO,
32833,CTN,6,,21000,,2017-06-27 09:52:21.000,XXXX,2024-10-14 19:25:38.000
32834,C04,4,,,,2000-01-01 00:00:00.000,AUTO,
32834,C06,6,,15500,,2019-06-25 00:00:00.000,SQL,2024-11-07 00:00:00.000
32835,CTN,6,,24000,,2016-11-29 13:02:16.000,XXXX,2018-07-04 20:33:27.000
32836,CTN,6,,19500,,2017-04-17 00:00:00.000,XXXX,2018-04-11 20:21:15.000
32839,CTN,3.968,,,,2019-06-25 00:00:00.000,SQL,
32840,C48,48,,,,2019-06-25 00:00:00.000,SQL,
32840,CTN,3.39567,,,,2019-06-25 00:00:00.000,SQL,
32841,C20,20,,,,2019-06-25 00:00:00.000,SQL,
32842,C18,18,,,,2019-06-25 00:00:00.000,SQL,
32843,C25,25,,,,2019-06-25 00:00:00.000,SQL,
32844,C06,6,,,,2019-06-25 00:00:00.000,SQL,
32845,C30,30,,,,2019-06-25 00:00:00.000,SQL,
32846,C03,3,,,,2000-01-01 00:00:00.000,AUTO,
32846,C04,4,,,,2019-06-25 00:00:00.000,SQL,
32846,CTN,3.61,,,,2019-06-25 00:00:00.000,SQL,
32847,C25,25,,,,2019-06-25 00:00:00.000,SQL,
32848,C20,20,,,,2019-06-25 00:00:00.000,SQL,
32849,C20,20,,,,2019-06-25 00:00:00.000,SQL,
32850,C25,25,,,,2019-06-25 00:00:00.000,SQL,
32851,C25,25,,,,2019-06-25 00:00:00.000,SQL,
32852,C09,9,,,,2000-01-01 00:00:00.000,AUTO,
32852,CTN,8.829,,,,2019-06-25 00:00:00.000,SQL,
32853,CTN,15.3544,,,,2019-06-25 00:00:00.000,SQL,
32854,CTN,15.7482,,,,2019-06-25 00:00:00.000,SQL,
32855,CTN,10.564,,,,2019-06-25 00:00:00.000,SQL,
32856,CTN,15.11467,,,,2019-06-25 00:00:00.000,SQL,
32857,C16,16,,,,2019-06-25 00:00:00.000,SQL,
32858,CTN,7.87,,,,2019-06-25 00:00:00.000,SQL,
32859,C04,4,,,,2000-01-01 00:00:00.000,AUTO,
32859,C05,5,,,,2000-01-01 00:00:00.000,AUTO,
32859,C06,6,,,,2019-06-25 00:00:00.000,SQL,
32859,CTN,4.94,,,,2019-06-25 00:00:00.000,SQL,
32860,CTN,3.9355,,,,2019-06-25 00:00:00.000,SQL,
32861,C24,24,,,,2019-06-25 00:00:00.000,SQL,
32862,C12,12,,,,2019-06-25 00:00:00.000,SQL,
32862,C20,20,,,,2019-06-25 00:00:00.000,SQL,
32863,C06,6,,,,2019-06-25 00:00:00.000,SQL,
32864,CTN,4.904,,,,2019-06-25 00:00:00.000,SQL,
32865,C40,40,,,,2019-06-25 00:00:00.000,SQL,
32866,C40,40,,,,2019-06-25 00:00:00.000,SQL,
32867,CTN,4.38333,,,,2019-06-25 00:00:00.000,SQL,
32868,C08,8,,,,2019-06-25 00:00:00.000,SQL,
32869,C09,9,,,,2019-06-25 00:00:00.000,SQL,
32870,C12,12,,,,2019-06-25 00:00:00.000,SQL,
32871,C18,18,,,,2019-06-25 00:00:00.000,SQL,
32872,C18,18,,,,2019-06-25 00:00:00.000,SQL,
32873,C18,18,,,,2019-06-25 00:00:00.000,SQL,
32874,C15,15,,,,2019-06-25 00:00:00.000,SQL,
32875,C06,6,,21000,,2017-01-08 18:16:18.000,XXXX,
32876,CTN,6,,24000,,2017-01-08 18:16:18.000,XXXX,2025-04-28 19:56:29.000
32877,C06,6,,,,2019-06-25 00:00:00.000,SQL,
32878,C12,12,,,,2019-06-25 00:00:00.000,SQL,
32879,C18,18,,,,2019-06-25 00:00:00.000,SQL,
32880,C06,6,,,,2019-06-25 00:00:00.000,SQL,
32881,C15,15,,,,2019-06-25 00:00:00.000,SQL,
32882,C16,16,,,,2019-06-25 00:00:00.000,SQL,
32883,C12,12,,,,2019-06-25 00:00:00.000,SQL,
32884,C06,6,,,,2019-06-25 00:00:00.000,SQL,
32885,C25,25,,,,2019-06-25 00:00:00.000,SQL,
32886,C18,18,,,,2019-06-25 00:00:00.000,SQL,
32887,C04,4,,,,2019-06-25 00:00:00.000,SQL,
32888,C08,8,,,,2019-06-25 00:00:00.000,SQL,
32889,C20,20,,,,2019-06-25 00:00:00.000,SQL,
32890,C20,20,,,,2019-06-25 00:00:00.000,SQL,
32891,C16,16,,,,2019-06-25 00:00:00.000,SQL,
32892,C12,12,,,,2019-06-25 00:00:00.000,SQL,
32893,C12,12,,,,2019-06-25 00:00:00.000,SQL,
32894,C18,18,,,,2019-06-25 00:00:00.000,SQL,
32894,C24,24,,,,2019-06-25 00:00:00.000,SQL,
32894,C36,36,,,,2019-06-25 00:00:00.000,SQL,
32899,C06,6,,,,2019-06-25 00:00:00.000,SQL,
32899,C12,12,,,,2019-06-25 00:00:00.000,SQL,
32900,C12,12,,5500,,2019-06-25 00:00:00.000,SQL,2022-02-01 20:15:40.000
32900,C15,15,,,,2019-06-25 00:00:00.000,SQL,
32903,C12,12,,,,2019-06-25 00:00:00.000,SQL,
32903,C24,24,,,,2019-06-25 00:00:00.000,SQL,
32904,C06,6,,,,2019-06-25 00:00:00.000,SQL,
32904,C12,12,,,,2019-06-25 00:00:00.000,SQL,
32905,C12,12,,,,2019-06-25 00:00:00.000,SQL,
32905,C24,24,,,,2019-06-25 00:00:00.000,SQL,
32906,C15,15,,,,2019-06-25 00:00:00.000,SQL,
32906,C16,16,,,,2019-06-25 00:00:00.000,SQL,
32907,C06,6,,,,2019-06-25 00:00:00.000,SQL,
32908,C18,18,,,,2019-06-25 00:00:00.000,SQL,
32909,C12,12,,,,2019-06-25 00:00:00.000,SQL,
32910,C50,50,,,,2019-06-25 00:00:00.000,SQL,
32911,C18,18,,,,2019-06-25 00:00:00.000,SQL,
32912,C35,35,,,,2019-06-25 00:00:00.000,SQL,
32913,C32,32,,,,2019-06-25 00:00:00.000,SQL,
32914,C32,32,,,,2019-06-25 00:00:00.000,SQL,
32915,C20,20,,,,2019-06-25 00:00:00.000,SQL,
32915,F00,300,,,,2000-01-01 00:00:00.000,AUTO,
32916,C30,30,,,,2019-06-25 00:00:00.000,SQL,
32917,C36,36,,,,2019-06-25 00:00:00.000,SQL,
32918,C24,24,,15000,,2022-01-25 00:00:00.000,GIRIS,2022-01-25 00:00:00.000
32918,C32,32,,,,2019-06-25 00:00:00.000,SQL,
32918,E88,288,,,,2000-01-01 00:00:00.000,AUTO,
32919,C24,24,,,,2019-06-25 00:00:00.000,SQL,
32920,C12,12,,,,2019-06-25 00:00:00.000,SQL,
32920,C24,24,,,,2019-06-25 00:00:00.000,SQL,
32921,C12,12,,,,2019-06-25 00:00:00.000,SQL,
32921,C18,18,,,,2019-06-25 00:00:00.000,SQL,
32921,C24,24,,,,2019-06-25 00:00:00.000,SQL,
32922,C24,24,,,,2019-06-25 00:00:00.000,SQL,
32923,C12,12,,,,2019-06-25 00:00:00.000,SQL,
32924,C06,6,,,,2019-06-25 00:00:00.000,SQL,
32924,C08,8,,,,2019-06-25 00:00:00.000,SQL,
32925,C06,6,,,,2019-06-25 00:00:00.000,SQL,
32926,C06,6,,,,2019-06-25 00:00:00.000,SQL,
32928,C06,6,,,,2019-06-25 00:00:00.000,SQL,
32929,C06,6,,,,2019-06-25 00:00:00.000,SQL,
32932,C06,6,,,,2019-06-25 00:00:00.000,SQL,
32932,C08,8,,,,2019-06-25 00:00:00.000,SQL,
32933,C06,6,,,,2019-06-25 00:00:00.000,SQL,
32933,C08,8,,,,2019-06-25 00:00:00.000,SQL,
32934,C06,6,,,,2019-06-25 00:00:00.000,SQL,
32935,C06,6,,,,2019-06-25 00:00:00.000,SQL,
32936,C06,6,,7000,,2019-06-25 00:00:00.000,SQL,2019-07-06 19:39:06.000
32938,C08,8,,20000,,2019-06-25 00:00:00.000,SQL,2024-04-23 20:36:09.000
32938,C16,16,,,,2019-06-25 00:00:00.000,SQL,
32938,C24,24,,,,2021-05-31 12:50:11.000,MOHIT,
32941,C24,24,,,,2019-06-25 00:00:00.000,SQL,
32942,C12,12,,,,2019-06-25 00:00:00.000,SQL,
32943,C12,12,,25000,,2019-06-25 00:00:00.000,SQL,2023-06-15 20:14:56.000
32944,C12,12,,23000,,2019-06-25 00:00:00.000,SQL,2023-05-08 19:02:19.000
32945,C12,12,,25000,,2019-06-25 00:00:00.000,SQL,2023-05-08 19:02:19.000
32946,C24,24,,,,2019-06-25 00:00:00.000,SQL,
32947,C24,24,,,,2019-06-25 00:00:00.000,SQL,
32948,C06,6,,,,2019-06-25 00:00:00.000,SQL,
32948,C10,10,,,,2019-06-25 00:00:00.000,SQL,
32949,C06,6,,,,2019-06-25 00:00:00.000,SQL,
32949,C10,10,,,,2019-06-25 00:00:00.000,SQL,
32950,C10,10,,,,2019-06-25 00:00:00.000,SQL,
32951,C10,10,,,,2019-06-25 00:00:00.000,SQL,
32952,C10,10,,,,2019-06-25 00:00:00.000,SQL,
32953,C06,6,,,,2019-06-25 00:00:00.000,SQL,
32954,C10,10,,10500,,2019-06-25 00:00:00.000,SQL,2023-05-08 19:02:19.000
32955,C12,12,,,,2019-06-25 00:00:00.000,SQL,
32956,C04,4,,,,2019-06-25 00:00:00.000,SQL,
32957,C06,6,,,,2019-06-25 00:00:00.000,SQL,
32958,C03,3,,,,2019-06-25 00:00:00.000,SQL,
32959,C03,3,,,,2019-06-25 00:00:00.000,SQL,
32960,C06,6,,,,2019-06-25 00:00:00.000,SQL,
32961,C06,6,,,,2019-06-25 00:00:00.000,SQL,
32962,C06,6,,,,2019-06-25 00:00:00.000,SQL,
32963,C06,6,,,,2019-06-25 00:00:00.000,SQL,
32964,C05,5,,,,2019-06-25 00:00:00.000,SQL,
32965,C05,5,,,,2019-06-25 00:00:00.000,SQL,
32967,C05,5,,,,2019-06-25 00:00:00.000,SQL,
32968,C05,5,,,,2019-06-25 00:00:00.000,SQL,
32970,C04,4,,,,2019-06-25 00:00:00.000,SQL,
32971,C04,4,,,,2019-06-25 00:00:00.000,SQL,
32973,C20,20,,20000,,2019-06-25 00:00:00.000,SQL,2019-06-09 13:25:42.000
32974,C06,6,,6500,,2019-06-25 00:00:00.000,SQL,2021-10-05 20:36:55.000
32976,C06,6,,,,2019-06-25 00:00:00.000,SQL,
32977,C06,6,,6500,,2019-06-25 00:00:00.000,SQL,2021-10-05 20:36:55.000
32979,C06,6,,6500,,2019-06-25 00:00:00.000,SQL,2017-12-19 20:30:51.000
32981,C06,6,,6000,,2017-01-08 18:16:20.000,XXXX,2025-05-06 19:46:02.000
32982,C12,12,,,,2019-06-25 00:00:00.000,SQL,
32983,C06,6,,,,2019-06-25 00:00:00.000,SQL,
32984,C12,12,,18000,,2019-06-25 00:00:00.000,SQL,2022-11-18 20:34:25.000
32987,C04,4,,,,2000-01-01 00:00:00.000,AUTO,
32987,C24,24,,,,2019-06-25 00:00:00.000,SQL,
32987,PKT,6,,,,2020-11-24 12:06:30.000,MOHIT,
32988,C24,24,,,,2019-06-25 00:00:00.000,SQL,
32989,C06,6,,,,2019-06-25 00:00:00.000,SQL,
32990,C06,6,,,,2019-06-25 00:00:00.000,SQL,
32991,C06,6,,,,2019-06-25 00:00:00.000,SQL,
32992,C12,12,,,,2019-06-25 00:00:00.000,SQL,
32992,C14,14,,,,2000-01-01 00:00:00.000,AUTO,
32993,C12,12,,,,2019-06-25 00:00:00.000,SQL,
32994,C12,12,,,,2019-06-25 00:00:00.000,SQL,
32996,C06,6,,,,2019-06-25 00:00:00.000,SQL,
32997,C06,6,,,,2019-06-25 00:00:00.000,SQL,
32998,C08,8,,,,2019-06-25 00:00:00.000,SQL,
32999,C06,6,,,,2019-06-25 00:00:00.000,SQL,
33000,C06,6,,,,2019-06-25 00:00:00.000,SQL,
33001,C16,16,,,,2019-06-25 00:00:00.000,SQL,
33002,C16,16,,,,2019-06-25 00:00:00.000,SQL,
33003,C16,16,,,,2019-06-25 00:00:00.000,SQL,
33003,C24,24,,,,2019-06-25 00:00:00.000,SQL,
33004,C12,12,,,,2019-06-25 00:00:00.000,SQL,
33005,C24,24,,10000,,2017-06-10 00:00:00.000,XXXX,2025-07-09 00:00:00.000
33006,C12,12,,,,2019-06-25 00:00:00.000,SQL,
33007,C12,12,,,,2019-06-25 00:00:00.000,SQL,
33008,C18,18,,,,2019-06-25 00:00:00.000,SQL,
33010,C09,9,,22500,,2017-01-08 18:16:20.000,XXXX,
33011,C12,12,,,,2019-06-25 00:00:00.000,SQL,
33012,C12,12,,,,2019-06-25 00:00:00.000,SQL,
33013,C39,39,,24000,,2019-06-25 00:00:00.000,SQL,2019-04-28 13:39:36.000
37474,C12,12,,,,2019-06-25 00:00:00.000,SQL,
37475,C06,6,,,,2019-06-25 00:00:00.000,SQL,
37476,C08,8,,,,2019-06-25 00:00:00.000,SQL,
37477,C08,8,,,,2019-06-25 00:00:00.000,SQL,
37478,C08,8,,,,2019-06-25 00:00:00.000,SQL,
37479,C20,20,,,,2019-06-25 00:00:00.000,SQL,
37480,C20,20,,,,2019-06-25 00:00:00.000,SQL,
37482,C12,12,,,,2019-06-25 00:00:00.000,SQL,
37484,C06,6,,12000,,2017-01-08 18:17:03.000,XXXX,2019-01-27 10:41:34.000
37485,C04,4,,,,2019-06-25 00:00:00.000,SQL,
37486,C04,4,,,,2019-06-25 00:00:00.000,SQL,
37487,C12,12,,12000,,2019-06-25 00:00:00.000,SQL,2024-02-10 08:45:18.000
37488,C12,12,,13000,,2019-06-25 00:00:00.000,SQL,2024-02-10 08:45:18.000
37489,C12,12,,13500,,2019-06-25 00:00:00.000,SQL,2024-02-10 08:45:18.000
37490,C12,12,,13500,,2016-08-30 20:59:25.000,XXXX,2024-02-10 08:45:18.000
37491,C12,12,,12000,,2016-08-30 20:59:25.000,XXXX,2022-12-06 20:44:07.000
37492,C12,12,,,,2019-06-25 00:00:00.000,SQL,
37493,C80,80,,42000,,2017-08-01 00:00:00.000,XXXX,2022-07-05 00:00:00.000
37493,PQT,5,,3250,,2018-08-28 00:00:00.000,NICK,2022-07-05 00:00:00.000
37494,C80,80,,40000,,2017-08-01 00:00:00.000,XXXX,2025-07-23 18:52:01.000
37494,PQT,5,,3500,,2019-07-26 00:00:00.000,MOHIT,2023-08-29 17:40:42.000
37495,C80,80,,40000,,2017-08-01 00:00:00.000,XXXX,2025-07-23 18:52:01.000
37495,PQT,5,,3500,,2018-08-04 00:00:00.000,NICK,2023-08-29 17:40:42.000
37496,C80,80,,42000,,2017-08-05 19:02:59.000,XXXX,2022-07-05 00:00:00.000
37496,PQT,5,,3250,,2018-08-25 00:00:00.000,NICK,2022-07-05 00:00:00.000
37497,E00,200,,29000,,2017-01-08 18:17:03.000,XXXX,2022-07-05 00:00:00.000
37498,D00,100,,29000,,2017-01-08 18:17:03.000,XXXX,2022-07-05 00:00:00.000
37498,PQT,5,,1750,,2018-08-10 00:00:00.000,NICK,2022-07-05 00:00:00.000
37499,C80,80,,51000,,2017-08-11 20:01:16.000,XXXX,2022-07-05 00:00:00.000
37499,PQT,4,,3000,,2018-08-10 00:00:00.000,NICK,2022-07-05 00:00:00.000
37500,C60,60,,55000,,2017-08-05 19:02:59.000,XXXX,2022-07-05 00:00:00.000
37500,PQT,5,,5750,,2018-08-10 00:00:00.000,NICK,2022-07-05 00:00:00.000
37501,C80,80,,51000,,2017-01-08 18:17:04.000,XXXX,2022-07-05 00:00:00.000
37501,PQT,4,,3000,,2018-08-10 00:00:00.000,NICK,2022-07-05 00:00:00.000
37502,C60,60,,55000,,2017-01-08 18:17:04.000,XXXX,2022-07-05 00:00:00.000
37502,PQT,5,,5750,,2018-08-10 00:00:00.000,NICK,2022-07-05 00:00:00.000
37503,C80,80,,51000,,2017-01-08 18:17:04.000,XXXX,2022-07-05 00:00:00.000
37504,C60,60,,55000,,2017-01-08 18:17:04.000,XXXX,2022-07-05 00:00:00.000
37504,PQT,5,,5750,,2018-08-25 00:00:00.000,NICK,2022-07-05 00:00:00.000
37505,C80,80,,51000,,2017-08-11 20:01:16.000,XXXX,2022-07-05 00:00:00.000
37505,PQT,4,,3000,,2018-08-10 00:00:00.000,NICK,2022-07-05 00:00:00.000
37506,C60,60,,55000,,2017-08-05 19:02:59.000,XXXX,2022-07-05 00:00:00.000
37506,PQT,4,,5750,,2018-08-10 00:00:00.000,NICK,2022-07-05 00:00:00.000
37519,C02,2,,,,2019-06-25 00:00:00.000,SQL,
37540,C60,60,,,,2019-06-25 00:00:00.000,SQL,
37541,C05,5,,,,2000-01-01 00:00:00.000,AUTO,
37541,C60,60,,,,2019-06-25 00:00:00.000,SQL,
37542,C25,25,,,,2019-06-25 00:00:00.000,SQL,
37543,C25,25,,,,2019-06-25 00:00:00.000,SQL,
37544,F20,320,,,,2019-06-25 00:00:00.000,SQL,
37545,C40,40,,,,2019-06-25 00:00:00.000,SQL,
37546,C20,20,,,,2019-06-25 00:00:00.000,SQL,
37547,C40,40,,,,2019-06-25 00:00:00.000,SQL,
37548,C60,60,,,,2019-06-25 00:00:00.000,SQL,
37549,C30,30,,,,2019-06-25 00:00:00.000,SQL,
37550,C80,80,,,,2019-06-25 00:00:00.000,SQL,
37552,C40,40,,,,2019-06-25 00:00:00.000,SQL,
37554,C40,40,,,,2019-06-25 00:00:00.000,SQL,
37555,C03,3,,,,2000-01-01 00:00:00.000,AUTO,
37555,C04,4,,,,2019-06-25 00:00:00.000,SQL,
37556,C10,10,,30000,,2019-06-25 00:00:00.000,SQL,2019-09-06 19:54:48.000
37557,C20,20,,,,2019-06-25 00:00:00.000,SQL,
37559,C24,24,,,,2019-06-25 00:00:00.000,SQL,
37560,C10,10,,,,2019-06-25 00:00:00.000,SQL,
37561,C20,20,,,,2019-06-25 00:00:00.000,SQL,
37563,C10,10,,,,2019-06-25 00:00:00.000,SQL,
37564,C10,10,,,,2023-09-08 00:00:00.000,MOHIT,
37564,C80,80,,,,2000-01-01 00:00:00.000,AUTO,
37565,C40,40,,,,2019-06-25 00:00:00.000,SQL,
37565,PQT,10,,,,2019-06-25 00:00:00.000,SQL,
37566,C40,40,,,,2019-06-25 00:00:00.000,SQL,
37568,C80,80,,,,2021-09-15 00:00:00.000,MOHIT,
37568,D00,100,,,,2019-06-25 00:00:00.000,SQL,
37568,D20,120,,60000,,2019-06-25 00:00:00.000,SQL,2023-09-08 00:00:00.000
37569,D00,100,,,,2019-06-25 00:00:00.000,SQL,
37570,C80,80,,,,2019-06-25 00:00:00.000,SQL,
37571,C80,80,,,,2019-06-25 00:00:00.000,SQL,
37572,C80,80,,,,2000-01-01 00:00:00.000,AUTO,
37573,C80,80,,,,2000-01-01 00:00:00.000,AUTO,
37574,C80,80,,,,2000-01-01 00:00:00.000,AUTO,
37575,C80,80,,,,2000-01-01 00:00:00.000,AUTO,
37576,C40,40,,,,2000-01-01 00:00:00.000,AUTO,
37577,C40,40,,,,2000-01-01 00:00:00.000,AUTO,
37578,C05,5,,,,2019-06-25 00:00:00.000,SQL,
37579,C40,40,,,,2000-01-01 00:00:00.000,AUTO,
37584,C30,30,,,,2019-06-25 00:00:00.000,SQL,
37585,C10,10,,,,2019-06-25 00:00:00.000,SQL,
37586,C10,10,,,,2019-06-25 00:00:00.000,SQL,
37587,C10,10,,,,2019-06-25 00:00:00.000,SQL,
37590,C06,6,,,,2019-06-25 00:00:00.000,SQL,
37591,C08,8,,28000,,2019-06-25 00:00:00.000,SQL,2024-07-11 19:06:04.000
37627,C58,58,,,,2019-06-25 00:00:00.000,SQL,
37636,C12,12,,30000,,2019-06-25 00:00:00.000,SQL,2018-07-06 21:05:50.000
37637,CTN,12,,16800,,2016-09-07 10:45:55.000,XXXX,2018-07-06 21:05:52.000
37638,CTN,12,,16800,,2019-06-25 00:00:00.000,SQL,2018-07-06 21:05:52.000
37639,C12,12,,,,2019-06-25 00:00:00.000,SQL,
37640,C12,12,,36000,,2017-01-08 18:17:05.000,XXXX,2017-12-29 20:16:44.000
37641,C12,12,,,,2019-06-25 00:00:00.000,SQL,
37642,C12,12,,,,2019-06-25 00:00:00.000,SQL,
37643,C12,12,,66000,,2017-01-08 18:17:05.000,XXXX,
37644,C12,12,,,,2019-06-25 00:00:00.000,SQL,
37645,C12,12,,108000,,2017-01-08 18:17:05.000,XXXX,
37646,C12,12,,,,2019-06-25 00:00:00.000,SQL,
37647,C12,12,,156000,,2017-01-08 18:17:05.000,XXXX,
37648,C06,6,,,,2019-06-25 00:00:00.000,SQL,
37649,C12,12,,30000,,2017-05-19 00:00:00.000,XXXX,2017-11-24 21:41:31.000
37650,C12,12,,36000,,2017-01-08 18:17:05.000,XXXX,
37651,C12,12,,36000,,2017-01-08 18:17:05.000,XXXX,
37652,C06,6,,36000,,2017-09-01 21:34:56.000,XXXX,
37653,C06,6,,96000,,2017-09-01 21:34:56.000,XXXX,
37655,C06,6,,,,2019-06-25 00:00:00.000,SQL,
37656,C06,6,,,,2019-06-25 00:00:00.000,SQL,
37657,C06,6,,,,2019-06-25 00:00:00.000,SQL,
37658,C06,6,,24000,,2019-06-25 00:00:00.000,SQL,2019-04-29 09:18:37.000
37659,C06,6,,24000,,2019-06-25 00:00:00.000,SQL,2017-11-21 21:37:09.000
37660,C12,12,,,,2019-06-25 00:00:00.000,SQL,
37661,C06,6,,90000,,2019-06-25 00:00:00.000,SQL,2017-11-21 21:37:10.000
37664,C12,12,,,,2019-06-25 00:00:00.000,SQL,
37665,C12,12,,,,2019-06-25 00:00:00.000,SQL,
37666,C06,6,,,,2019-06-25 00:00:00.000,SQL,
37667,C06,6,,,,2019-06-25 00:00:00.000,SQL,
37668,C12,12,,,,2019-06-25 00:00:00.000,SQL,
37669,C06,6,,,,2019-06-25 00:00:00.000,SQL,
37670,C06,6,,,,2019-06-25 00:00:00.000,SQL,
37671,C06,6,,,,2019-06-25 00:00:00.000,SQL,
37672,C06,6,,,,2019-06-25 00:00:00.000,SQL,
37673,C06,6,,,,2019-06-25 00:00:00.000,SQL,
37676,C06,6,,,,2019-06-25 00:00:00.000,SQL,
37677,C06,6,,24000,,2019-06-25 00:00:00.000,SQL,2017-11-21 21:37:10.000
37678,C06,6,,,,2019-06-25 00:00:00.000,SQL,
37679,C12,12,,,,2019-06-25 00:00:00.000,SQL,
37681,C25,25,,,,2019-06-25 00:00:00.000,SQL,
37683,C50,50,,,,2019-06-25 00:00:00.000,SQL,
37684,C25,25,,,,2019-06-25 00:00:00.000,SQL,
37685,C05,5,,,,2019-06-25 00:00:00.000,SQL,
37686,C20,20,,,,2019-06-25 00:00:00.000,SQL,
37686,D50,150,,,,2019-06-25 00:00:00.000,SQL,
37687,C50,50,,,,2019-06-25 00:00:00.000,SQL,
37688,C04,4,,,,2019-06-25 00:00:00.000,SQL,
37689,C04,4,,,,2019-06-25 00:00:00.000,SQL,
37690,C04,4,,,,2019-06-25 00:00:00.000,SQL,
37691,C04,4,,,,2019-06-25 00:00:00.000,SQL,
37693,C04,4,,,,2019-06-25 00:00:00.000,SQL,
37694,C04,4,,,,2019-06-25 00:00:00.000,SQL,
37695,C04,4,,,,2019-06-25 00:00:00.000,SQL,
37696,C06,6,,,,2019-06-25 00:00:00.000,SQL,
37697,C12,12,,,,2019-06-25 00:00:00.000,SQL,
37698,C06,6,,,,2019-06-25 00:00:00.000,SQL,
37700,C12,12,,,,2019-06-25 00:00:00.000,SQL,
37701,C12,12,,,,2019-06-25 00:00:00.000,SQL,
37702,C06,6,,,,2019-06-25 00:00:00.000,SQL,
37703,C06,6,,,,2019-06-25 00:00:00.000,SQL,
37706,C12,12,,54000,,2017-09-05 00:00:00.000,XXXX,
37707,C06,6,,60000,,2016-09-10 20:19:51.000,XXXX,2017-11-24 21:41:31.000
37710,C06,6,,390000,,2017-01-08 18:17:06.000,XXXX,2021-07-22 09:19:12.000
37711,C06,6,,,,2019-06-25 00:00:00.000,SQL,
37713,H00,500,,,,2019-06-25 00:00:00.000,SQL,
37714,C16,16,,,,2019-06-25 00:00:00.000,SQL,
37715,C12,12,,,,2000-01-01 00:00:00.000,AUTO,
37715,C20,20,,,,2019-06-25 00:00:00.000,SQL,
37716,C24,24,,,,2019-06-25 00:00:00.000,SQL,
37717,C24,24,,,,2019-06-25 00:00:00.000,SQL,
37718,C32,32,,,,2019-06-25 00:00:00.000,SQL,
37719,C24,24,,28800,,2017-02-17 20:02:48.000,XXXX,
37720,C08,8,,,,2019-06-25 00:00:00.000,SQL,
37721,C25,25,,,,2019-06-25 00:00:00.000,SQL,
37722,C06,6,,,,2019-06-25 00:00:00.000,SQL,
37723,C12,12,,,,2019-06-25 00:00:00.000,SQL,
37724,C06,6,,30000,,2017-02-17 20:02:48.000,XXXX,
37725,C24,24,,,,2019-06-25 00:00:00.000,SQL,
37726,D20,120,,,,2019-06-25 00:00:00.000,SQL,
37727,C60,60,,,,2019-06-25 00:00:00.000,SQL,
37728,C60,60,,,,2019-06-25 00:00:00.000,SQL,
37729,D00,100,,,,2019-06-25 00:00:00.000,SQL,
37730,D00,100,,,,2019-06-25 00:00:00.000,SQL,
37731,D00,100,,,,2019-06-25 00:00:00.000,SQL,
37732,D00,100,,,,2019-06-25 00:00:00.000,SQL,
37733,D00,100,,,,2019-06-25 00:00:00.000,SQL,
37734,E00,200,,,,2019-06-25 00:00:00.000,SQL,
37735,D00,100,,,,2019-06-25 00:00:00.000,SQL,
37736,D00,100,,,,2019-06-25 00:00:00.000,SQL,
37737,D00,100,,,,2019-06-25 00:00:00.000,SQL,
37738,D00,100,,,,2019-06-25 00:00:00.000,SQL,
37739,E00,200,,,,2019-06-25 00:00:00.000,SQL,
37740,C24,24,,,,2019-06-25 00:00:00.000,SQL,
37741,C36,36,,,,2019-06-25 00:00:00.000,SQL,
37742,C12,12,,,,2019-06-25 00:00:00.000,SQL,
37743,C08,8,,,,2019-06-25 00:00:00.000,SQL,
37744,C12,12,,,,2019-06-25 00:00:00.000,SQL,
37745,C24,24,,,,2019-06-25 00:00:00.000,SQL,
37746,C24,24,,,,2019-06-25 00:00:00.000,SQL,
37747,C24,24,,,,2019-06-25 00:00:00.000,SQL,
37748,C24,24,,,,2019-06-25 00:00:00.000,SQL,
37749,C48,48,,,,2019-06-25 00:00:00.000,SQL,
37750,C12,12,,,,2019-06-25 00:00:00.000,SQL,
37751,C12,12,,,,2019-06-25 00:00:00.000,SQL,
37751,C72,72,,,,2019-06-25 00:00:00.000,SQL,
37752,C72,72,,,,2019-06-25 00:00:00.000,SQL,
37753,C72,72,,,,2019-06-25 00:00:00.000,SQL,
37754,C48,48,,,,2019-06-25 00:00:00.000,SQL,
37755,C48,48,,,,2019-06-25 00:00:00.000,SQL,
37756,C72,72,,,,2019-06-25 00:00:00.000,SQL,
37757,C48,48,,,,2019-06-25 00:00:00.000,SQL,
37758,C72,72,,,,2019-06-25 00:00:00.000,SQL,
22894,C06,6,,,,2019-06-25 00:00:00.000,SQL,
22895,C12,12,,,,2019-06-25 00:00:00.000,SQL,
22897,C08,8,,24000,,2019-06-25 00:00:00.000,SQL,2022-08-10 11:07:09.000
22897,C96,96,,,,2019-06-25 00:00:00.000,SQL,
22898,C12,12,,,,2019-06-25 00:00:00.000,SQL,
22899,C04,4,,,,2019-06-25 00:00:00.000,SQL,
22900,C04,4,,,,2019-06-25 00:00:00.000,SQL,
22901,C04,4,,,,2000-01-01 00:00:00.000,AUTO,
22901,C24,24,,,,2000-01-01 00:00:00.000,AUTO,
22901,CTN,24,,20000,,2017-01-08 18:15:19.000,XXXX,2018-02-15 11:59:09.000
22901,PKT,6,,,,2018-11-03 00:00:00.000,DISHU,
22903,C12,12,,,,2019-06-25 00:00:00.000,SQL,
22904,C14,14,,33500,,2019-06-25 00:00:00.000,SQL,2025-09-04 18:50:42.000
22905,C12,12,,,,2019-06-25 00:00:00.000,SQL,
22909,C06,6,,,,2019-06-25 00:00:00.000,SQL,
22909,C70,70,,,,2019-06-25 00:00:00.000,SQL,
22910,C24,24,,12500,,2019-06-25 00:00:00.000,SQL,2019-05-02 20:28:53.000
22911,C12,12,,15000,,2019-06-25 00:00:00.000,SQL,2025-06-26 00:00:00.000
22912,C08,8,,,,2000-01-01 00:00:00.000,AUTO,
22912,C12,12,,20800,,2019-06-25 00:00:00.000,SQL,2024-09-17 19:53:52.000
22913,C02,2,,,,2019-06-25 00:00:00.000,SQL,
22913,C24,24,,25000,,2000-01-01 00:00:00.000,AUTO,2024-11-27 19:32:59.000
22913,PQT,6,,,,2000-01-01 00:00:00.000,AUTO,2025-02-14 00:00:00.000
22914,C04,4,,,,2000-01-01 00:00:00.000,AUTO,
22914,C06,6,,,,2023-09-21 00:00:00.000,MOHIT,
22914,C24,24,,,,2000-01-01 00:00:00.000,AUTO,
22916,C06,6,,,,2019-06-25 00:00:00.000,SQL,
22917,C06,6,,,,2019-06-25 00:00:00.000,SQL,
22918,C06,6,,,,2019-06-25 00:00:00.000,SQL,
22919,C06,6,,,,2019-06-25 00:00:00.000,SQL,
22920,C06,6,,,,2019-06-25 00:00:00.000,SQL,
22921,C06,6,,,,2019-06-25 00:00:00.000,SQL,
22922,C12,12,,,,2019-06-25 00:00:00.000,SQL,
22923,C06,6,,,,2019-06-25 00:00:00.000,SQL,
22924,C06,6,,,,2019-06-25 00:00:00.000,SQL,
22925,C12,12,,,,2019-06-25 00:00:00.000,SQL,
22926,C12,12,,72000,,2019-06-25 00:00:00.000,SQL,2019-08-27 19:14:14.000
22927,C12,12,,,,2019-06-25 00:00:00.000,SQL,
22928,C12,12,,,,2019-06-25 00:00:00.000,SQL,
22929,C12,12,,,,2019-06-25 00:00:00.000,SQL,
22930,C12,12,,,,2019-06-25 00:00:00.000,SQL,
22931,C12,12,,30000,,2017-05-19 00:00:00.000,XXXX,
22932,C12,12,,,,2019-06-25 00:00:00.000,SQL,
22933,C12,12,,,,2019-06-25 00:00:00.000,SQL,
22934,C12,12,,,,2019-06-25 00:00:00.000,SQL,
22935,C12,12,,,,2019-06-25 00:00:00.000,SQL,
22936,C12,12,,,,2019-06-25 00:00:00.000,SQL,
22937,C12,12,,,,2019-06-25 00:00:00.000,SQL,
22938,C06,6,,,,2019-06-25 00:00:00.000,SQL,
22939,C06,6,,390000,,2017-01-08 18:15:19.000,XXXX,
22940,C06,6,,,,2019-06-25 00:00:00.000,SQL,
22941,C12,12,,,,2019-06-25 00:00:00.000,SQL,
22942,C12,12,,,,2019-06-25 00:00:00.000,SQL,
22943,C12,12,,,,2019-06-25 00:00:00.000,SQL,
22944,C12,12,,,,2019-06-25 00:00:00.000,SQL,
22945,C12,12,,,,2019-06-25 00:00:00.000,SQL,
22946,C12,12,,,,2019-06-25 00:00:00.000,SQL,
22947,C12,12,,,,2019-06-25 00:00:00.000,SQL,
22951,CTN,24,,43200,,2017-01-08 18:15:19.000,XXXX,2018-07-06 21:05:52.000
22954,C12,12,,,,2019-06-25 00:00:00.000,SQL,
22956,C24,24,,,,2019-06-25 00:00:00.000,SQL,
22957,C24,24,,,,2019-06-25 00:00:00.000,SQL,
22958,C12,12,,,,2019-06-25 00:00:00.000,SQL,
22960,C18,18,,,,2019-06-25 00:00:00.000,SQL,
22961,C10,10,,,,2019-06-25 00:00:00.000,SQL,
22962,C03,3,,,,2019-06-25 00:00:00.000,SQL,
22962,C12,12,,,,2019-06-25 00:00:00.000,SQL,
22964,C04,4,,,,2019-06-25 00:00:00.000,SQL,
22965,C60,60,,,,2019-06-25 00:00:00.000,SQL,
22966,C40,40,,,,2019-06-25 00:00:00.000,SQL,
22967,C10,10,,,,2019-06-25 00:00:00.000,SQL,
22968,C24,24,,,,2019-06-25 00:00:00.000,SQL,
22970,C40,40,,,,2019-06-25 00:00:00.000,SQL,
22971,C12,12,,,,2019-06-25 00:00:00.000,SQL,
22972,C12,12,,,,2019-06-25 00:00:00.000,SQL,
22973,C12,12,,,,2019-06-25 00:00:00.000,SQL,
22975,C08,8,,,,2019-06-25 00:00:00.000,SQL,
22976,C12,12,,,,2019-06-25 00:00:00.000,SQL,
22977,C24,24,,,,2019-06-25 00:00:00.000,SQL,
22978,C24,24,,,,2019-06-25 00:00:00.000,SQL,
22979,C12,12,,,,2019-06-25 00:00:00.000,SQL,
22980,C12,12,,,,2019-06-25 00:00:00.000,SQL,
22981,C12,12,,,,2019-06-25 00:00:00.000,SQL,
22982,C12,12,,,,2019-06-25 00:00:00.000,SQL,
22982,C24,24,,,,2019-06-25 00:00:00.000,SQL,
22983,C09,9,,,,2019-06-25 00:00:00.000,SQL,
22984,C09,9,,,,2019-06-25 00:00:00.000,SQL,
22985,I00,600,,,,2019-06-25 00:00:00.000,SQL,
22986,C06,6,,,,2019-06-25 00:00:00.000,SQL,
22987,C04,4,,,,2019-06-25 00:00:00.000,SQL,
22988,C06,6,,,,2019-06-25 00:00:00.000,SQL,
22989,C04,4,,,,2019-06-25 00:00:00.000,SQL,
22990,C16,16,,,,2019-06-25 00:00:00.000,SQL,
22991,C16,16,,,,2019-06-25 00:00:00.000,SQL,
22992,C04,4,,,,2019-06-25 00:00:00.000,SQL,
22993,C08,8,,,,2019-06-25 00:00:00.000,SQL,
22994,C02,2,,,,2019-06-25 00:00:00.000,SQL,
22995,C02,2,,,,2019-06-25 00:00:00.000,SQL,
22996,C02,2,,,,2019-06-25 00:00:00.000,SQL,
22997,C30,30,,30000,,2019-06-25 00:00:00.000,SQL,2022-07-28 00:00:00.000
22998,C04,4,,,,2019-06-25 00:00:00.000,SQL,
22999,C16,16,,,,2019-06-25 00:00:00.000,SQL,
23000,C08,8,,,,2019-06-25 00:00:00.000,SQL,
23001,C08,8,,,,2019-06-25 00:00:00.000,SQL,
23002,C08,8,,,,2019-06-25 00:00:00.000,SQL,
23003,C08,8,,,,2019-06-25 00:00:00.000,SQL,
23004,C08,8,,,,2019-06-25 00:00:00.000,SQL,
23005,C12,12,,,,2019-06-25 00:00:00.000,SQL,
23007,C12,12,,,,2019-06-25 00:00:00.000,SQL,
23008,C04,4,,,,2019-06-25 00:00:00.000,SQL,
23009,C10,10,,,,2019-06-25 00:00:00.000,SQL,
23011,C12,12,,48000,,2017-01-08 18:15:20.000,XXXX,2024-05-27 21:18:28.000
23011,C16,16,,,,2021-05-10 18:15:10.000,MOHIT,
23015,C24,24,,,,2019-06-25 00:00:00.000,SQL,
23016,C24,24,,,,2019-06-25 00:00:00.000,SQL,
23017,CTN,15.1,,,,2019-06-25 00:00:00.000,SQL,
23018,C15,15,,,,2019-06-25 00:00:00.000,SQL,
23019,CTN,15.6,,,,2019-06-25 00:00:00.000,SQL,
23020,C16,16,,,,2019-06-25 00:00:00.000,SQL,
23021,C13,13,,,,2019-06-25 00:00:00.000,SQL,
23022,CTN,18.2,,,,2019-06-25 00:00:00.000,SQL,
23023,CTN,18.2,,,,2019-06-25 00:00:00.000,SQL,
23024,C18,18,,,,2019-06-25 00:00:00.000,SQL,
23025,C14,14,,,,2019-06-25 00:00:00.000,SQL,
23026,CTN,8.2,,,,2019-06-25 00:00:00.000,SQL,
23027,C12,12,,,,2019-06-25 00:00:00.000,SQL,
23028,C12,12,,,,2019-06-25 00:00:00.000,SQL,
23029,C12,12,,,,2019-06-25 00:00:00.000,SQL,
23030,C10,10,,,,2019-06-25 00:00:00.000,SQL,
23031,C10,10,,,,2019-06-25 00:00:00.000,SQL,
23032,C05,5,,,,2019-06-25 00:00:00.000,SQL,
23033,C14,14,,,,2019-06-25 00:00:00.000,SQL,
23034,C24,24,,,,2019-06-25 00:00:00.000,SQL,
23035,C12,12,,,,2019-06-25 00:00:00.000,SQL,
23036,C24,24,,,,2019-06-25 00:00:00.000,SQL,
23037,C12,12,,,,2019-06-25 00:00:00.000,SQL,
23038,C05,5,,,,2019-06-25 00:00:00.000,SQL,
23039,C11,11,,,,2019-06-25 00:00:00.000,SQL,
23040,C05,5,,,,2019-06-25 00:00:00.000,SQL,
23041,C07,7,,,,2019-06-25 00:00:00.000,SQL,
23042,C09,9,,25000,,2019-06-25 00:00:00.000,SQL,2026-01-03 00:00:00.000
23042,D26,126,,,,2019-06-25 00:00:00.000,SQL,
23044,C04,4,,18000,,2019-06-25 00:00:00.000,SQL,2023-11-07 20:40:22.000
23044,C09,9,,,,2019-06-25 00:00:00.000,SQL,
23044,C84,84,,,,2019-06-25 00:00:00.000,SQL,
23046,C25,25,,,,2019-06-25 00:00:00.000,SQL,
23047,C25,25,,,,2019-06-25 00:00:00.000,SQL,
23048,C24,24,,,,2019-06-25 00:00:00.000,SQL,
23049,C30,30,,,,2019-06-25 00:00:00.000,SQL,
23050,C12,12,,,,2019-06-25 00:00:00.000,SQL,
23051,C15,15,,,,2019-06-25 00:00:00.000,SQL,
23052,C12,12,,,,2019-06-25 00:00:00.000,SQL,
23053,C15,15,,,,2019-06-25 00:00:00.000,SQL,
23054,C06,6,,,,2019-06-25 00:00:00.000,SQL,
23055,C12,12,,,,2019-06-25 00:00:00.000,SQL,
23056,C06,6,,,,2019-06-25 00:00:00.000,SQL,
23057,C12,12,,,,2019-06-25 00:00:00.000,SQL,
23058,C12,12,,,,2019-06-25 00:00:00.000,SQL,
23059,C06,6,,,,2019-06-25 00:00:00.000,SQL,
23233,C06,6,,17500,,2017-01-08 18:15:20.000,XXXX,2024-10-14 18:42:58.000
23234,C06,6,,17500,,2017-01-08 18:15:20.000,XXXX,2024-11-27 00:00:00.000
23235,C06,6,,60000,,2019-06-25 00:00:00.000,SQL,2023-04-01 14:18:22.000
23236,C06,6,,36000,,2019-06-25 00:00:00.000,SQL,2018-01-22 11:05:05.000
23237,C06,6,,,,2019-06-25 00:00:00.000,SQL,
23238,D20,120,,,,2019-06-25 00:00:00.000,SQL,
23239,D20,120,,,,2019-06-25 00:00:00.000,SQL,
23240,D20,120,,,,2019-06-25 00:00:00.000,SQL,
23241,D20,120,,,,2019-06-25 00:00:00.000,SQL,
23245,C06,6,,,,2000-01-01 00:00:00.000,AUTO,
23245,C12,12,,,,2019-06-25 00:00:00.000,SQL,
23249,C12,12,,,,2019-06-25 00:00:00.000,SQL,
23252,C06,6,,,,2000-01-01 00:00:00.000,AUTO,
23252,C12,12,,,,2019-06-25 00:00:00.000,SQL,
23256,C12,12,,,,2019-06-25 00:00:00.000,SQL,
23278,C06,6,,,,2000-01-01 00:00:00.000,AUTO,
23278,C12,12,,,,2019-06-25 00:00:00.000,SQL,
23283,C06,6,,,,2000-01-01 00:00:00.000,AUTO,
23283,C12,12,,,,2019-06-25 00:00:00.000,SQL,
23287,C06,6,,,,2019-06-25 00:00:00.000,SQL,
23287,C12,12,,,,2019-06-25 00:00:00.000,SQL,
23289,C12,12,,,,2019-06-25 00:00:00.000,SQL,
23304,C24,24,,,,2019-06-25 00:00:00.000,SQL,
23308,C60,60,,,,2019-06-25 00:00:00.000,SQL,
23308,PKT,15,,,,2019-03-11 00:00:00.000,CASHS,
23309,C60,60,,,,2019-06-25 00:00:00.000,SQL,
23309,PKT,15,,,,2019-03-11 00:00:00.000,CASHS,
23310,C60,60,,,,2019-06-25 00:00:00.000,SQL,
23311,C60,60,,,,2019-06-25 00:00:00.000,SQL,
23312,C60,60,,,,2019-06-25 00:00:00.000,SQL,
23312,PKT,15,,,,2019-03-11 00:00:00.000,CASHS,
23313,C60,60,,,,2019-06-25 00:00:00.000,SQL,
23329,C12,12,,,,2019-06-25 00:00:00.000,SQL,
23337,C24,24,,19500,,2019-06-25 00:00:00.000,SQL,2019-05-23 09:33:23.000
23337,PKT,6,,,,2019-02-05 00:00:00.000,CASHS,
23338,C07,7,,,,2019-06-25 00:00:00.000,SQL,
23339,C25,25,,,,2019-06-25 00:00:00.000,SQL,
23346,C03,3,,,,2019-06-25 00:00:00.000,SQL,
23347,C24,24,,,,2019-06-25 00:00:00.000,SQL,
23348,C06,6,,13500,,2017-01-08 18:15:21.000,XXXX,2024-11-26 19:32:15.000
23349,C06,6,,13500,,2017-01-08 18:15:21.000,XXXX,2024-11-26 19:32:15.000
23350,C06,6,,,,2019-06-25 00:00:00.000,SQL,
23351,C06,6,,,,2019-06-25 00:00:00.000,SQL,
23352,C06,6,,,,2019-06-25 00:00:00.000,SQL,
23353,C12,12,,,,2019-06-25 00:00:00.000,SQL,
23354,C12,12,,,,2019-06-25 00:00:00.000,SQL,
23355,C12,12,,,,2019-06-25 00:00:00.000,SQL,
23356,C10,10,,20000,,2017-02-17 20:02:47.000,XXXX,
23357,C12,12,,,,2019-06-25 00:00:00.000,SQL,
23359,C24,24,,,,2019-06-25 00:00:00.000,SQL,
27826,C06,6,,,,2019-06-25 00:00:00.000,SQL,
27827,C06,6,,,,2019-06-25 00:00:00.000,SQL,
27827,CTN,6,,12000,,2019-08-10 00:00:00.000,MOHIT,2020-03-05 20:02:20.000
27828,C06,6,,,,2019-06-25 00:00:00.000,SQL,
27829,CTN,12,,,,2019-06-25 00:00:00.000,SQL,
27830,C12,12,,,,2019-06-25 00:00:00.000,SQL,
27831,C04,4,,,,2019-06-25 00:00:00.000,SQL,
27832,C04,4,,,,2019-06-25 00:00:00.000,SQL,
27833,C04,4,,,,2019-06-25 00:00:00.000,SQL,
27834,C04,4,,,,2019-06-25 00:00:00.000,SQL,
27835,C04,4,,,,2019-06-25 00:00:00.000,SQL,
27836,C02,2,,,,2019-06-25 00:00:00.000,SQL,
27837,C06,6,,,,2019-06-25 00:00:00.000,SQL,
27838,C06,6,,36000,,2019-06-25 00:00:00.000,SQL,2018-03-19 20:27:03.000
27839,C06,6,,,,2019-06-25 00:00:00.000,SQL,
27840,C06,6,,36000,,2019-06-25 00:00:00.000,SQL,2018-03-19 20:27:07.000
27841,C06,6,,,,2019-06-25 00:00:00.000,SQL,
27842,C06,6,,,,2019-06-25 00:00:00.000,SQL,
27843,C06,6,,36000,,2019-06-25 00:00:00.000,SQL,2018-03-19 20:27:10.000
27844,C06,6,,,,2019-06-25 00:00:00.000,SQL,
27845,C06,6,,,,2019-06-25 00:00:00.000,SQL,
27846,C06,6,,,,2019-06-25 00:00:00.000,SQL,
27847,C06,6,,,,2019-06-25 00:00:00.000,SQL,
27848,C06,6,,,,2019-06-25 00:00:00.000,SQL,
27849,C06,6,,,,2019-06-25 00:00:00.000,SQL,
27850,C06,6,,,,2019-06-25 00:00:00.000,SQL,
27851,C06,6,,,,2019-06-25 00:00:00.000,SQL,
27852,C06,6,,,,2019-06-25 00:00:00.000,SQL,
27853,C06,6,,285000,,2019-06-25 00:00:00.000,SQL,2023-06-12 19:52:00.000
27854,C06,6,,,,2019-06-25 00:00:00.000,SQL,
27857,C12,12,,,,2019-06-25 00:00:00.000,SQL,
27857,C24,24,,,,2019-06-25 00:00:00.000,SQL,
27858,C36,36,,,,2019-06-25 00:00:00.000,SQL,
27859,C06,6,,114000,,2017-09-01 00:00:00.000,XXXX,2023-09-14 00:00:00.000
27860,C06,6,,87000,,2019-06-25 00:00:00.000,SQL,2024-09-30 20:43:50.000
27861,C03,3,,,,2019-06-25 00:00:00.000,SQL,
27862,C06,6,,168000,,2019-06-25 00:00:00.000,SQL,2022-11-01 13:16:33.000
27863,C06,6,,,,2019-06-25 00:00:00.000,SQL,
27863,C12,12,,,,2021-06-09 19:34:32.000,MOHIT,
27864,C03,3,,,,2019-06-25 00:00:00.000,SQL,
27865,C03,3,,,,2019-06-25 00:00:00.000,SQL,
27865,C04,4,,112000,,2000-01-01 00:00:00.000,AUTO,2023-09-13 19:50:35.000
27865,C12,12,,,,2021-06-09 19:34:32.000,MOHIT,
27866,C06,6,,108000,,2019-06-25 00:00:00.000,SQL,2024-04-13 00:00:00.000
27867,C08,8,,,,2019-06-25 00:00:00.000,SQL,
27868,C05,5,,,,2019-06-25 00:00:00.000,SQL,
27869,C72,72,,58500,,2017-01-17 00:00:00.000,XXXX,2025-11-15 19:33:17.000
27869,DZ,12,,9500,,2017-01-17 00:00:00.000,XXXX,2025-02-20 00:00:00.000
27871,C48,48,,,,2019-06-25 00:00:00.000,SQL,
27872,C12,12,,26400,,2017-01-08 18:15:47.000,XXXX,
27873,C12,12,,26400,,2017-01-08 18:15:47.000,XXXX,
27874,C06,6,,,,2019-06-25 00:00:00.000,SQL,
27875,C06,6,,9600,,2017-01-08 18:15:48.000,XXXX,
27876,C06,6,,,,2019-06-25 00:00:00.000,SQL,
27880,C12,12,,18000,,2017-01-08 18:15:48.000,XXXX,
27881,C48,48,,63000,,2017-01-17 00:00:00.000,XXXX,2022-09-09 00:00:00.000
27881,DZ,12,,16500,,2017-01-17 00:00:00.000,XXXX,2022-09-09 00:00:00.000
27882,C48,48,,72000,,2017-01-17 00:00:00.000,XXXX,2024-09-16 00:00:00.000
27882,DZ,12,,18500,,2017-01-17 00:00:00.000,XXXX,2024-09-16 00:00:00.000
27883,C12,12,,72000,,2017-01-08 18:15:48.000,XXXX,
27884,C06,6,,,,2019-06-25 00:00:00.000,SQL,
27885,C06,6,,,,2019-06-25 00:00:00.000,SQL,
27886,C06,6,,,,2019-06-25 00:00:00.000,SQL,
27887,C06,6,,,,2019-06-25 00:00:00.000,SQL,
27888,C06,6,,,,2019-06-25 00:00:00.000,SQL,
27889,C06,6,,,,2019-06-25 00:00:00.000,SQL,
27890,C20,20,,,,2019-06-25 00:00:00.000,SQL,
27891,C12,12,,,,2019-06-25 00:00:00.000,SQL,
27892,C04,4,,,,2019-06-25 00:00:00.000,SQL,
27893,C08,8,,,,2019-06-25 00:00:00.000,SQL,
27894,C14,14,,,,2019-06-25 00:00:00.000,SQL,
27895,C05,5,,,,2019-06-25 00:00:00.000,SQL,
27896,C07,7,,,,2000-01-01 00:00:00.000,AUTO,
27896,C12,12,,,,2019-06-25 00:00:00.000,SQL,
27897,C08,8,,,,2019-06-25 00:00:00.000,SQL,
27898,C14,14,,,,2019-06-25 00:00:00.000,SQL,
27899,C08,8,,,,2019-06-25 00:00:00.000,SQL,
27900,C10,10,,,,2019-06-25 00:00:00.000,SQL,
27901,C06,6,,,,2019-06-25 00:00:00.000,SQL,
27902,C08,8,,,,2019-06-25 00:00:00.000,SQL,
27903,C08,8,,,,2019-06-25 00:00:00.000,SQL,
27904,C03,3,,,,2000-01-01 00:00:00.000,AUTO,
27904,C07,7,,,,2019-06-25 00:00:00.000,SQL,
27906,C10,10,,,,2019-06-25 00:00:00.000,SQL,
27907,C05,5,,,,2019-06-25 00:00:00.000,SQL,
27908,C10,10,,,,2019-06-25 00:00:00.000,SQL,
27909,C12,12,,,,2019-06-25 00:00:00.000,SQL,
27910,C12,12,,,,2019-06-25 00:00:00.000,SQL,
27911,C03,3,,,,2019-06-25 00:00:00.000,SQL,
27912,C12,12,,,,2019-06-25 00:00:00.000,SQL,
27913,C08,8,,,,2019-06-25 00:00:00.000,SQL,
27914,C10,10,,,,2019-06-25 00:00:00.000,SQL,
27915,C08,8,,,,2019-06-25 00:00:00.000,SQL,
27915,C12,12,,,,2000-01-01 00:00:00.000,AUTO,
27916,C06,6,,,,2019-06-25 00:00:00.000,SQL,
27917,C08,8,,,,2019-06-25 00:00:00.000,SQL,
27917,C32,32,,,,2019-06-25 00:00:00.000,SQL,
27918,C05,5,,,,2019-06-25 00:00:00.000,SQL,
27919,C06,6,,,,2019-06-25 00:00:00.000,SQL,
27920,C06,6,,,,2019-06-25 00:00:00.000,SQL,
27922,C06,6,,,,2019-06-25 00:00:00.000,SQL,
27922,C12,12,,,,2019-06-25 00:00:00.000,SQL,
27923,C10,10,,,,2019-06-25 00:00:00.000,SQL,
27924,C10,10,,,,2019-06-25 00:00:00.000,SQL,
27925,C11,11,,,,2019-06-25 00:00:00.000,SQL,
27926,C12,12,,,,2019-06-25 00:00:00.000,SQL,
27927,C11,11,,,,2019-06-25 00:00:00.000,SQL,
27928,C12,12,,,,2019-06-25 00:00:00.000,SQL,
27929,C13,13,,,,2019-06-25 00:00:00.000,SQL,
27930,C11,11,,,,2019-06-25 00:00:00.000,SQL,
27931,C05,5,,,,2019-06-25 00:00:00.000,SQL,
27932,C12,12,,,,2019-06-25 00:00:00.000,SQL,
27933,C12,12,,,,2019-06-25 00:00:00.000,SQL,
27934,C12,12,,,,2019-06-25 00:00:00.000,SQL,
27935,C12,12,,,,2019-06-25 00:00:00.000,SQL,
27936,C12,12,,,,2019-06-25 00:00:00.000,SQL,
27937,C06,6,,,,2019-06-25 00:00:00.000,SQL,
27938,C06,6,,,,2019-06-25 00:00:00.000,SQL,
27939,C06,6,,,,2019-06-25 00:00:00.000,SQL,
27940,C06,6,,,,2019-06-25 00:00:00.000,SQL,
27941,C12,12,,,,2019-06-25 00:00:00.000,SQL,
27943,C24,24,,,,2019-06-25 00:00:00.000,SQL,
27943,C40,40,,,,2019-06-25 00:00:00.000,SQL,
27943,D20,120,,,,2000-01-01 00:00:00.000,AUTO,
27944,C32,32,,,,2019-06-25 00:00:00.000,SQL,
27945,C32,32,,,,2019-06-25 00:00:00.000,SQL,
27945,PQT,3,,,,2019-01-10 00:00:00.000,MOHIT,
27946,C30,30,,,,2019-06-25 00:00:00.000,SQL,
27947,C30,30,,,,2019-06-25 00:00:00.000,SQL,
27947,E40,240,,,,2019-06-25 00:00:00.000,SQL,
27948,C36,36,,,,2019-06-25 00:00:00.000,SQL,
27949,C36,36,,,,2019-06-25 00:00:00.000,SQL,
27950,C36,36,,,,2019-06-25 00:00:00.000,SQL,
27951,C27,27,,,,2019-06-25 00:00:00.000,SQL,
27953,C56,56,,,,2019-06-25 00:00:00.000,SQL,
27954,C36,36,,108000,,2019-06-25 00:00:00.000,SQL,2024-09-18 20:00:46.000
27955,C30,30,,,,2019-06-25 00:00:00.000,SQL,
27956,C30,30,,,,2019-06-25 00:00:00.000,SQL,
27958,C24,24,,,,2019-06-25 00:00:00.000,SQL,
27959,C12,12,,,,2019-06-25 00:00:00.000,SQL,
27960,C10,10,,,,2019-06-25 00:00:00.000,SQL,
27961,C24,24,,,,2019-06-25 00:00:00.000,SQL,
27962,C08,8,,,,2019-06-25 00:00:00.000,SQL,
27963,C06,6,,,,2019-06-25 00:00:00.000,SQL,
27964,C06,6,,,,2019-06-25 00:00:00.000,SQL,
27965,C10,10,,,,2019-06-25 00:00:00.000,SQL,
27967,C10,10,,,,2019-06-25 00:00:00.000,SQL,
27968,C14,14,,,,2019-06-25 00:00:00.000,SQL,
27969,C24,24,,,,2019-06-25 00:00:00.000,SQL,
27970,C12,12,,,,2019-06-25 00:00:00.000,SQL,
27971,C14,14,,,,2019-06-25 00:00:00.000,SQL,
27972,C24,24,,,,2019-06-25 00:00:00.000,SQL,
27973,C24,24,,,,2019-06-25 00:00:00.000,SQL,
27974,C05,5,,,,2019-06-25 00:00:00.000,SQL,
27975,C24,24,,,,2019-06-25 00:00:00.000,SQL,
27976,C12,12,,,,2019-06-25 00:00:00.000,SQL,
27977,C12,12,,,,2019-06-25 00:00:00.000,SQL,
27978,C08,8,,,,2019-06-25 00:00:00.000,SQL,
27979,C16,16,,,,2019-06-25 00:00:00.000,SQL,
27980,C12,12,,,,2019-06-25 00:00:00.000,SQL,
27981,C12,12,,,,2019-06-25 00:00:00.000,SQL,
27982,C08,8,,,,2019-06-25 00:00:00.000,SQL,
27983,C08,8,,,,2019-06-25 00:00:00.000,SQL,
27984,C08,8,,,,2019-06-25 00:00:00.000,SQL,
27985,C16,16,,,,2019-06-25 00:00:00.000,SQL,
27986,C12,12,,,,2019-06-25 00:00:00.000,SQL,
27987,C16,16,,,,2019-06-25 00:00:00.000,SQL,
27988,C12,12,,,,2019-06-25 00:00:00.000,SQL,
27989,C14,14,,,,2019-06-25 00:00:00.000,SQL,
27990,C12,12,,,,2019-06-25 00:00:00.000,SQL,
27991,C20,20,,,,2019-06-25 00:00:00.000,SQL,
27992,C20,20,,,,2019-06-25 00:00:00.000,SQL,
27993,C24,24,,,,2019-06-25 00:00:00.000,SQL,
27994,C24,24,,,,2019-06-25 00:00:00.000,SQL,
27995,C24,24,,,,2019-06-25 00:00:00.000,SQL,
27996,C10,10,,20000,,2017-01-08 18:15:48.000,XXXX,2024-07-11 18:58:41.000
27997,C12,12,,,,2019-06-25 00:00:00.000,SQL,
27998,C10,10,,,,2019-06-25 00:00:00.000,SQL,
27999,C12,12,,,,2019-06-25 00:00:00.000,SQL,
28000,C24,24,,,,2019-06-25 00:00:00.000,SQL,
28001,C20,20,,,,2019-06-25 00:00:00.000,SQL,
28002,C24,24,,21000,,2017-01-08 18:15:48.000,XXXX,2024-07-11 18:58:41.000
28003,C12,12,,,,2019-06-25 00:00:00.000,SQL,
28004,C18,18,,,,2019-06-25 00:00:00.000,SQL,
28005,C48,48,,,,2019-06-25 00:00:00.000,SQL,
28007,C18,18,,,,2019-06-25 00:00:00.000,SQL,
28008,C12,12,,,,2019-06-25 00:00:00.000,SQL,
28009,C06,6,,,,2019-06-25 00:00:00.000,SQL,
28010,C48,48,,,,2019-06-25 00:00:00.000,SQL,
28011,C12,12,,,,2019-06-25 00:00:00.000,SQL,
28012,C12,12,,,,2019-06-25 00:00:00.000,SQL,
28013,C36,36,,,,2019-06-25 00:00:00.000,SQL,
28014,C32,32,,,,2019-06-25 00:00:00.000,SQL,
28015,C06,6,,,,2019-06-25 00:00:00.000,SQL,
28016,C36,36,,,,2019-06-25 00:00:00.000,SQL,
28017,C06,6,,,,2019-06-25 00:00:00.000,SQL,
28018,C24,24,,,,2019-06-25 00:00:00.000,SQL,
28019,C12,12,,,,2019-06-25 00:00:00.000,SQL,
28020,C08,8,,,,2019-06-25 00:00:00.000,SQL,
28021,C12,12,,,,2019-06-25 00:00:00.000,SQL,
28022,C12,12,,,,2019-06-25 00:00:00.000,SQL,
28023,C48,48,,,,2019-06-25 00:00:00.000,SQL,
28024,C12,12,,,,2019-06-25 00:00:00.000,SQL,
28025,C48,48,,,,2019-06-25 00:00:00.000,SQL,
28026,C36,36,,,,2019-06-25 00:00:00.000,SQL,
28027,C24,24,,,,2019-06-25 00:00:00.000,SQL,
28028,C18,18,,,,2019-06-25 00:00:00.000,SQL,
33014,CTN,28,,28000,,2019-06-25 00:00:00.000,SQL,2019-04-28 13:39:36.000
33015,C27,27,,21000,,2019-06-25 00:00:00.000,SQL,2019-04-28 13:39:36.000
33016,C25,25,,,,2019-06-25 00:00:00.000,SQL,
33065,C12,12,,,,2000-01-01 00:00:00.000,AUTO,
33070,C06,6,,,,2000-01-01 00:00:00.000,AUTO,
33071,C06,6,,,,2000-01-01 00:00:00.000,AUTO,
33078,C30,30,,,,2000-01-01 00:00:00.000,AUTO,
33080,C20,20,,,,2000-01-01 00:00:00.000,AUTO,
33124,C10,10,,7000,,2022-07-16 00:00:00.000,MANOJ,2024-10-15 00:00:00.000
33191,C14,14,,,,2000-01-01 00:00:00.000,AUTO,
33195,C12,12,,,,2019-07-21 00:00:00.000,KAMAL,
33246,C10,10,,7500,,2022-07-18 00:00:00.000,MANOJ,2022-11-24 00:00:00.000
33261,C10,10,,,,2000-01-01 00:00:00.000,AUTO,
33283,C08,8,,,,2000-01-01 00:00:00.000,AUTO,
33290,C09,9,,,,2000-01-01 00:00:00.000,AUTO,
33304,C20,20,,,,2020-02-25 00:00:00.000,MANNU,
33305,C08,8,,,,2020-02-25 00:00:00.000,MANNU,
33312,CTN,10,,,,2022-10-16 00:00:00.000,BABU,
33439,C06,6,,,,2019-06-25 00:00:00.000,SQL,
33442,C06,6,,,,2019-06-25 00:00:00.000,SQL,
33447,C04,4,,,,2019-06-25 00:00:00.000,SQL,
33449,C12,12,,,,2019-06-25 00:00:00.000,SQL,
33450,C12,12,,,,2019-06-25 00:00:00.000,SQL,
33451,C10,10,,,,2019-06-25 00:00:00.000,SQL,
33462,C06,6,,,,2019-06-25 00:00:00.000,SQL,
33466,C08,8,,,,2019-06-25 00:00:00.000,SQL,
33467,C06,6,,,,2019-06-25 00:00:00.000,SQL,
33468,C06,6,,,,2019-06-25 00:00:00.000,SQL,
33469,C06,6,,,,2019-06-25 00:00:00.000,SQL,
33470,C06,6,,,,2019-06-25 00:00:00.000,SQL,
33471,C06,6,,,,2019-06-25 00:00:00.000,SQL,
33474,C06,6,,,,2019-06-25 00:00:00.000,SQL,
33475,C06,6,,,,2019-06-25 00:00:00.000,SQL,
33477,C08,8,,,,2019-06-25 00:00:00.000,SQL,
33480,C08,8,,,,2019-06-25 00:00:00.000,SQL,
33481,C08,8,,,,2019-06-25 00:00:00.000,SQL,
33482,C08,8,,,,2019-06-25 00:00:00.000,SQL,
33483,C08,8,,,,2019-06-25 00:00:00.000,SQL,
33486,C08,8,,,,2019-06-25 00:00:00.000,SQL,
33487,C06,6,,,,2019-06-25 00:00:00.000,SQL,
33488,C12,12,,,,2019-06-25 00:00:00.000,SQL,
33489,C12,12,,,,2019-06-25 00:00:00.000,SQL,
33490,C06,6,,,,2019-06-25 00:00:00.000,SQL,
33491,C10,10,,,,2019-06-25 00:00:00.000,SQL,
33492,C12,12,,,,2019-06-25 00:00:00.000,SQL,
33493,C12,12,,,,2019-06-25 00:00:00.000,SQL,
33494,C08,8,,,,2019-06-25 00:00:00.000,SQL,
33495,C06,6,,,,2019-06-25 00:00:00.000,SQL,
33497,C10,10,,,,2019-06-25 00:00:00.000,SQL,
33499,C10,10,,,,2019-06-25 00:00:00.000,SQL,
33502,C06,6,,,,2019-06-25 00:00:00.000,SQL,
33506,C08,8,,,,2019-06-25 00:00:00.000,SQL,
33508,C08,8,,,,2019-06-25 00:00:00.000,SQL,
33509,C10,10,,,,2019-06-25 00:00:00.000,SQL,
33510,C10,10,,,,2019-06-25 00:00:00.000,SQL,
33511,C10,10,,,,2019-06-25 00:00:00.000,SQL,
33512,C12,12,,,,2019-06-25 00:00:00.000,SQL,
33515,C10,10,,,,2019-06-25 00:00:00.000,SQL,
33515,C16,16,,,,2000-01-01 00:00:00.000,AUTO,
33515,C60,60,,,,2000-01-01 00:00:00.000,AUTO,
33516,C06,6,,,,2019-06-25 00:00:00.000,SQL,
33517,C05,5,,,,2019-06-25 00:00:00.000,SQL,
33518,C07,7,,,,2019-06-25 00:00:00.000,SQL,
33529,C18,18,,,,2019-06-25 00:00:00.000,SQL,
33532,C14,14,,,,2019-06-25 00:00:00.000,SQL,
33533,C14,14,,,,2019-06-25 00:00:00.000,SQL,
33534,C10,10,,,,2019-06-25 00:00:00.000,SQL,
33535,C10,10,,,,2019-06-25 00:00:00.000,SQL,
33536,C10,10,,,,2019-06-25 00:00:00.000,SQL,
33537,C06,6,,,,2019-06-25 00:00:00.000,SQL,
33538,C08,8,,,,2019-06-25 00:00:00.000,SQL,
33550,C12,12,,,,2019-06-25 00:00:00.000,SQL,
33551,C16,16,,,,2000-01-01 00:00:00.000,AUTO,
33551,C18,18,,,,2019-06-25 00:00:00.000,SQL,
33552,C16,16,,,,2000-01-01 00:00:00.000,AUTO,
33552,C18,18,,,,2019-06-25 00:00:00.000,SQL,
33553,C10,10,,,,2000-01-01 00:00:00.000,AUTO,
33553,C12,12,,,,2019-06-25 00:00:00.000,SQL,
33554,C12,12,,,,2019-06-25 00:00:00.000,SQL,
33555,C12,12,,,,2019-06-25 00:00:00.000,SQL,
33556,C08,8,,,,2019-06-25 00:00:00.000,SQL,
33558,C08,8,,,,2019-06-25 00:00:00.000,SQL,
33559,C08,8,,,,2019-06-25 00:00:00.000,SQL,
33559,C10,10,,,,2019-06-25 00:00:00.000,SQL,
33560,C10,10,,,,2019-06-25 00:00:00.000,SQL,
33562,C04,4,,,,2000-01-01 00:00:00.000,AUTO,
33563,C04,4,,,,2019-06-25 00:00:00.000,SQL,
33567,C06,6,,,,2019-06-25 00:00:00.000,SQL,
33568,C03,3,,,,2019-06-25 00:00:00.000,SQL,
33578,C06,6,,,,2019-06-25 00:00:00.000,SQL,
33580,C06,6,,,,2019-06-25 00:00:00.000,SQL,
33583,C06,6,,,,2019-06-25 00:00:00.000,SQL,
33584,C03,3,,,,2000-01-01 00:00:00.000,AUTO,
33585,C03,3,,,,2000-01-01 00:00:00.000,AUTO,
33589,C06,6,,,,2019-06-25 00:00:00.000,SQL,
33590,C06,6,,,,2019-06-25 00:00:00.000,SQL,
33591,C06,6,,,,2019-06-25 00:00:00.000,SQL,
33593,C06,6,,,,2019-06-25 00:00:00.000,SQL,
33597,C03,3,,,,2019-06-25 00:00:00.000,SQL,
33599,C06,6,,,,2019-06-25 00:00:00.000,SQL,
33600,C06,6,,,,2019-06-25 00:00:00.000,SQL,
33601,C06,6,,,,2019-06-25 00:00:00.000,SQL,
33602,C06,6,,,,2019-06-25 00:00:00.000,SQL,
33603,C06,6,,,,2019-06-25 00:00:00.000,SQL,
33604,C03,3,,,,2019-06-25 00:00:00.000,SQL,
33604,C12,12,,,,2019-06-25 00:00:00.000,SQL,
33605,C06,6,,,,2019-06-25 00:00:00.000,SQL,
33606,C03,3,,,,2019-06-25 00:00:00.000,SQL,
33611,C06,6,,,,2019-06-25 00:00:00.000,SQL,
33612,C06,6,,,,2019-06-25 00:00:00.000,SQL,
33614,C06,6,,,,2019-06-25 00:00:00.000,SQL,
33616,C03,3,,,,2019-06-25 00:00:00.000,SQL,
33617,C04,4,,,,2019-06-25 00:00:00.000,SQL,
33619,U,0.17,,1250,,2017-01-26 00:00:00.000,XXXX,
33620,PQT,6,,2500,,2017-10-02 00:00:00.000,XXXX,2022-03-16 00:00:00.000
33621,PQT,8,,1600,,2017-10-02 00:00:00.000,XXXX,2026-02-23 00:00:00.000
33624,C12,12,,,,2019-06-25 00:00:00.000,SQL,
33625,C10,10,,20000,,2017-07-27 00:00:00.000,XXXX,2022-06-09 00:00:00.000
33626,C10,10,,20000,,2019-06-25 00:00:00.000,SQL,2022-06-09 00:00:00.000
33627,C10,10,,20000,,2017-03-06 19:31:35.000,XXXX,2022-06-02 00:00:00.000
33628,C10,10,,24000,,2017-03-06 19:31:35.000,XXXX,2024-05-23 00:00:00.000
33629,C10,10,,20000,,2017-07-27 00:00:00.000,XXXX,2022-06-09 00:00:00.000
33630,C10,10,,20000,,2017-07-27 00:00:00.000,XXXX,2021-09-14 00:00:00.000
33631,C10,10,,22000,,2017-01-17 00:00:00.000,XXXX,2023-07-25 00:00:00.000
33632,C10,10,,20000,,2017-07-04 00:00:00.000,XXXX,2023-07-25 00:00:00.000
33633,C10,10,,20000,,2019-06-25 00:00:00.000,SQL,2022-06-09 00:00:00.000
33634,C10,10,,24000,,2017-02-11 00:00:00.000,XXXX,2024-05-23 00:00:00.000
33635,C10,10,,20000,,2017-07-27 00:00:00.000,XXXX,2022-01-25 00:00:00.000
33636,C25,25,,7500,,2022-05-17 00:00:00.000,RGCML,2023-04-04 00:00:00.000
33638,C10,10,,16000,,2017-07-27 00:00:00.000,XXXX,
33639,CTN,25,,19050,,2017-12-21 00:00:00.000,KAMAL,2024-07-31 00:00:00.000
33640,C25,25,,37125,,2021-01-22 00:00:00.000,MANNU,2022-08-08 00:00:00.000
33644,C12,12,,,,2019-06-25 00:00:00.000,SQL,
33645,C40,40,,,,2019-06-25 00:00:00.000,SQL,
33646,C30,30,,,,2019-06-25 00:00:00.000,SQL,
33647,C48,48,,,,2019-06-25 00:00:00.000,SQL,
33648,C48,48,,,,2019-06-25 00:00:00.000,SQL,
33650,C48,48,,,,2019-06-25 00:00:00.000,SQL,
33651,C48,48,,,,2019-06-25 00:00:00.000,SQL,
33652,C12,12,,,,2019-06-25 00:00:00.000,SQL,
33653,C42,42,,,,2019-06-25 00:00:00.000,SQL,
33654,C20,20,,,,2019-06-25 00:00:00.000,SQL,
33655,C14,14,,,,2019-06-25 00:00:00.000,SQL,
33656,C14,14,,21000,,2017-02-17 20:02:48.000,XXXX,
33657,C06,6,,,,2019-06-25 00:00:00.000,SQL,
33658,C06,6,,,,2019-06-25 00:00:00.000,SQL,
33659,C06,6,,,,2019-06-25 00:00:00.000,SQL,
33660,C06,6,,,,2019-06-25 00:00:00.000,SQL,
33661,C30,30,,,,2019-06-25 00:00:00.000,SQL,
33662,C06,6,,,,2019-06-25 00:00:00.000,SQL,
33663,C24,24,,,,2019-06-25 00:00:00.000,SQL,
33664,C12,12,,,,2019-06-25 00:00:00.000,SQL,
33665,C12,12,,,,2019-06-25 00:00:00.000,SQL,
33666,C12,12,,,,2019-06-25 00:00:00.000,SQL,
33667,C18,18,,,,2019-06-25 00:00:00.000,SQL,
33668,C50,50,,,,2019-06-25 00:00:00.000,SQL,
33669,C25,25,,,,2019-06-25 00:00:00.000,SQL,
33670,C25,25,,,,2019-06-25 00:00:00.000,SQL,
33671,C24,24,,,,2019-06-25 00:00:00.000,SQL,
33672,C12,12,,21000,,2019-06-25 00:00:00.000,SQL,2023-02-27 20:09:32.000
33673,C12,12,,21000,,2019-06-25 00:00:00.000,SQL,2023-02-27 20:09:32.000
33674,C12,12,,,,2019-06-25 00:00:00.000,SQL,
33675,C12,12,,,,2019-06-25 00:00:00.000,SQL,
33676,C12,12,,,,2019-06-25 00:00:00.000,SQL,
33677,C12,12,,,,2019-06-25 00:00:00.000,SQL,
33678,C12,12,,,,2019-06-25 00:00:00.000,SQL,
33679,C24,24,,,,2019-06-25 00:00:00.000,SQL,
33680,C12,12,,,,2019-06-25 00:00:00.000,SQL,
33681,C10,10,,,,2019-06-25 00:00:00.000,SQL,
33682,C10,10,,,,2019-06-25 00:00:00.000,SQL,
33683,C10,10,,,,2019-06-25 00:00:00.000,SQL,
33684,C10,10,,,,2019-06-25 00:00:00.000,SQL,
33685,C10,10,,,,2019-06-25 00:00:00.000,SQL,
33686,C10,10,,,,2019-06-25 00:00:00.000,SQL,
33687,C10,10,,,,2019-06-25 00:00:00.000,SQL,
33688,C14,14,,,,2019-06-25 00:00:00.000,SQL,
33689,C14,14,,,,2019-06-25 00:00:00.000,SQL,
33690,C12,12,,,,2019-06-25 00:00:00.000,SQL,
33691,C24,24,,,,2019-06-25 00:00:00.000,SQL,
33692,C15,15,,,,2019-06-25 00:00:00.000,SQL,
33693,C24,24,,,,2019-06-25 00:00:00.000,SQL,
33694,C15,15,,,,2019-06-25 00:00:00.000,SQL,
33695,C15,15,,,,2019-06-25 00:00:00.000,SQL,
33696,C15,15,,,,2019-06-25 00:00:00.000,SQL,
33697,C15,15,,,,2019-06-25 00:00:00.000,SQL,
33698,C15,15,,,,2019-06-25 00:00:00.000,SQL,
33699,C15,15,,,,2019-06-25 00:00:00.000,SQL,
33700,C15,15,,,,2019-06-25 00:00:00.000,SQL,
33701,C15,15,,,,2019-06-25 00:00:00.000,SQL,
33702,C15,15,,,,2019-06-25 00:00:00.000,SQL,
33703,C15,15,,,,2019-06-25 00:00:00.000,SQL,
33704,C12,12,,,,2019-06-25 00:00:00.000,SQL,
33705,C12,12,,,,2019-06-25 00:00:00.000,SQL,
33706,C12,12,,,,2019-06-25 00:00:00.000,SQL,
33707,C12,12,,,,2019-06-25 00:00:00.000,SQL,
33708,C24,24,,,,2019-06-25 00:00:00.000,SQL,
33709,C12,12,,,,2019-06-25 00:00:00.000,SQL,
33710,C24,24,,,,2019-06-25 00:00:00.000,SQL,
33711,C12,12,,,,2019-06-25 00:00:00.000,SQL,
33712,C12,12,,,,2019-06-25 00:00:00.000,SQL,
33713,C12,12,,,,2019-06-25 00:00:00.000,SQL,
33714,C12,12,,,,2019-06-25 00:00:00.000,SQL,
33715,C12,12,,,,2019-06-25 00:00:00.000,SQL,
33716,C12,12,,,,2019-06-25 00:00:00.000,SQL,
33717,C12,12,,,,2019-06-25 00:00:00.000,SQL,
33720,C12,12,,,,2019-06-25 00:00:00.000,SQL,
33722,C12,12,,,,2019-06-25 00:00:00.000,SQL,
33723,C02,2,,,,2019-06-25 00:00:00.000,SQL,
33724,CTN,2.874,,,,2019-06-25 00:00:00.000,SQL,
33725,C12,12,,,,2019-06-25 00:00:00.000,SQL,
33726,C09,9,,,,2019-06-25 00:00:00.000,SQL,
33727,CTN,2.949,,,,2019-06-25 00:00:00.000,SQL,
37759,C72,72,,,,2019-06-25 00:00:00.000,SQL,
37760,C72,72,,,,2019-06-25 00:00:00.000,SQL,
37761,C72,72,,,,2019-06-25 00:00:00.000,SQL,
37762,C48,48,,,,2019-06-25 00:00:00.000,SQL,
37763,C72,72,,,,2019-06-25 00:00:00.000,SQL,
37764,C48,48,,,,2019-06-25 00:00:00.000,SQL,
37765,C40,40,,,,2019-06-25 00:00:00.000,SQL,
37766,D00,100,,,,2019-06-25 00:00:00.000,SQL,
37767,C40,40,,,,2019-06-25 00:00:00.000,SQL,
37768,D00,100,,,,2019-06-25 00:00:00.000,SQL,
37769,D00,100,,,,2019-06-25 00:00:00.000,SQL,
37770,C40,40,,,,2019-06-25 00:00:00.000,SQL,
37771,C40,40,,,,2019-06-25 00:00:00.000,SQL,
37772,C40,40,,,,2019-06-25 00:00:00.000,SQL,
37773,C40,40,,,,2019-06-25 00:00:00.000,SQL,
37774,C40,40,,,,2019-06-25 00:00:00.000,SQL,
37776,C20,20,,,,2019-06-25 00:00:00.000,SQL,
37777,I00,600,,,,2019-06-25 00:00:00.000,SQL,
37778,H00,500,,,,2019-06-25 00:00:00.000,SQL,
37779,C48,48,,,,2019-06-25 00:00:00.000,SQL,
37780,E00,200,,,,2019-06-25 00:00:00.000,SQL,
37781,C60,60,,,,2019-06-25 00:00:00.000,SQL,
37782,F60,360,,,,2019-06-25 00:00:00.000,SQL,
37783,D60,160,,,,2019-06-25 00:00:00.000,SQL,
37784,E00,200,,,,2019-06-25 00:00:00.000,SQL,
37785,C72,72,,,,2019-06-25 00:00:00.000,SQL,
37786,C60,60,,,,2019-06-25 00:00:00.000,SQL,
37787,C60,60,,,,2019-06-25 00:00:00.000,SQL,
37788,D20,120,,,,2019-06-25 00:00:00.000,SQL,
37789,C48,48,,,,2019-06-25 00:00:00.000,SQL,
37790,C12,12,,,,2019-06-25 00:00:00.000,SQL,
37792,C18,18,,,,2019-06-25 00:00:00.000,SQL,
37793,C36,36,,,,2019-06-25 00:00:00.000,SQL,
37794,C06,6,,,,2019-06-25 00:00:00.000,SQL,
37795,C12,12,,,,2019-06-25 00:00:00.000,SQL,
37796,E40,240,,,,2019-06-25 00:00:00.000,SQL,
37797,C40,40,,,,2019-06-25 00:00:00.000,SQL,
37798,D20,120,,,,2019-06-25 00:00:00.000,SQL,
37801,C06,6,,,,2019-06-25 00:00:00.000,SQL,
37803,C60,60,,,,2019-06-25 00:00:00.000,SQL,
37804,C60,60,,,,2019-06-25 00:00:00.000,SQL,
37805,C49,49,,,,2019-06-25 00:00:00.000,SQL,
37806,D50,150,,,,2019-06-25 00:00:00.000,SQL,
37807,CTN,2000,,,,2019-06-25 00:00:00.000,SQL,
37808,CTN,960,,,,2019-06-25 00:00:00.000,SQL,
37810,C25,25,,,,2019-06-25 00:00:00.000,SQL,
37810,C50,50,,,,2019-06-25 00:00:00.000,SQL,
37811,C14,14,,,,2019-06-25 00:00:00.000,SQL,
37812,C15,15,,14000,,2019-06-25 00:00:00.000,SQL,2024-03-13 19:48:13.000
37813,C15,15,,45000,,2019-06-25 00:00:00.000,SQL,2021-03-12 20:43:01.000
37814,C20,20,,32000,,2016-09-12 21:06:11.000,XXXX,2023-03-17 18:03:36.000
37814,C22,22,,,,2000-01-01 00:00:00.000,AUTO,
37815,C12,12,,,,2019-06-25 00:00:00.000,SQL,
37816,C12,12,,,,2019-06-25 00:00:00.000,SQL,
37817,C20,20,,,,2019-06-25 00:00:00.000,SQL,
37818,C20,20,,,,2019-06-25 00:00:00.000,SQL,
37819,C19,19,,,,2019-06-25 00:00:00.000,SQL,
37820,C12,12,,,,2019-06-25 00:00:00.000,SQL,
37821,C12,12,,,,2019-06-25 00:00:00.000,SQL,
37822,C06,6,,,,2019-06-25 00:00:00.000,SQL,
37823,C06,6,,,,2019-06-25 00:00:00.000,SQL,
37824,C12,12,,,,2019-06-25 00:00:00.000,SQL,
37825,C20,20,,,,2019-06-25 00:00:00.000,SQL,
37826,C20,20,,,,2019-06-25 00:00:00.000,SQL,
37827,C20,20,,,,2019-06-25 00:00:00.000,SQL,
37828,C20,20,,,,2019-06-25 00:00:00.000,SQL,
37829,C12,12,,,,2019-06-25 00:00:00.000,SQL,
37830,C20,20,,,,2019-06-25 00:00:00.000,SQL,
37831,C20,20,,,,2019-06-25 00:00:00.000,SQL,
37832,C25,25,,,,2019-06-25 00:00:00.000,SQL,
37833,C25,25,,,,2019-06-25 00:00:00.000,SQL,
37834,C25,25,,,,2019-06-25 00:00:00.000,SQL,
37835,C25,25,,,,2019-06-25 00:00:00.000,SQL,
37836,C25,25,,,,2019-06-25 00:00:00.000,SQL,
37837,C25,25,,,,2019-06-25 00:00:00.000,SQL,
37838,C12,12,,,,2019-06-25 00:00:00.000,SQL,
37839,C12,12,,,,2019-06-25 00:00:00.000,SQL,
37840,C06,6,,,,2019-06-25 00:00:00.000,SQL,
37841,C12,12,,,,2019-06-25 00:00:00.000,SQL,
37842,C12,12,,,,2019-06-25 00:00:00.000,SQL,
37843,C12,12,,,,2019-06-25 00:00:00.000,SQL,
37844,C12,12,,,,2019-06-25 00:00:00.000,SQL,
37845,C12,12,,,,2019-06-25 00:00:00.000,SQL,
37846,C12,12,,,,2019-06-25 00:00:00.000,SQL,
37847,C12,12,,,,2019-06-25 00:00:00.000,SQL,
37848,C12,12,,,,2019-06-25 00:00:00.000,SQL,
37849,C12,12,,,,2019-06-25 00:00:00.000,SQL,
37850,C12,12,,,,2019-06-25 00:00:00.000,SQL,
37851,C12,12,,,,2019-06-25 00:00:00.000,SQL,
37852,C12,12,,,,2019-06-25 00:00:00.000,SQL,
37853,C12,12,,,,2019-06-25 00:00:00.000,SQL,
37854,C12,12,,,,2019-06-25 00:00:00.000,SQL,
37855,C12,12,,,,2019-06-25 00:00:00.000,SQL,
37856,C12,12,,,,2019-06-25 00:00:00.000,SQL,
37857,C12,12,,,,2019-06-25 00:00:00.000,SQL,
37858,C12,12,,,,2019-06-25 00:00:00.000,SQL,
37859,C12,12,,,,2019-06-25 00:00:00.000,SQL,
37860,C12,12,,,,2019-06-25 00:00:00.000,SQL,
37861,C12,12,,,,2019-06-25 00:00:00.000,SQL,
37862,C12,12,,,,2019-06-25 00:00:00.000,SQL,
37863,C12,12,,,,2019-06-25 00:00:00.000,SQL,
37864,C12,12,,,,2019-06-25 00:00:00.000,SQL,
37865,C12,12,,,,2019-06-25 00:00:00.000,SQL,
37866,C12,12,,,,2019-06-25 00:00:00.000,SQL,
37867,C12,12,,,,2019-06-25 00:00:00.000,SQL,
37868,C12,12,,,,2019-06-25 00:00:00.000,SQL,
37869,C12,12,,,,2019-06-25 00:00:00.000,SQL,
37870,C06,6,,,,2022-01-13 00:00:00.000,MOHIT,
37870,C24,24,,17500,,2017-09-19 00:00:00.000,XXXX,
37871,C04,4,,,,2000-01-01 00:00:00.000,AUTO,
37871,C24,24,,17500,,2017-07-31 00:00:00.000,XXXX,
37902,C10,10,,26500,,2019-06-25 00:00:00.000,SQL,2024-09-18 20:00:47.000
37903,CTN,20,,32500,,2019-06-25 00:00:00.000,SQL,2022-04-04 20:31:19.000
37904,C20,20,,,,2019-06-25 00:00:00.000,SQL,
37904,C21,21,,,,2019-06-25 00:00:00.000,SQL,
37905,C10,10,,,,2000-01-01 00:00:00.000,AUTO,
37905,C12,12,,,,2019-06-25 00:00:00.000,SQL,
37906,C24,24,,60000,,2019-06-25 00:00:00.000,SQL,2024-09-18 20:00:46.000
37907,C08,8,,,,2019-06-25 00:00:00.000,SQL,
37908,C08,8,,,,2019-06-25 00:00:00.000,SQL,
37909,C16,16,,,,2019-06-25 00:00:00.000,SQL,
37910,C12,12,,,,2019-06-25 00:00:00.000,SQL,
37911,C12,12,,,,2019-06-25 00:00:00.000,SQL,
37912,C12,12,,,,2019-06-25 00:00:00.000,SQL,
37913,C12,12,,,,2019-06-25 00:00:00.000,SQL,
37914,C12,12,,,,2019-06-25 00:00:00.000,SQL,
37915,C12,12,,,,2019-06-25 00:00:00.000,SQL,
37916,C24,24,,,,2019-06-25 00:00:00.000,SQL,
37917,C24,24,,,,2019-06-25 00:00:00.000,SQL,
37918,C24,24,,,,2019-06-25 00:00:00.000,SQL,
37919,C12,12,,,,2019-06-25 00:00:00.000,SQL,
37920,C20,20,,,,2019-06-25 00:00:00.000,SQL,
37921,C16,16,,,,2019-06-25 00:00:00.000,SQL,
37921,C24,24,,,,2000-01-01 00:00:00.000,AUTO,
37922,C10,10,,,,2000-01-01 00:00:00.000,AUTO,
37922,C20,20,,24000,,2000-01-01 00:00:00.000,AUTO,2024-01-26 00:00:00.000
37922,CTN,20,,25000,,2017-02-20 20:11:59.000,XXXX,2025-06-14 18:58:40.000
37923,C12,12,,,,2019-06-25 00:00:00.000,SQL,
37924,C15,15,,17000,,2017-01-14 00:00:00.000,XXXX,
37930,C08,8,,32000,,2017-01-08 18:17:08.000,XXXX,
37935,C06,6,,12000,,2019-06-25 00:00:00.000,SQL,2018-02-19 11:39:55.000
37936,C06,6,,,,2019-06-25 00:00:00.000,SQL,
37937,C06,6,,15000,,2017-01-08 18:17:08.000,XXXX,
37938,C12,12,,,,2019-06-25 00:00:00.000,SQL,
37939,C12,12,,42000,,2017-01-08 18:17:08.000,XXXX,
37940,C06,6,,15000,,2019-06-25 00:00:00.000,SQL,2020-10-17 19:29:16.000
37941,C06,6,,15000,,2019-06-25 00:00:00.000,SQL,2022-01-28 20:09:24.000
37942,C12,12,,,,2019-06-25 00:00:00.000,SQL,
37943,C12,12,,,,2019-06-25 00:00:00.000,SQL,
37944,C18,18,,21600,,2017-01-08 18:17:08.000,XXXX,
37945,C12,12,,,,2019-06-25 00:00:00.000,SQL,
37946,C12,12,,36000,,2019-06-25 00:00:00.000,SQL,2018-02-19 11:39:55.000
37947,C12,12,,30000,,2017-01-08 18:17:08.000,XXXX,2019-06-02 14:10:06.000
37948,C12,12,,30000,,2019-06-25 00:00:00.000,SQL,2019-06-02 14:10:06.000
37949,C12,12,,,,2019-06-25 00:00:00.000,SQL,
37951,C12,12,,,,2019-06-25 00:00:00.000,SQL,
37952,C06,6,,24000,,2017-01-08 18:17:08.000,XXXX,
37954,C08,8,,,,2019-06-25 00:00:00.000,SQL,
37955,C08,8,,,,2019-06-25 00:00:00.000,SQL,
37955,C12,12,,,,2019-06-25 00:00:00.000,SQL,
37956,C06,6,,,,2019-06-25 00:00:00.000,SQL,
37957,C08,8,,,,2019-06-25 00:00:00.000,SQL,
37958,C08,8,,,,2019-06-25 00:00:00.000,SQL,
37959,C08,8,,,,2019-06-25 00:00:00.000,SQL,
37960,C06,6,,,,2019-06-25 00:00:00.000,SQL,
37961,C06,6,,,,2019-06-25 00:00:00.000,SQL,
37962,C10,10,,,,2019-06-25 00:00:00.000,SQL,
37963,C10,10,,,,2019-06-25 00:00:00.000,SQL,
37964,C12,12,,,,2019-06-25 00:00:00.000,SQL,
37965,C10,10,,,,2019-06-25 00:00:00.000,SQL,
37966,C10,10,,,,2019-06-25 00:00:00.000,SQL,
37967,C16,16,,,,2019-06-25 00:00:00.000,SQL,
37968,C16,16,,,,2019-06-25 00:00:00.000,SQL,
37969,C16,16,,,,2019-06-25 00:00:00.000,SQL,
37970,C16,16,,,,2019-06-25 00:00:00.000,SQL,
37971,C16,16,,,,2019-06-25 00:00:00.000,SQL,
37972,C16,16,,,,2019-06-25 00:00:00.000,SQL,
37973,C16,16,,,,2019-06-25 00:00:00.000,SQL,
37974,C16,16,,,,2019-06-25 00:00:00.000,SQL,
37975,C20,20,,,,2019-06-25 00:00:00.000,SQL,
37976,C20,20,,,,2019-06-25 00:00:00.000,SQL,
37977,C20,20,,,,2019-06-25 00:00:00.000,SQL,
37978,C12,12,,,,2019-06-25 00:00:00.000,SQL,
37979,C06,6,,,,2019-06-25 00:00:00.000,SQL,
37980,C08,8,,,,2019-06-25 00:00:00.000,SQL,
37981,C12,12,,,,2019-06-25 00:00:00.000,SQL,
37982,C12,12,,,,2019-06-25 00:00:00.000,SQL,
37983,C06,6,,,,2019-06-25 00:00:00.000,SQL,
37984,C10,10,,,,2019-06-25 00:00:00.000,SQL,
37985,C08,8,,,,2019-06-25 00:00:00.000,SQL,
37986,C10,10,,,,2019-06-25 00:00:00.000,SQL,
37987,C10,10,,,,2019-06-25 00:00:00.000,SQL,
37988,C10,10,,,,2019-06-25 00:00:00.000,SQL,
37989,C10,10,,,,2019-06-25 00:00:00.000,SQL,
37990,C10,10,,,,2019-06-25 00:00:00.000,SQL,
37991,C06,6,,,,2019-06-25 00:00:00.000,SQL,
37992,C06,6,,17000,,2019-06-25 00:00:00.000,SQL,2025-08-30 20:01:03.000
37992,C08,8,,,,2019-06-25 00:00:00.000,SQL,
37993,C10,10,,,,2019-06-25 00:00:00.000,SQL,
37994,C10,10,,23500,,2019-06-25 00:00:00.000,SQL,2025-05-12 20:12:59.000
37994,C16,16,,,,2019-06-25 00:00:00.000,SQL,
37995,C10,10,,27500,,2019-06-25 00:00:00.000,SQL,2025-08-30 20:01:03.000
37995,C24,24,,,,2019-06-25 00:00:00.000,SQL,
37996,C10,10,,24500,,2019-06-25 00:00:00.000,SQL,2025-08-30 20:01:03.000
37996,C24,24,,,,2019-06-25 00:00:00.000,SQL,
37997,C10,10,,,,2019-06-25 00:00:00.000,SQL,
37998,C10,10,,19500,,2019-06-25 00:00:00.000,SQL,2022-09-20 19:43:59.000
23360,C24,24,,,,2019-06-25 00:00:00.000,SQL,
23361,C12,12,,,,2019-06-25 00:00:00.000,SQL,
23363,C80,80,,,,2019-06-25 00:00:00.000,SQL,
23364,C12,12,,,,2019-06-25 00:00:00.000,SQL,
23367,C25,25,,,,2019-06-25 00:00:00.000,SQL,
23368,C25,25,,,,2019-06-25 00:00:00.000,SQL,
23369,C25,25,,,,2019-06-25 00:00:00.000,SQL,
23370,C15,15,,,,2019-06-25 00:00:00.000,SQL,
23371,C15,15,,,,2019-06-25 00:00:00.000,SQL,
23373,C20,20,,,,2019-06-25 00:00:00.000,SQL,
23374,C06,6,,,,2019-06-25 00:00:00.000,SQL,
23375,C10,10,,,,2019-06-25 00:00:00.000,SQL,
23376,C24,24,,,,2019-06-25 00:00:00.000,SQL,
23377,C06,6,,,,2019-06-25 00:00:00.000,SQL,
23378,C24,24,,,,2019-06-25 00:00:00.000,SQL,
23379,C12,12,,,,2019-06-25 00:00:00.000,SQL,
23380,C20,20,,,,2019-06-25 00:00:00.000,SQL,
23382,CTN,12,,,,2019-06-25 00:00:00.000,SQL,
23383,CTN,12,,,,2019-06-25 00:00:00.000,SQL,
23384,CTN,12,,,,2019-06-25 00:00:00.000,SQL,
23385,CTN,12,,12000,,2019-06-25 00:00:00.000,SQL,2019-07-25 20:07:13.000
23386,CTN,12,,,,2019-06-25 00:00:00.000,SQL,
23387,C12,12,,,,2019-06-25 00:00:00.000,SQL,
23388,C10,10,,,,2019-06-25 00:00:00.000,SQL,
23389,C10,10,,,,2019-06-25 00:00:00.000,SQL,
23390,C06,6,,,,2019-06-25 00:00:00.000,SQL,
23391,C03,3,,,,2019-06-25 00:00:00.000,SQL,
23392,C24,24,,,,2019-06-25 00:00:00.000,SQL,
23394,CTN,12.94,,,,2019-06-25 00:00:00.000,SQL,
23395,C20,20,,,,2019-06-25 00:00:00.000,SQL,
23396,C10,10,,,,2019-06-25 00:00:00.000,SQL,
23397,C10,10,,,,2019-06-25 00:00:00.000,SQL,
23398,C05,5,,,,2019-06-25 00:00:00.000,SQL,2019-07-21 00:00:00.000
23399,C10,10,,,,2019-06-25 00:00:00.000,SQL,
23400,C10,10,,,,2019-06-25 00:00:00.000,SQL,
23402,C04,4,,,,2019-06-25 00:00:00.000,SQL,
23403,C05,5,,,,2019-06-25 00:00:00.000,SQL,
23404,C04,4,,,,2019-06-25 00:00:00.000,SQL,
23405,C05,5,,,,2019-06-25 00:00:00.000,SQL,
23406,C05,5,,,,2019-06-25 00:00:00.000,SQL,
23407,C05,5,,,,2019-06-25 00:00:00.000,SQL,
23408,C07,7,,,,2000-01-01 00:00:00.000,AUTO,
23408,CTN,5.04,,,,2019-06-25 00:00:00.000,SQL,
23409,C05,5,,,,2019-06-25 00:00:00.000,SQL,
23411,C12,12,,,,2019-06-25 00:00:00.000,SQL,
23412,CTN,10.0421,,,,2019-06-25 00:00:00.000,SQL,
23413,CTN,12.0428,,,,2019-06-25 00:00:00.000,SQL,
23415,CTN,12.64038,,,,2019-06-25 00:00:00.000,SQL,
23416,C12,12,,,,2019-06-25 00:00:00.000,SQL,
23418,C10,10,,,,2019-06-25 00:00:00.000,SQL,
23419,C10,10,,,,2019-06-25 00:00:00.000,SQL,
23420,CTN,10.82956,,,,2019-06-25 00:00:00.000,SQL,
23421,CTN,11.282,,,,2019-06-25 00:00:00.000,SQL,
23422,CTN,12.89724,,,,2019-06-25 00:00:00.000,SQL,
23423,CTN,10.8888,,,,2019-06-25 00:00:00.000,SQL,
23424,CTN,10.2368,,,,2019-06-25 00:00:00.000,SQL,
23425,CTN,4.06755,,,,2019-06-25 00:00:00.000,SQL,
23426,CTN,3.2578,,,,2019-06-25 00:00:00.000,SQL,
23427,C10,10,,,,2019-06-25 00:00:00.000,SQL,
23428,CTN,3.1696,,,,2019-06-25 00:00:00.000,SQL,
23429,CTN,2.811,,,,2019-06-25 00:00:00.000,SQL,
23430,CTN,14.9935,,,,2019-06-25 00:00:00.000,SQL,
23431,CTN,10.8024,,,,2019-06-25 00:00:00.000,SQL,
23432,CTN,10.115,,,,2019-06-25 00:00:00.000,SQL,
23433,CTN,10.5574,,,,2019-06-25 00:00:00.000,SQL,
23434,CTN,13.52,,,,2019-06-25 00:00:00.000,SQL,
23435,CTN,10.897,,,,2019-06-25 00:00:00.000,SQL,
23436,CTN,7,,,,2019-06-25 00:00:00.000,SQL,2022-11-09 00:00:00.000
23437,CTN,10.29893,,,,2019-06-25 00:00:00.000,SQL,
23438,CTN,8.57493,,,,2019-06-25 00:00:00.000,SQL,
23439,C05,5,,,,2019-06-25 00:00:00.000,SQL,
23440,CTN,2.922,,,,2019-06-25 00:00:00.000,SQL,
23441,C05,5,,,,2019-06-25 00:00:00.000,SQL,
23442,C05,5,,,,2019-06-25 00:00:00.000,SQL,
23443,CTN,6.929,,,,2019-06-25 00:00:00.000,SQL,
23444,CTN,5.9154,,,,2019-06-25 00:00:00.000,SQL,
23445,CTN,15.5152,,,,2019-06-25 00:00:00.000,SQL,
23446,CTN,4.9652,,,,2019-06-25 00:00:00.000,SQL,
23447,C10,10,,,,2019-06-25 00:00:00.000,SQL,
23448,CTN,12.1357,,,,2019-06-25 00:00:00.000,SQL,
23452,C25,25,,,,2019-06-25 00:00:00.000,SQL,
23452,C50,50,,,,2000-01-01 00:00:00.000,AUTO,
23453,C05,5,,,,2019-06-25 00:00:00.000,SQL,
23454,C06,6,,,,2019-06-25 00:00:00.000,SQL,
23456,CTN,24,,24000,,2019-06-25 00:00:00.000,SQL,2022-06-21 00:00:00.000
23457,C06,6,,,,2019-06-25 00:00:00.000,SQL,
23458,C08,8,,,,2019-06-25 00:00:00.000,SQL,
23459,C05,5,,,,2019-06-25 00:00:00.000,SQL,
23459,C06,6,,,,2000-01-01 00:00:00.000,AUTO,
23460,C20,20,,,,2019-06-25 00:00:00.000,SQL,
23462,C06,6,,,,2019-06-25 00:00:00.000,SQL,
23463,C10,10,,,,2019-06-25 00:00:00.000,SQL,
23553,C20,20,,,,2023-08-26 11:15:11.000,MANI,
23553,CTN,120,,30000,,2018-07-06 00:00:00.000,NICK,2025-12-22 00:00:00.000
23553,D20,120,,30000,,2017-08-31 00:00:00.000,XXXX,2025-12-22 00:00:00.000
23553,DZ,12,,3250,,2017-08-31 00:00:00.000,XXXX,2026-02-26 00:00:00.000
23555,C12,12,,,,2019-06-25 00:00:00.000,SQL,
23556,CTN,6,,19500,,2017-01-08 18:15:21.000,XXXX,2024-12-18 20:10:40.000
23556,PKT,2,,,,2020-12-31 00:00:00.000,MOHIT,
23557,C06,6,,,,2019-06-25 00:00:00.000,SQL,
23558,C06,6,,19500,,2017-01-11 00:00:00.000,XXXX,2019-01-17 20:18:12.000
23559,C03,3,,9750,,2000-01-01 00:00:00.000,AUTO,2021-05-22 00:00:00.000
23559,CTN,6,,19500,,2019-06-25 00:00:00.000,SQL,2024-08-25 13:37:29.000
23561,C06,6,,,,2019-06-25 00:00:00.000,SQL,
23562,C06,6,,,,2019-06-25 00:00:00.000,SQL,
23563,CTN,6,,21000,,2019-06-25 00:00:00.000,SQL,2020-12-26 12:57:17.000
23564,C06,6,,21000,,2017-01-08 18:15:22.000,XXXX,2019-01-17 20:18:12.000
23565,C06,6,,,,2019-06-25 00:00:00.000,SQL,
23566,CTN,6,,22500,,2019-06-25 00:00:00.000,SQL,2026-03-26 19:14:26.000
23567,C06,6,,,,2019-06-25 00:00:00.000,SQL,
23568,C06,6,,,,2019-06-25 00:00:00.000,SQL,
23593,C04,4,,,,2019-06-25 00:00:00.000,SQL,
23594,CTN,12,,13250,,2017-01-21 00:00:00.000,XXXX,2023-09-19 18:24:35.000
23595,CTN,12,,13250,,2017-01-21 00:00:00.000,XXXX,2023-09-19 18:24:35.000
23596,CTN,12,,13250,,2017-01-21 00:00:00.000,XXXX,2023-11-02 20:29:38.000
23597,CTN,12,,13250,,2017-01-08 18:15:22.000,XXXX,2023-08-17 19:54:15.000
23598,CTN,12,,13250,,2017-01-08 18:15:22.000,XXXX,2023-10-18 18:43:42.000
23599,C24,24,,16500,,2019-06-25 00:00:00.000,SQL,2018-01-17 20:46:37.000
23600,C06,6,,,,2019-06-25 00:00:00.000,SQL,
23601,C06,6,,24000,,2019-06-25 00:00:00.000,SQL,2020-07-27 19:12:54.000
23602,C06,6,,21000,,2019-06-25 00:00:00.000,SQL,2019-12-11 20:52:58.000
23603,C12,12,,,,2019-06-25 00:00:00.000,SQL,
23604,C06,6,,,,2019-06-25 00:00:00.000,SQL,
23605,C06,6,,39000,,2017-01-08 18:15:22.000,XXXX,2025-05-03 20:28:06.000
23606,C10,10,,,,2019-06-25 00:00:00.000,SQL,
23607,C18,18,,,,2019-06-25 00:00:00.000,SQL,
23608,C12,12,,,,2019-06-25 00:00:00.000,SQL,
23608,C24,24,,,,2019-06-25 00:00:00.000,SQL,
23609,C18,18,,,,2019-06-25 00:00:00.000,SQL,
23610,C12,12,,,,2000-01-01 00:00:00.000,AUTO,
23610,C24,24,,,,2019-06-25 00:00:00.000,SQL,
23611,C20,20,,,,2019-06-25 00:00:00.000,SQL,
23612,C48,48,,48000,,2017-01-08 18:15:22.000,XXXX,
23613,C12,12,,24000,,2017-01-08 18:15:22.000,XXXX,
23614,C06,6,,108000,,2019-06-25 00:00:00.000,SQL,2024-10-19 19:26:38.000
23615,C06,6,,,,2019-06-25 00:00:00.000,SQL,
23616,C03,3,,,,2019-06-25 00:00:00.000,SQL,
23617,C12,12,,17500,,2017-01-08 18:15:22.000,XXXX,2023-09-12 00:00:00.000
23618,C80,80,,,,2000-01-01 00:00:00.000,AUTO,
23627,C16,16,,,,2019-06-25 00:00:00.000,SQL,
23628,C12,12,,,,2019-06-25 00:00:00.000,SQL,
23629,C05,5,,,,2019-06-25 00:00:00.000,SQL,
23629,C10,10,,,,2019-06-25 00:00:00.000,SQL,
23629,C12,12,,,,2019-06-25 00:00:00.000,SQL,
23630,C12,12,,,,2019-06-25 00:00:00.000,SQL,
23631,C12,12,,,,2019-06-25 00:00:00.000,SQL,
23633,C12,12,,,,2019-06-25 00:00:00.000,SQL,
23634,C24,24,,,,2019-06-25 00:00:00.000,SQL,
23634,C96,96,,,,2000-01-01 00:00:00.000,AUTO,
23635,C24,24,,,,2019-06-25 00:00:00.000,SQL,
23636,C05,5,,,,2019-06-25 00:00:00.000,SQL,
23637,C10,10,,,,2019-06-25 00:00:00.000,SQL,
23638,C12,12,,,,2019-06-25 00:00:00.000,SQL,
23639,C12,12,,,,2019-06-25 00:00:00.000,SQL,
23640,C10,10,,,,2019-06-25 00:00:00.000,SQL,
23641,C10,10,,,,2019-06-25 00:00:00.000,SQL,
23642,C10,10,,,,2019-06-25 00:00:00.000,SQL,
23643,C10,10,,,,2019-06-25 00:00:00.000,SQL,
23644,C15,15,,,,2019-06-25 00:00:00.000,SQL,
23647,C04,4,,,,2019-06-25 00:00:00.000,SQL,
23648,C10,10,,,,2019-06-25 00:00:00.000,SQL,
23649,C05,5,,,,2019-06-25 00:00:00.000,SQL,
23650,C05,5,,,,2019-06-25 00:00:00.000,SQL,
23651,C05,5,,,,2019-06-25 00:00:00.000,SQL,
23653,C06,6,,,,2019-06-25 00:00:00.000,SQL,
23658,C10,10,,,,2019-06-25 00:00:00.000,SQL,
23660,C12,12,,,,2019-06-25 00:00:00.000,SQL,
23661,C12,12,,,,2019-06-25 00:00:00.000,SQL,
23678,C60,60,,,,2019-06-25 00:00:00.000,SQL,
23679,C12,12,,9000,,2019-06-25 00:00:00.000,SQL,2025-07-17 19:45:14.000
23680,C12,12,,,,2019-06-25 00:00:00.000,SQL,
23682,C12,12,,,,2019-06-25 00:00:00.000,SQL,
23683,C12,12,,,,2019-06-25 00:00:00.000,SQL,
23684,C12,12,,,,2019-06-25 00:00:00.000,SQL,
23685,C12,12,,14500,,2019-06-25 00:00:00.000,SQL,2025-07-17 19:45:14.000
23687,C06,6,,,,2019-06-25 00:00:00.000,SQL,
23688,C06,6,,24500,,2019-06-25 00:00:00.000,SQL,2026-03-23 20:19:03.000
23689,C12,12,,9000,,2019-06-25 00:00:00.000,SQL,2025-07-17 19:45:14.000
23690,D00,100,,,,2019-06-25 00:00:00.000,SQL,
23691,C16,16,,,,2019-06-25 00:00:00.000,SQL,
23693,C12,12,,16000,,2019-06-25 00:00:00.000,SQL,2025-07-17 19:45:14.000
23694,C12,12,,7000,,2017-09-20 00:00:00.000,XXXX,2025-07-17 19:45:14.000
23697,C24,24,,,,2019-06-25 00:00:00.000,SQL,
23698,C24,24,,,,2019-06-25 00:00:00.000,SQL,
23699,C06,6,,14500,,2017-01-08 18:15:22.000,XXXX,2025-07-17 19:45:14.000
23700,C12,12,,,,2019-06-25 00:00:00.000,SQL,
23701,C03,3,,,,2019-06-25 00:00:00.000,SQL,
23714,C24,24,,,,2019-06-25 00:00:00.000,SQL,
23715,C24,24,,,,2019-06-25 00:00:00.000,SQL,
23716,C12,12,,,,2019-06-25 00:00:00.000,SQL,
23717,C04,4,,3400,,2018-08-11 00:00:00.000,KAMAL,2023-09-26 00:00:00.000
23717,C80,80,,49000,,2017-09-09 00:00:00.000,XXXX,2025-07-23 18:52:01.000
23717,PQT,4,,3400,,2018-08-04 00:00:00.000,NICK,2023-08-29 17:40:42.000
23718,C04,4,,3400,,2018-08-11 00:00:00.000,KAMAL,2023-08-14 00:00:00.000
23718,C80,80,,49000,,2017-09-09 00:00:00.000,XXXX,2025-07-23 18:52:01.000
23718,PQT,4,,3400,,2018-08-04 00:00:00.000,NICK,2023-08-29 17:40:42.000
23720,D00,100,,29000,,2017-08-01 00:00:00.000,XXXX,2024-08-06 20:55:28.000
23720,E00,200,,31000,,2019-06-25 00:00:00.000,SQL,2018-07-31 20:55:04.000
23720,PQT,5,,2000,,2018-08-04 00:00:00.000,NICK,2023-08-01 00:00:00.000
23721,C60,60,,53000,,2017-09-09 00:00:00.000,XXXX,2025-07-23 18:52:01.000
23721,PQT,5,,6250,,2018-09-26 00:00:00.000,NICK,2023-08-14 00:00:00.000
23722,C60,60,,53000,,2019-09-11 00:00:00.000,MOHIT,2025-07-23 18:52:01.000
23722,PQT,5,,6250,,2018-09-26 00:00:00.000,NICK,2023-08-29 17:40:42.000
23723,C20,20,,2500,,2018-08-11 00:00:00.000,KAMAL,2023-08-01 00:00:00.000
28029,C12,12,,,,2019-06-25 00:00:00.000,SQL,
28030,C06,6,,,,2019-06-25 00:00:00.000,SQL,
28031,C12,12,,,,2019-06-25 00:00:00.000,SQL,
28032,C24,24,,,,2019-06-25 00:00:00.000,SQL,
28033,C36,36,,,,2019-06-25 00:00:00.000,SQL,
28034,C40,40,,,,2019-06-25 00:00:00.000,SQL,
28035,C12,12,,,,2019-06-25 00:00:00.000,SQL,
28036,E56,256,,,,2019-06-25 00:00:00.000,SQL,
28037,E56,256,,,,2019-06-25 00:00:00.000,SQL,
28038,C40,40,,,,2019-06-25 00:00:00.000,SQL,
28039,C06,6,,,,2019-06-25 00:00:00.000,SQL,
28040,F00,300,,,,2019-06-25 00:00:00.000,SQL,
28041,I00,600,,,,2019-06-25 00:00:00.000,SQL,
28042,C48,48,,,,2019-06-25 00:00:00.000,SQL,
28043,C36,36,,,,2019-06-25 00:00:00.000,SQL,
28044,C72,72,,,,2019-06-25 00:00:00.000,SQL,
28045,C24,24,,,,2019-06-25 00:00:00.000,SQL,
28046,C48,48,,,,2019-06-25 00:00:00.000,SQL,
28047,C24,24,,,,2019-06-25 00:00:00.000,SQL,
28061,C08,8,,,,2019-06-25 00:00:00.000,SQL,
28062,C08,8,,,,2019-06-25 00:00:00.000,SQL,
28063,C08,8,,,,2019-06-25 00:00:00.000,SQL,
28063,C40,40,,,,2019-06-25 00:00:00.000,SQL,
28064,C08,8,,,,2019-06-25 00:00:00.000,SQL,
28064,C40,40,,,,2019-06-25 00:00:00.000,SQL,
28065,C08,8,,,,2019-06-25 00:00:00.000,SQL,
28066,C08,8,,,,2019-06-25 00:00:00.000,SQL,
28067,C08,8,,,,2019-06-25 00:00:00.000,SQL,
28068,C24,24,,,,2019-06-25 00:00:00.000,SQL,
28069,C24,24,,,,2019-06-25 00:00:00.000,SQL,
28070,C24,24,,,,2019-06-25 00:00:00.000,SQL,
28072,C06,6,,,,2000-01-01 00:00:00.000,AUTO,
28072,C12,12,,,,2019-06-25 00:00:00.000,SQL,
28073,C06,6,,,,2000-01-01 00:00:00.000,AUTO,
28073,C12,12,,,,2019-06-25 00:00:00.000,SQL,
28074,C12,12,,,,2019-06-25 00:00:00.000,SQL,
28075,C06,6,,,,2019-06-25 00:00:00.000,SQL,
28076,C06,6,,,,2019-06-25 00:00:00.000,SQL,
28077,C04,4,,,,2019-06-25 00:00:00.000,SQL,
28078,C06,6,,,,2019-06-25 00:00:00.000,SQL,
28079,C12,12,,,,2019-06-25 00:00:00.000,SQL,
28080,C06,6,,,,2019-06-25 00:00:00.000,SQL,
28081,C12,12,,,,2019-06-25 00:00:00.000,SQL,
28081,C15,15,,,,2019-06-25 00:00:00.000,SQL,
28083,C06,6,,,,2019-06-25 00:00:00.000,SQL,
28084,C24,24,,,,2019-06-25 00:00:00.000,SQL,
28086,C06,6,,,,2019-06-25 00:00:00.000,SQL,
28087,C03,3,,,,2019-06-25 00:00:00.000,SQL,
28088,C04,4,,,,2019-06-25 00:00:00.000,SQL,
28089,C02,2,,,,2019-06-25 00:00:00.000,SQL,
28090,C10,10,,18000,,2015-11-23 19:28:25.000,XXXX,
28091,C12,12,,,,2019-06-25 00:00:00.000,SQL,
28092,C12,12,,,,2019-06-25 00:00:00.000,SQL,
28093,C06,6,,,,2019-06-25 00:00:00.000,SQL,
28094,C06,6,,,,2019-06-25 00:00:00.000,SQL,
28095,C06,6,,,,2019-06-25 00:00:00.000,SQL,
28096,C12,12,,,,2019-06-25 00:00:00.000,SQL,
28097,C12,12,,,,2019-06-25 00:00:00.000,SQL,
28099,C04,4,,,,2019-06-25 00:00:00.000,SQL,
28100,C06,6,,,,2019-06-25 00:00:00.000,SQL,
28101,C06,6,,,,2019-06-25 00:00:00.000,SQL,
28102,C06,6,,,,2019-06-25 00:00:00.000,SQL,
28103,C12,12,,,,2019-06-25 00:00:00.000,SQL,
28104,C06,6,,,,2019-06-25 00:00:00.000,SQL,
28105,C12,12,,,,2019-06-25 00:00:00.000,SQL,
28106,C06,6,,,,2019-06-25 00:00:00.000,SQL,
28107,C24,24,,,,2019-06-25 00:00:00.000,SQL,
28109,C12,12,,,,2019-06-25 00:00:00.000,SQL,
28109,C16,16,,,,2019-06-25 00:00:00.000,SQL,
28110,C15,15,,,,2019-06-25 00:00:00.000,SQL,
28111,C15,15,,,,2019-06-25 00:00:00.000,SQL,
28112,C12,12,,,,2019-06-25 00:00:00.000,SQL,
28113,C12,12,,,,2019-06-25 00:00:00.000,SQL,
28114,C08,8,,,,2019-06-25 00:00:00.000,SQL,
28115,C10,10,,,,2019-06-25 00:00:00.000,SQL,
28116,C12,12,,,,2019-06-25 00:00:00.000,SQL,
28117,C18,18,,,,2019-06-25 00:00:00.000,SQL,
28118,C18,18,,,,2019-06-25 00:00:00.000,SQL,
28119,C25,25,,,,2019-06-25 00:00:00.000,SQL,
28120,C06,6,,,,2019-06-25 00:00:00.000,SQL,
28121,C32,32,,,,2019-06-25 00:00:00.000,SQL,
28122,C12,12,,,,2019-06-25 00:00:00.000,SQL,
28123,C48,48,,,,2019-06-25 00:00:00.000,SQL,
28124,C48,48,,,,2019-06-25 00:00:00.000,SQL,
28125,C15,15,,,,2019-06-25 00:00:00.000,SQL,
28126,C48,48,,,,2019-06-25 00:00:00.000,SQL,
28127,C36,36,,,,2019-06-25 00:00:00.000,SQL,
28128,C16,16,,,,2019-06-25 00:00:00.000,SQL,
28129,C06,6,,,,2019-06-25 00:00:00.000,SQL,
28130,C32,32,,,,2019-06-25 00:00:00.000,SQL,
28131,C08,8,,,,2019-06-25 00:00:00.000,SQL,
28132,C08,8,,,,2019-06-25 00:00:00.000,SQL,
28133,C08,8,,,,2019-06-25 00:00:00.000,SQL,
28134,C08,8,,,,2019-06-25 00:00:00.000,SQL,
28135,C10,10,,,,2019-06-25 00:00:00.000,SQL,
28136,C10,10,,,,2019-06-25 00:00:00.000,SQL,
28137,C12,12,,,,2019-06-25 00:00:00.000,SQL,
28138,C08,8,,,,2019-06-25 00:00:00.000,SQL,
28139,C10,10,,,,2019-06-25 00:00:00.000,SQL,
28140,C32,32,,,,2019-06-25 00:00:00.000,SQL,
28141,C06,6,,,,2019-06-25 00:00:00.000,SQL,
28142,C03,3,,,,2019-06-25 00:00:00.000,SQL,
28143,C08,8,,,,2019-06-25 00:00:00.000,SQL,
28144,C04,4,,,,2019-06-25 00:00:00.000,SQL,
28145,C08,8,,,,2019-06-25 00:00:00.000,SQL,
28146,C08,8,,,,2019-06-25 00:00:00.000,SQL,
28147,C08,8,,,,2019-06-25 00:00:00.000,SQL,
28148,C08,8,,,,2019-06-25 00:00:00.000,SQL,
28149,C08,8,,,,2019-06-25 00:00:00.000,SQL,
28150,C12,12,,,,2019-06-25 00:00:00.000,SQL,
28151,C03,3,,,,2019-06-25 00:00:00.000,SQL,
28152,C10,10,,,,2019-06-25 00:00:00.000,SQL,
28153,C24,24,,,,2019-06-25 00:00:00.000,SQL,
28154,C16,16,,,,2019-06-25 00:00:00.000,SQL,
28155,C06,6,,,,2019-06-25 00:00:00.000,SQL,
28156,C10,10,,,,2019-06-25 00:00:00.000,SQL,
28157,C08,8,,,,2019-06-25 00:00:00.000,SQL,
28158,C08,8,,,,2019-06-25 00:00:00.000,SQL,
28159,C08,8,,,,2019-06-25 00:00:00.000,SQL,
28160,C08,8,,,,2019-06-25 00:00:00.000,SQL,
28161,C08,8,,,,2019-06-25 00:00:00.000,SQL,
28162,C06,6,,,,2019-06-25 00:00:00.000,SQL,
28163,C08,8,,,,2019-06-25 00:00:00.000,SQL,
28164,C08,8,,,,2019-06-25 00:00:00.000,SQL,
28165,C08,8,,,,2019-06-25 00:00:00.000,SQL,
28166,C08,8,,,,2019-06-25 00:00:00.000,SQL,
28167,C18,18,,,,2019-06-25 00:00:00.000,SQL,
28168,C15,15,,,,2019-06-25 00:00:00.000,SQL,
28169,C12,12,,,,2019-06-25 00:00:00.000,SQL,
28170,C06,6,,,,2019-06-25 00:00:00.000,SQL,
28171,C06,6,,,,2019-06-25 00:00:00.000,SQL,
28172,C12,12,,,,2019-06-25 00:00:00.000,SQL,
28173,C12,12,,,,2019-06-25 00:00:00.000,SQL,
28174,C12,12,,,,2019-06-25 00:00:00.000,SQL,
28175,C34,34,,,,2019-06-25 00:00:00.000,SQL,
28176,C42,42,,,,2019-06-25 00:00:00.000,SQL,
28177,C09,9,,,,2019-06-25 00:00:00.000,SQL,
28178,C07,7,,,,2019-06-25 00:00:00.000,SQL,
28179,C06,6,,,,2019-06-25 00:00:00.000,SQL,
28180,C07,7,,,,2019-06-25 00:00:00.000,SQL,
28181,C24,24,,,,2019-06-25 00:00:00.000,SQL,
28182,C06,6,,,,2019-06-25 00:00:00.000,SQL,
28183,C12,12,,,,2019-06-25 00:00:00.000,SQL,
28184,C42,42,,,,2019-06-25 00:00:00.000,SQL,
28185,C08,8,,,,2019-06-25 00:00:00.000,SQL,
28186,C08,8,,,,2019-06-25 00:00:00.000,SQL,
28187,C26,26,,,,2019-06-25 00:00:00.000,SQL,
28188,C26,26,,,,2019-06-25 00:00:00.000,SQL,
28189,C18,18,,,,2019-06-25 00:00:00.000,SQL,
28190,C12,12,,,,2019-06-25 00:00:00.000,SQL,
28191,C12,12,,,,2019-06-25 00:00:00.000,SQL,
28192,C24,24,,,,2019-06-25 00:00:00.000,SQL,
28193,C20,20,,,,2019-06-25 00:00:00.000,SQL,
28194,C24,24,,,,2019-06-25 00:00:00.000,SQL,
28195,C15,15,,,,2019-06-25 00:00:00.000,SQL,
28196,C29,29,,,,2019-06-25 00:00:00.000,SQL,
28197,C29,29,,,,2019-06-25 00:00:00.000,SQL,
28198,C08,8,,,,2019-06-25 00:00:00.000,SQL,
28199,C04,4,,,,2019-06-25 00:00:00.000,SQL,
28201,C03,3,,,,2019-06-25 00:00:00.000,SQL,
28202,C04,4,,,,2019-06-25 00:00:00.000,SQL,
28203,C06,6,,,,2019-06-25 00:00:00.000,SQL,
28204,C12,12,,,,2019-06-25 00:00:00.000,SQL,
28205,C04,4,,,,2019-06-25 00:00:00.000,SQL,
28206,C06,6,,,,2019-06-25 00:00:00.000,SQL,
28207,C10,10,,,,2019-06-25 00:00:00.000,SQL,
28208,C18,18,,,,2019-06-25 00:00:00.000,SQL,
28209,C12,12,,,,2019-06-25 00:00:00.000,SQL,
28210,C18,18,,,,2019-06-25 00:00:00.000,SQL,
28211,C17,17,,,,2019-06-25 00:00:00.000,SQL,
28212,C32,32,,,,2019-06-25 00:00:00.000,SQL,
28213,C20,20,,,,2019-06-25 00:00:00.000,SQL,
28214,C12,12,,,,2019-06-25 00:00:00.000,SQL,
28215,C07,7,,,,2019-06-25 00:00:00.000,SQL,
28216,C12,12,,,,2019-06-25 00:00:00.000,SQL,
28217,C08,8,,,,2019-06-25 00:00:00.000,SQL,
28218,C12,12,,,,2019-06-25 00:00:00.000,SQL,
28219,C08,8,,,,2019-06-25 00:00:00.000,SQL,
28220,C10,10,,,,2019-06-25 00:00:00.000,SQL,
28221,C10,10,,,,2019-06-25 00:00:00.000,SQL,
28222,C12,12,,,,2019-06-25 00:00:00.000,SQL,
28223,C06,6,,,,2019-06-25 00:00:00.000,SQL,
28224,C03,3,,,,2019-06-25 00:00:00.000,SQL,
28225,C12,12,,,,2019-06-25 00:00:00.000,SQL,
28226,C06,6,,,,2019-06-25 00:00:00.000,SQL,
28227,C14,14,,,,2019-06-25 00:00:00.000,SQL,
28228,C14,14,,,,2019-06-25 00:00:00.000,SQL,
28229,C07,7,,,,2019-06-25 00:00:00.000,SQL,
28230,C12,12,,,,2019-06-25 00:00:00.000,SQL,
28231,C12,12,,,,2019-06-25 00:00:00.000,SQL,
28232,C12,12,,,,2019-06-25 00:00:00.000,SQL,
28233,C18,18,,,,2019-06-25 00:00:00.000,SQL,
28234,C24,24,,,,2019-06-25 00:00:00.000,SQL,
28235,C12,12,,,,2019-06-25 00:00:00.000,SQL,
28236,C14,14,,,,2019-06-25 00:00:00.000,SQL,
28237,C18,18,,,,2019-06-25 00:00:00.000,SQL,
28238,C18,18,,,,2019-06-25 00:00:00.000,SQL,
28239,C18,18,,,,2019-06-25 00:00:00.000,SQL,
28240,C18,18,,,,2019-06-25 00:00:00.000,SQL,
28241,C18,18,,,,2019-06-25 00:00:00.000,SQL,
28242,C32,32,,,,2019-06-25 00:00:00.000,SQL,
28243,C14,14,,,,2019-06-25 00:00:00.000,SQL,
28244,C24,24,,,,2019-06-25 00:00:00.000,SQL,
28245,C14,14,,,,2019-06-25 00:00:00.000,SQL,
28246,C14,14,,,,2019-06-25 00:00:00.000,SQL,
28247,C24,24,,,,2019-06-25 00:00:00.000,SQL,
28248,C24,24,,,,2019-06-25 00:00:00.000,SQL,
28249,C24,24,,,,2019-06-25 00:00:00.000,SQL,
33729,C03,3,,,,2000-01-01 00:00:00.000,AUTO,
33729,CTN,3.057,,,,2019-06-25 00:00:00.000,SQL,
33730,C03,3,,,,2000-01-01 00:00:00.000,AUTO,
33730,CTN,3.062,,,,2019-06-25 00:00:00.000,SQL,
33731,C12,12,,,,2019-06-25 00:00:00.000,SQL,
33732,CTN,3.02,,,,2019-06-25 00:00:00.000,SQL,
33733,C06,6,,,,2019-06-25 00:00:00.000,SQL,
33734,CTN,2.0138,,,,2019-06-25 00:00:00.000,SQL,
33735,CTN,2.0454,,,,2019-06-25 00:00:00.000,SQL,
33736,CTN,7.924,,,,2019-06-25 00:00:00.000,SQL,
33737,C08,8,,,,2019-06-25 00:00:00.000,SQL,
33738,C06,6,,,,2019-06-25 00:00:00.000,SQL,
33739,CTN,20,,18000,,2017-01-08 18:16:32.000,XXXX,2024-05-26 00:00:00.000
33740,C10,10,,,,2000-01-01 00:00:00.000,AUTO,
33740,C20,20,,,,2000-01-01 00:00:00.000,AUTO,
33740,CTN,20,,18800,,2017-02-20 20:11:59.000,XXXX,2024-05-26 00:00:00.000
33741,C11,11,,,,2019-06-25 00:00:00.000,SQL,
33743,C10,10,,35000,,2019-06-25 00:00:00.000,SQL,2024-09-18 20:00:46.000
33743,C24,24,,,,2000-01-01 00:00:00.000,AUTO,
33744,C24,24,,,,2019-06-25 00:00:00.000,SQL,
33745,C12,12,,,,2019-06-25 00:00:00.000,SQL,
33746,C06,6,,,,2019-06-25 00:00:00.000,SQL,
33747,F00,300,,,,2019-06-25 00:00:00.000,SQL,
33748,C24,24,,,,2019-06-25 00:00:00.000,SQL,
33750,C08,8,,,,2019-06-25 00:00:00.000,SQL,
33751,C08,8,,,,2019-06-25 00:00:00.000,SQL,
33752,C24,24,,28000,,2017-01-08 18:16:33.000,XXXX,2026-01-16 20:50:59.000
33753,C14,14,,,,2019-06-25 00:00:00.000,SQL,
33754,C06,6,,,,2019-06-25 00:00:00.000,SQL,
33755,C06,6,,,,2019-06-25 00:00:00.000,SQL,
33756,C06,6,,,,2019-06-25 00:00:00.000,SQL,
33757,C18,18,,,,2019-06-25 00:00:00.000,SQL,
33758,C12,12,,,,2019-06-25 00:00:00.000,SQL,
33759,C20,20,,,,2019-06-25 00:00:00.000,SQL,
33760,C20,20,,,,2019-06-25 00:00:00.000,SQL,
33761,C06,6,,,,2019-06-25 00:00:00.000,SQL,
33762,C12,12,,,,2019-06-25 00:00:00.000,SQL,
33763,C12,12,,,,2019-06-25 00:00:00.000,SQL,
33764,C12,12,,,,2019-06-25 00:00:00.000,SQL,
33765,C12,12,,13500,,2019-06-25 00:00:00.000,SQL,2022-04-19 00:00:00.000
33766,C12,12,,,,2019-06-25 00:00:00.000,SQL,
33767,C12,12,,,,2019-06-25 00:00:00.000,SQL,
33768,C12,12,,,,2019-06-25 00:00:00.000,SQL,
33769,C12,12,,,,2019-06-25 00:00:00.000,SQL,
33770,C12,12,,,,2019-06-25 00:00:00.000,SQL,
33771,C10,10,,,,2019-06-25 00:00:00.000,SQL,
33772,C10,10,,,,2019-06-25 00:00:00.000,SQL,
33773,C06,6,,,,2019-06-25 00:00:00.000,SQL,
33774,C12,12,,,,2019-06-25 00:00:00.000,SQL,
33774,C24,24,,,,2019-06-25 00:00:00.000,SQL,
33775,C08,8,,,,2019-06-25 00:00:00.000,SQL,
33775,C12,12,,,,2019-06-25 00:00:00.000,SQL,
33776,C12,12,,,,2019-06-25 00:00:00.000,SQL,
33777,C09,9,,,,2019-06-25 00:00:00.000,SQL,
33778,C12,12,,,,2019-06-25 00:00:00.000,SQL,
33779,C12,12,,,,2019-06-25 00:00:00.000,SQL,
33780,C12,12,,,,2019-06-25 00:00:00.000,SQL,
33781,C12,12,,,,2019-06-25 00:00:00.000,SQL,
33782,C08,8,,,,2019-06-25 00:00:00.000,SQL,
33783,C24,24,,,,2019-06-25 00:00:00.000,SQL,
33784,C24,24,,,,2019-06-25 00:00:00.000,SQL,
33785,C12,12,,,,2019-06-25 00:00:00.000,SQL,
33786,C10,10,,,,2019-06-25 00:00:00.000,SQL,
33787,C06,6,,,,2019-06-25 00:00:00.000,SQL,
33788,C06,6,,,,2019-06-25 00:00:00.000,SQL,
33789,C10,10,,,,2019-06-25 00:00:00.000,SQL,
33790,C06,6,,,,2019-06-25 00:00:00.000,SQL,
33790,C08,8,,,,2019-06-25 00:00:00.000,SQL,
33791,C06,6,,6000,,2019-06-25 00:00:00.000,SQL,2019-07-06 19:39:06.000
33792,C10,10,,,,2019-06-25 00:00:00.000,SQL,
33793,C12,12,,,,2019-06-25 00:00:00.000,SQL,
33794,C06,6,,,,2000-01-01 00:00:00.000,AUTO,
33794,C12,12,,,,2019-06-25 00:00:00.000,SQL,
33795,C06,6,,,,2000-01-01 00:00:00.000,AUTO,
33795,C12,12,,,,2019-06-25 00:00:00.000,SQL,
33796,C06,6,,,,2000-01-01 00:00:00.000,AUTO,
33796,C12,12,,,,2019-06-25 00:00:00.000,SQL,
33797,C12,12,,,,2019-06-25 00:00:00.000,SQL,
33798,C12,12,,,,2019-06-25 00:00:00.000,SQL,
33799,C16,16,,,,2019-06-25 00:00:00.000,SQL,
33800,C12,12,,,,2019-06-25 00:00:00.000,SQL,
33801,C08,8,,,,2019-06-25 00:00:00.000,SQL,
33802,C12,12,,,,2019-06-25 00:00:00.000,SQL,
33803,C12,12,,,,2019-06-25 00:00:00.000,SQL,
33804,C08,8,,,,2019-06-25 00:00:00.000,SQL,
33805,C06,6,,,,2019-06-25 00:00:00.000,SQL,
33806,C10,10,,,,2019-06-25 00:00:00.000,SQL,
33807,C06,6,,,,2019-06-25 00:00:00.000,SQL,
33807,C12,12,,,,2019-06-25 00:00:00.000,SQL,
33808,C06,6,,,,2019-06-25 00:00:00.000,SQL,
33809,C12,12,,,,2019-06-25 00:00:00.000,SQL,
33810,C06,6,,,,2019-06-25 00:00:00.000,SQL,
33811,C06,6,,,,2019-06-25 00:00:00.000,SQL,
33812,C06,6,,,,2019-06-25 00:00:00.000,SQL,
33813,C06,6,,,,2019-06-25 00:00:00.000,SQL,
33814,C06,6,,,,2019-06-25 00:00:00.000,SQL,
33815,C06,6,,30000,,2017-01-08 18:16:33.000,XXXX,2023-09-08 00:00:00.000
33816,C06,6,,,,2019-06-25 00:00:00.000,SQL,
33817,C06,6,,,,2019-06-25 00:00:00.000,SQL,
33818,C06,6,,,,2019-06-25 00:00:00.000,SQL,
33819,C06,6,,,,2019-06-25 00:00:00.000,SQL,
33820,C06,6,,,,2019-06-25 00:00:00.000,SQL,
33821,C06,6,,,,2019-06-25 00:00:00.000,SQL,
33822,C06,6,,,,2019-06-25 00:00:00.000,SQL,
33823,C06,6,,,,2019-06-25 00:00:00.000,SQL,
33824,C04,4,,,,2019-06-25 00:00:00.000,SQL,
33825,C06,6,,,,2019-06-25 00:00:00.000,SQL,
33826,C12,12,,,,2019-06-25 00:00:00.000,SQL,
33827,C12,12,,,,2021-05-06 00:00:00.000,MANNU,
33877,C24,24,,,,2019-06-25 00:00:00.000,SQL,
33878,C12,12,,,,2019-06-25 00:00:00.000,SQL,
33900,C16,16,,,,2019-06-25 00:00:00.000,SQL,
33913,C30,30,,,,2000-01-01 00:00:00.000,AUTO,
33916,C20,20,,,,2000-01-01 00:00:00.000,AUTO,
33917,C15,15,,,,2000-01-01 00:00:00.000,AUTO,
33918,C10,10,,,,2000-01-01 00:00:00.000,AUTO,
33931,C20,20,,,,2000-01-01 00:00:00.000,AUTO,
33934,C12,12,,,,2019-06-25 00:00:00.000,SQL,
33935,C06,6,,,,2019-06-25 00:00:00.000,SQL,
33936,C06,6,,,,2019-06-25 00:00:00.000,SQL,
33937,C06,6,,,,2019-06-25 00:00:00.000,SQL,
33938,C06,6,,,,2019-06-25 00:00:00.000,SQL,
33939,C06,6,,,,2019-06-25 00:00:00.000,SQL,
33940,C06,6,,,,2019-06-25 00:00:00.000,SQL,
33941,C06,6,,,,2019-06-25 00:00:00.000,SQL,
33942,C06,6,,,,2019-06-25 00:00:00.000,SQL,
33943,C06,6,,,,2019-06-25 00:00:00.000,SQL,
33944,C11,11,,,,2000-01-01 00:00:00.000,AUTO,
33944,C12,12,,,,2019-06-25 00:00:00.000,SQL,
33945,C08,8,,,,2019-06-25 00:00:00.000,SQL,
33946,C08,8,,,,2019-06-25 00:00:00.000,SQL,
33947,C12,12,,,,2019-06-25 00:00:00.000,SQL,
33948,C12,12,,,,2019-06-25 00:00:00.000,SQL,
33949,C10,10,,,,2019-06-25 00:00:00.000,SQL,
33950,C12,12,,,,2019-06-25 00:00:00.000,SQL,
33951,C15,15,,,,2019-06-25 00:00:00.000,SQL,
33952,C06,6,,,,2019-06-25 00:00:00.000,SQL,
33953,C08,8,,,,2019-06-25 00:00:00.000,SQL,
33954,C12,12,,,,2019-06-25 00:00:00.000,SQL,
33955,C09,9,,,,2019-06-25 00:00:00.000,SQL,
33956,C12,12,,,,2019-06-25 00:00:00.000,SQL,
33957,C12,12,,,,2019-06-25 00:00:00.000,SQL,
33958,C12,12,,,,2019-06-25 00:00:00.000,SQL,
33960,C06,6,,,,2019-06-25 00:00:00.000,SQL,
33960,C08,8,,,,2019-06-25 00:00:00.000,SQL,
33961,C06,6,,,,2019-06-25 00:00:00.000,SQL,
33967,C08,8,,,,2019-06-25 00:00:00.000,SQL,
33968,C06,6,,,,2019-06-25 00:00:00.000,SQL,
33969,C06,6,,,,2019-06-25 00:00:00.000,SQL,
33970,C06,6,,,,2019-06-25 00:00:00.000,SQL,
33971,C06,6,,,,2019-06-25 00:00:00.000,SQL,
33972,C10,10,,,,2019-06-25 00:00:00.000,SQL,
33974,C12,12,,,,2019-06-25 00:00:00.000,SQL,
33975,C16,16,,,,2019-06-25 00:00:00.000,SQL,
33975,C36,36,,,,2019-06-25 00:00:00.000,SQL,
33977,C12,12,,,,2019-06-25 00:00:00.000,SQL,
33978,C12,12,,,,2019-06-25 00:00:00.000,SQL,
33979,C06,6,,,,2019-06-25 00:00:00.000,SQL,
33980,C12,12,,,,2019-06-25 00:00:00.000,SQL,
33981,C12,12,,,,2019-06-25 00:00:00.000,SQL,
33982,C08,8,,,,2019-06-25 00:00:00.000,SQL,
33983,C08,8,,,,2019-06-25 00:00:00.000,SQL,
33984,C12,12,,,,2019-06-25 00:00:00.000,SQL,
33985,C12,12,,,,2019-06-25 00:00:00.000,SQL,
33986,C14,14,,,,2019-06-25 00:00:00.000,SQL,
33986,C20,20,,,,2019-06-25 00:00:00.000,SQL,
33987,C14,14,,,,2019-06-25 00:00:00.000,SQL,
33988,C06,6,,18000,,2019-06-25 00:00:00.000,SQL,2019-12-09 19:50:33.000
33989,C06,6,,,,2019-06-25 00:00:00.000,SQL,
33990,C12,12,,12500,,2019-06-25 00:00:00.000,SQL,2023-09-07 12:39:50.000
33990,C24,24,,,,2021-05-31 12:50:12.000,MOHIT,
33991,C12,12,,,,2019-06-25 00:00:00.000,SQL,
33991,C24,24,,,,2021-05-31 12:50:12.000,MOHIT,
33991,CTN,12,,11500,,2018-09-03 00:00:00.000,NICK,2022-05-02 08:47:27.000
33992,C10,10,,,,2019-06-25 00:00:00.000,SQL,
33994,D44,144,,,,2019-06-25 00:00:00.000,SQL,
33995,C72,72,,,,2019-06-25 00:00:00.000,SQL,
33996,C48,48,,,,2019-06-25 00:00:00.000,SQL,
34017,C25,25,,,,2000-01-01 00:00:00.000,AUTO,
34049,C24,24,,,,2019-06-25 00:00:00.000,SQL,
34050,C24,24,,,,2019-06-25 00:00:00.000,SQL,
34051,C24,24,,,,2019-06-25 00:00:00.000,SQL,
34052,C12,12,,,,2019-06-25 00:00:00.000,SQL,
34053,C12,12,,,,2019-06-25 00:00:00.000,SQL,
34054,C12,12,,,,2019-06-25 00:00:00.000,SQL,
34055,C08,8,,,,2019-06-25 00:00:00.000,SQL,
34056,C12,12,,,,2019-06-25 00:00:00.000,SQL,
34057,C12,12,,,,2019-06-25 00:00:00.000,SQL,
34058,C30,30,,,,2019-06-25 00:00:00.000,SQL,
34059,C30,30,,,,2019-06-25 00:00:00.000,SQL,
34060,C06,6,,,,2019-06-25 00:00:00.000,SQL,
34061,C10,10,,,,2019-06-25 00:00:00.000,SQL,
34062,C06,6,,,,2019-06-25 00:00:00.000,SQL,
34063,C06,6,,,,2019-06-25 00:00:00.000,SQL,
34064,C12,12,,,,2019-06-25 00:00:00.000,SQL,
34066,C03,3,,,,2019-06-25 00:00:00.000,SQL,
34068,C06,6,,,,2019-06-25 00:00:00.000,SQL,
34069,C08,8,,,,2019-06-25 00:00:00.000,SQL,
34070,C24,24,,,,2019-06-25 00:00:00.000,SQL,
34071,C06,6,,,,2019-06-25 00:00:00.000,SQL,
34072,C08,8,,,,2019-06-25 00:00:00.000,SQL,
34073,C14,14,,,,2019-06-25 00:00:00.000,SQL,
34074,C03,3,,,,2019-06-25 00:00:00.000,SQL,
34075,C30,30,,,,2019-06-25 00:00:00.000,SQL,
34076,C08,8,,,,2019-06-25 00:00:00.000,SQL,
34077,C10,10,,,,2019-06-25 00:00:00.000,SQL,
34078,C24,24,,,,2019-06-25 00:00:00.000,SQL,
34079,C10,10,,,,2019-06-25 00:00:00.000,SQL,
34080,C06,6,,,,2019-06-25 00:00:00.000,SQL,
34081,C12,12,,,,2019-06-25 00:00:00.000,SQL,
34082,C25,25,,,,2019-06-25 00:00:00.000,SQL,
34083,C12,12,,,,2019-06-25 00:00:00.000,SQL,
37998,C40,40,,,,2019-06-25 00:00:00.000,SQL,
37999,C10,10,,32500,,2019-06-25 00:00:00.000,SQL,2025-08-30 20:01:03.000
37999,C16,16,,,,2019-06-25 00:00:00.000,SQL,
38000,C10,10,,,,2019-06-25 00:00:00.000,SQL,
38001,C08,8,,,,2019-06-25 00:00:00.000,SQL,
38001,C10,10,,27500,,2019-06-25 00:00:00.000,SQL,2025-05-12 20:12:59.000
38002,C10,10,,,,2019-06-25 00:00:00.000,SQL,
38003,C10,10,,2400,,2019-06-25 00:00:00.000,SQL,2025-08-30 20:01:03.000
38003,C24,24,,,,2019-06-25 00:00:00.000,SQL,
38004,C08,8,,,,2019-06-25 00:00:00.000,SQL,
38004,C10,10,,,,2019-06-25 00:00:00.000,SQL,
38005,C12,12,,,,2019-06-25 00:00:00.000,SQL,
38006,C12,12,,,,2019-06-25 00:00:00.000,SQL,
38007,C12,12,,,,2019-06-25 00:00:00.000,SQL,
38008,C09,9,,,,2019-06-25 00:00:00.000,SQL,
38008,C12,12,,,,2019-06-25 00:00:00.000,SQL,
38009,C06,6,,,,2019-06-25 00:00:00.000,SQL,
38009,C09,9,,,,2019-06-25 00:00:00.000,SQL,
38010,C06,6,,,,2019-06-25 00:00:00.000,SQL,
38011,C08,8,,,,2019-06-25 00:00:00.000,SQL,
38011,C10,10,,,,2019-06-25 00:00:00.000,SQL,
38014,C12,12,,,,2019-06-25 00:00:00.000,SQL,
38015,C24,24,,,,2019-06-25 00:00:00.000,SQL,
38016,C12,12,,,,2019-06-25 00:00:00.000,SQL,
38017,C48,48,,,,2019-06-25 00:00:00.000,SQL,
38018,C12,12,,,,2019-06-25 00:00:00.000,SQL,
38019,C24,24,,,,2019-06-25 00:00:00.000,SQL,
38020,C12,12,,,,2019-06-25 00:00:00.000,SQL,
38021,C04,4,,,,2019-06-25 00:00:00.000,SQL,
38022,C08,8,,,,2019-06-25 00:00:00.000,SQL,
38023,C08,8,,,,2019-06-25 00:00:00.000,SQL,
38024,C06,6,,,,2019-06-25 00:00:00.000,SQL,
38025,C06,6,,,,2019-06-25 00:00:00.000,SQL,
38026,C05,5,,,,2019-06-25 00:00:00.000,SQL,
38027,C05,5,,,,2019-06-25 00:00:00.000,SQL,
38028,C05,5,,,,2019-06-25 00:00:00.000,SQL,
38029,C05,5,,,,2019-06-25 00:00:00.000,SQL,
38030,C04,4,,,,2019-06-25 00:00:00.000,SQL,
38031,C04,4,,,,2019-06-25 00:00:00.000,SQL,
38032,C03,3,,,,2019-06-25 00:00:00.000,SQL,
38033,C04,4,,,,2019-06-25 00:00:00.000,SQL,
38034,C08,8,,,,2019-06-25 00:00:00.000,SQL,
38035,C08,8,,,,2019-06-25 00:00:00.000,SQL,
38036,C08,8,,,,2019-06-25 00:00:00.000,SQL,
38037,C08,8,,,,2019-06-25 00:00:00.000,SQL,
38038,C04,4,,,,2019-06-25 00:00:00.000,SQL,
38039,C04,4,,,,2019-06-25 00:00:00.000,SQL,
38040,C04,4,,,,2019-06-25 00:00:00.000,SQL,
38041,C05,5,,,,2019-06-25 00:00:00.000,SQL,
38042,C05,5,,,,2019-06-25 00:00:00.000,SQL,
38043,C05,5,,,,2019-06-25 00:00:00.000,SQL,
38044,C05,5,,,,2019-06-25 00:00:00.000,SQL,
38045,C03,3,,,,2019-06-25 00:00:00.000,SQL,
38046,C04,4,,,,2019-06-25 00:00:00.000,SQL,
38047,C05,5,,,,2019-06-25 00:00:00.000,SQL,
38048,C04,4,,,,2019-06-25 00:00:00.000,SQL,
38049,C05,5,,,,2019-06-25 00:00:00.000,SQL,
38050,C04,4,,,,2019-06-25 00:00:00.000,SQL,
38051,C05,5,,,,2019-06-25 00:00:00.000,SQL,
38052,C05,5,,,,2019-06-25 00:00:00.000,SQL,
38053,C05,5,,,,2019-06-25 00:00:00.000,SQL,
38054,C05,5,,,,2019-06-25 00:00:00.000,SQL,
38055,C04,4,,,,2019-06-25 00:00:00.000,SQL,
38056,C03,3,,,,2019-06-25 00:00:00.000,SQL,
38057,C04,4,,,,2019-06-25 00:00:00.000,SQL,
38058,C05,5,,,,2019-06-25 00:00:00.000,SQL,
38059,C05,5,,,,2019-06-25 00:00:00.000,SQL,
38060,C04,4,,,,2019-06-25 00:00:00.000,SQL,
38061,C08,8,,,,2019-06-25 00:00:00.000,SQL,
38062,C12,12,,,,2019-06-25 00:00:00.000,SQL,
38063,C04,4,,,,2019-06-25 00:00:00.000,SQL,
38064,C12,12,,,,2019-06-25 00:00:00.000,SQL,
38065,C08,8,,,,2019-06-25 00:00:00.000,SQL,
38066,C24,24,,,,2019-06-25 00:00:00.000,SQL,
38067,C12,12,,,,2019-06-25 00:00:00.000,SQL,
38068,C12,12,,,,2019-06-25 00:00:00.000,SQL,
38069,C12,12,,,,2019-06-25 00:00:00.000,SQL,
38070,C06,6,,,,2019-06-25 00:00:00.000,SQL,
38071,C06,6,,,,2019-06-25 00:00:00.000,SQL,
38072,C08,8,,,,2019-06-25 00:00:00.000,SQL,
38072,C12,12,,,,2019-06-25 00:00:00.000,SQL,
38073,C06,6,,,,2019-06-25 00:00:00.000,SQL,
38074,C10,10,,,,2019-06-25 00:00:00.000,SQL,
38075,C08,8,,,,2019-06-25 00:00:00.000,SQL,
38076,C12,12,,,,2019-06-25 00:00:00.000,SQL,
38077,C10,10,,,,2019-06-25 00:00:00.000,SQL,
38077,C12,12,,,,2019-06-25 00:00:00.000,SQL,
38078,C04,4,,,,2019-06-25 00:00:00.000,SQL,
38079,C06,6,,,,2019-06-25 00:00:00.000,SQL,
38080,C12,12,,,,2019-06-25 00:00:00.000,SQL,
38081,C12,12,,,,2019-06-25 00:00:00.000,SQL,
38082,C06,6,,,,2019-06-25 00:00:00.000,SQL,
38082,C12,12,,,,2019-06-25 00:00:00.000,SQL,
38083,C06,6,,,,2019-06-25 00:00:00.000,SQL,
38083,C12,12,,,,2019-06-25 00:00:00.000,SQL,
38084,C12,12,,,,2019-06-25 00:00:00.000,SQL,
38085,C12,12,,,,2019-06-25 00:00:00.000,SQL,
38086,C06,6,,,,2019-06-25 00:00:00.000,SQL,
38087,C06,6,,,,2019-06-25 00:00:00.000,SQL,
38088,C06,6,,,,2019-06-25 00:00:00.000,SQL,
38089,C06,6,,,,2019-06-25 00:00:00.000,SQL,
38090,C06,6,,,,2019-06-25 00:00:00.000,SQL,
38091,C06,6,,,,2019-06-25 00:00:00.000,SQL,
38092,C06,6,,,,2019-06-25 00:00:00.000,SQL,
38093,C06,6,,,,2019-06-25 00:00:00.000,SQL,
38094,C06,6,,,,2019-06-25 00:00:00.000,SQL,
38095,C06,6,,,,2019-06-25 00:00:00.000,SQL,
38096,C06,6,,,,2019-06-25 00:00:00.000,SQL,
38097,C06,6,,,,2019-06-25 00:00:00.000,SQL,
38098,C06,6,,,,2019-06-25 00:00:00.000,SQL,
38099,C06,6,,,,2019-06-25 00:00:00.000,SQL,
38100,C06,6,,,,2019-06-25 00:00:00.000,SQL,
38101,C06,6,,,,2019-06-25 00:00:00.000,SQL,
38102,C12,12,,,,2019-06-25 00:00:00.000,SQL,
38103,C08,8,,,,2019-06-25 00:00:00.000,SQL,
38104,C05,5,,,,2019-06-25 00:00:00.000,SQL,
38105,C14,14,,,,2019-06-25 00:00:00.000,SQL,
38106,C14,14,,,,2019-06-25 00:00:00.000,SQL,
38107,C10,10,,,,2019-06-25 00:00:00.000,SQL,
38108,C10,10,,,,2019-06-25 00:00:00.000,SQL,
38109,C14,14,,,,2019-06-25 00:00:00.000,SQL,
38110,C14,14,,,,2019-06-25 00:00:00.000,SQL,
38111,C24,24,,,,2019-06-25 00:00:00.000,SQL,
38112,C12,12,,,,2019-06-25 00:00:00.000,SQL,
38112,C17,17,,,,2019-06-25 00:00:00.000,SQL,
38113,C12,12,,,,2019-06-25 00:00:00.000,SQL,
38113,C24,24,,,,2019-06-25 00:00:00.000,SQL,
38114,C12,12,,,,2019-06-25 00:00:00.000,SQL,
38115,C12,12,,,,2019-06-25 00:00:00.000,SQL,
38116,C12,12,,,,2019-06-25 00:00:00.000,SQL,
38117,C08,8,,,,2019-06-25 00:00:00.000,SQL,
38119,C06,6,,,,2019-06-25 00:00:00.000,SQL,
38120,C12,12,,,,2019-06-25 00:00:00.000,SQL,
38121,C06,6,,,,2019-06-25 00:00:00.000,SQL,
38122,C12,12,,,,2019-06-25 00:00:00.000,SQL,
38123,C08,8,,,,2019-06-25 00:00:00.000,SQL,
38124,C08,8,,,,2019-06-25 00:00:00.000,SQL,
38125,C08,8,,,,2019-06-25 00:00:00.000,SQL,
38126,C12,12,,,,2019-06-25 00:00:00.000,SQL,
38127,C12,12,,,,2019-06-25 00:00:00.000,SQL,
38128,C12,12,,,,2019-06-25 00:00:00.000,SQL,
38129,C10,10,,,,2019-06-25 00:00:00.000,SQL,
38130,C10,10,,,,2019-06-25 00:00:00.000,SQL,
38131,C10,10,,,,2019-06-25 00:00:00.000,SQL,
38132,C10,10,,,,2019-06-25 00:00:00.000,SQL,
38133,C10,10,,,,2019-06-25 00:00:00.000,SQL,
38134,C10,10,,,,2019-06-25 00:00:00.000,SQL,
38135,C10,10,,,,2019-06-25 00:00:00.000,SQL,
38136,C10,10,,,,2019-06-25 00:00:00.000,SQL,
38137,C04,4,,,,2019-06-25 00:00:00.000,SQL,
38138,C04,4,,,,2019-06-25 00:00:00.000,SQL,
38138,C05,5,,,,2019-06-25 00:00:00.000,SQL,
38139,C04,4,,,,2019-06-25 00:00:00.000,SQL,
38140,C04,4,,,,2019-06-25 00:00:00.000,SQL,
38141,C06,6,,,,2000-01-01 00:00:00.000,AUTO,
38143,C04,4,,,,2019-06-25 00:00:00.000,SQL,
38144,C10,10,,,,2000-01-01 00:00:00.000,AUTO,
38144,C20,20,,,,2019-06-25 00:00:00.000,SQL,
38145,C10,10,,,,2019-06-25 00:00:00.000,SQL,
38146,C02,2,,,,2019-06-25 00:00:00.000,SQL,
38148,C03,3,,,,2019-06-25 00:00:00.000,SQL,
38149,C03,3,,,,2019-06-25 00:00:00.000,SQL,
38149,C12,12,,,,2019-06-25 00:00:00.000,SQL,
38149,C30,30,,,,2019-06-25 00:00:00.000,SQL,
38150,C03,3,,,,2019-06-25 00:00:00.000,SQL,
38150,C12,12,,,,2019-06-25 00:00:00.000,SQL,
38150,C18,18,,,,2019-06-25 00:00:00.000,SQL,
38151,C06,6,,,,2019-06-25 00:00:00.000,SQL,
38152,C06,6,,,,2019-06-25 00:00:00.000,SQL,
38153,C48,48,,,,2019-06-25 00:00:00.000,SQL,
38154,C08,8,,,,2019-06-25 00:00:00.000,SQL,
38160,C06,6,,,,2019-06-25 00:00:00.000,SQL,
38160,C12,12,,,,2000-01-01 00:00:00.000,AUTO,
38162,C10,10,,,,2019-06-25 00:00:00.000,SQL,
38163,C27,27,,,,2000-01-01 00:00:00.000,AUTO,
38163,C32,32,,,,2019-06-25 00:00:00.000,SQL,
38164,C03,3,,,,2019-06-25 00:00:00.000,SQL,
38165,C12,12,,,,2019-06-25 00:00:00.000,SQL,
38166,C06,6,,,,2019-06-25 00:00:00.000,SQL,
38168,C02,2,,,,2019-06-25 00:00:00.000,SQL,
38169,C03,3,,,,2019-06-25 00:00:00.000,SQL,
38171,C04,4,,,,2019-06-25 00:00:00.000,SQL,
38172,C16,16,,,,2019-06-25 00:00:00.000,SQL,
38173,C08,8,,,,2019-06-25 00:00:00.000,SQL,
38174,C08,8,,,,2019-06-25 00:00:00.000,SQL,
38175,C08,8,,,,2019-06-25 00:00:00.000,SQL,
38176,C12,12,,,,2019-06-25 00:00:00.000,SQL,
38177,C08,8,,,,2019-06-25 00:00:00.000,SQL,
38178,C02,2,,,,2019-06-25 00:00:00.000,SQL,
38179,C08,8,,,,2019-06-25 00:00:00.000,SQL,
38180,C08,8,,,,2019-06-25 00:00:00.000,SQL,
38182,C20,20,,,,2019-06-25 00:00:00.000,SQL,
38183,C04,4,,,,2019-06-25 00:00:00.000,SQL,
38184,C04,4,,,,2019-06-25 00:00:00.000,SQL,
38186,C08,8,,,,2019-06-25 00:00:00.000,SQL,
38187,C10,10,,16000,,2017-07-27 00:00:00.000,XXXX,
38188,C08,8,,,,2019-06-25 00:00:00.000,SQL,
38189,C08,8,,14000,,2019-06-25 00:00:00.000,SQL,2020-02-24 00:00:00.000
38190,C04,4,,,,2019-06-25 00:00:00.000,SQL,
38191,C12,12,,,,2019-06-25 00:00:00.000,SQL,
38191,C24,24,,54000,,2019-06-25 00:00:00.000,SQL,2023-04-25 11:30:41.000
38193,C06,6,,,,2019-06-25 00:00:00.000,SQL,
38194,C24,24,,,,2019-06-25 00:00:00.000,SQL,
38195,C12,12,,,,2019-06-25 00:00:00.000,SQL,
38196,C12,12,,,,2019-06-25 00:00:00.000,SQL,
38197,C12,12,,,,2019-06-25 00:00:00.000,SQL,
38198,C12,12,,,,2019-06-25 00:00:00.000,SQL,
38199,C14,14,,,,2019-06-25 00:00:00.000,SQL,
23723,CTN,480,,41000,,2017-08-05 19:02:59.000,XXXX,2023-08-30 00:00:00.000
23723,G80,480,,40000,,2017-08-05 19:02:59.000,XXXX,2024-08-06 20:55:28.000
23723,PQT,20,,2500,,2018-08-10 00:00:00.000,NICK,2023-08-29 17:40:42.000
23724,G80,480,,41000,,2017-08-01 00:00:00.000,XXXX,2023-08-30 00:00:00.000
23725,G80,480,,41000,,2017-08-01 00:00:00.000,XXXX,2023-08-30 00:00:00.000
23727,E00,200,,29000,,2017-01-08 18:15:22.000,XXXX,2022-07-05 00:00:00.000
23728,E00,200,,,,2019-06-25 00:00:00.000,SQL,
23730,C08,8,,,,2019-06-25 00:00:00.000,SQL,
23731,C11,11,,,,2019-06-25 00:00:00.000,SQL,
23732,CTN,14.45,,,,2019-06-25 00:00:00.000,SQL,
23733,C06,6,,,,2019-06-25 00:00:00.000,SQL,
23734,C06,6,,,,2019-06-25 00:00:00.000,SQL,
23735,C06,6,,,,2019-06-25 00:00:00.000,SQL,
23736,CTN,12.16,,,,2019-06-25 00:00:00.000,SQL,
23737,CTN,11.62,,,,2019-06-25 00:00:00.000,SQL,
23738,C04,4,,,,2000-01-01 00:00:00.000,AUTO,
23738,CTN,4.45,,,,2019-06-25 00:00:00.000,SQL,
23739,C12,12,,,,2000-01-01 00:00:00.000,AUTO,
23739,CTN,11.31,,,,2019-06-25 00:00:00.000,SQL,
23740,CTN,14.57,,,,2019-06-25 00:00:00.000,SQL,
23741,CTN,7.35,,,,2019-06-25 00:00:00.000,SQL,
23742,CTN,9.52,,,,2019-06-25 00:00:00.000,SQL,
23744,C12,12,,11000,,2017-01-25 00:00:00.000,XXXX,
23745,C15,15,,,,2019-06-25 00:00:00.000,SQL,
23746,C80,80,,87000,,2019-06-25 00:00:00.000,SQL,2024-11-27 00:00:00.000
23747,C12,12,,120000,,2019-06-25 00:00:00.000,SQL,2024-11-27 00:00:00.000
23748,C90,90,,,,2019-06-25 00:00:00.000,SQL,
23749,C24,24,,,,2019-06-25 00:00:00.000,SQL,
23750,C04,4,,,,2019-06-25 00:00:00.000,SQL,
23751,C04,4,,,,2019-06-25 00:00:00.000,SQL,
23752,C08,8,,,,2019-06-25 00:00:00.000,SQL,
23753,C12,12,,,,2019-06-25 00:00:00.000,SQL,
23754,C12,12,,,,2019-06-25 00:00:00.000,SQL,
23755,C12,12,,,,2019-06-25 00:00:00.000,SQL,
23755,CTN,12,,8000,,2018-06-30 00:00:00.000,NICK,2019-06-20 19:51:20.000
23757,C12,12,,,,2019-06-25 00:00:00.000,SQL,
23758,C12,12,,,,2019-06-25 00:00:00.000,SQL,
23759,C24,24,,,,2019-06-25 00:00:00.000,SQL,
23760,C06,6,,,,2019-06-25 00:00:00.000,SQL,
23761,C12,12,,,,2019-06-25 00:00:00.000,SQL,
23762,C06,6,,,,2019-06-25 00:00:00.000,SQL,
23763,C12,12,,,,2019-06-25 00:00:00.000,SQL,
23764,C24,24,,,,2019-06-25 00:00:00.000,SQL,
23765,C12,12,,,,2019-06-25 00:00:00.000,SQL,
23766,C15,15,,,,2019-06-25 00:00:00.000,SQL,
23767,C24,24,,,,2019-06-25 00:00:00.000,SQL,
23768,C24,24,,,,2019-06-25 00:00:00.000,SQL,
23769,C24,24,,,,2019-06-25 00:00:00.000,SQL,
23770,C12,12,,,,2019-06-25 00:00:00.000,SQL,
23771,C06,6,,,,2019-06-25 00:00:00.000,SQL,
23772,C06,6,,,,2019-06-25 00:00:00.000,SQL,
23773,C20,20,,,,2019-06-25 00:00:00.000,SQL,
23774,C06,6,,,,2019-06-25 00:00:00.000,SQL,
23775,C06,6,,,,2019-06-25 00:00:00.000,SQL,
23776,C08,8,,,,2019-06-25 00:00:00.000,SQL,
23777,C08,8,,,,2019-06-25 00:00:00.000,SQL,
23778,C12,12,,,,2019-06-25 00:00:00.000,SQL,
23785,D00,100,,,,2019-06-25 00:00:00.000,SQL,
23786,D00,100,,,,2019-06-25 00:00:00.000,SQL,
23787,C50,50,,,,2019-06-25 00:00:00.000,SQL,
23787,M00,1000,,,,2000-01-01 00:00:00.000,AUTO,
23788,D00,100,,,,2019-06-25 00:00:00.000,SQL,
23789,D00,100,,,,2019-06-25 00:00:00.000,SQL,
23790,C10,10,,,,2019-06-25 00:00:00.000,SQL,
23791,C10,10,,,,2019-06-25 00:00:00.000,SQL,
23792,C20,20,,,,2019-06-25 00:00:00.000,SQL,
23793,C20,20,,,,2019-06-25 00:00:00.000,SQL,
23794,D00,100,,,,2019-06-25 00:00:00.000,SQL,
23796,D00,100,,,,2019-06-25 00:00:00.000,SQL,
23798,C20,20,,,,2019-06-25 00:00:00.000,SQL,
23799,C20,20,,,,2019-06-25 00:00:00.000,SQL,
23801,C50,50,,,,2019-06-25 00:00:00.000,SQL,
23801,M00,1000,,,,2000-01-01 00:00:00.000,AUTO,
23801,PQT,20,,,,2020-11-24 12:06:31.000,MOHIT,
23802,C50,50,,,,2019-06-25 00:00:00.000,SQL,
23802,PQT,20,,,,2018-08-31 00:00:00.000,MOHIT,
23803,C20,20,,,,2019-06-25 00:00:00.000,SQL,
23805,C20,20,,,,2019-06-25 00:00:00.000,SQL,
23806,C20,20,,,,2019-06-25 00:00:00.000,SQL,
23807,C20,20,,,,2019-06-25 00:00:00.000,SQL,
23808,C20,20,,,,2019-06-25 00:00:00.000,SQL,
23809,C20,20,,,,2019-06-25 00:00:00.000,SQL,
23810,C20,20,,,,2019-06-25 00:00:00.000,SQL,
23811,C20,20,,,,2019-06-25 00:00:00.000,SQL,
23812,C25,25,,,,2019-06-25 00:00:00.000,SQL,
23813,D20,120,,,,2019-06-25 00:00:00.000,SQL,
23814,C25,25,,,,2019-06-25 00:00:00.000,SQL,
23815,D44,144,,,,2019-06-25 00:00:00.000,SQL,
23815,PKT,12,,,,2020-08-29 15:46:08.000,MOHIT,
23816,C25,25,,,,2019-06-25 00:00:00.000,SQL,
23817,D44,144,,,,2019-06-25 00:00:00.000,SQL,
23818,D44,144,,,,2019-06-25 00:00:00.000,SQL,
23819,C20,20,,,,2019-06-25 00:00:00.000,SQL,
23820,C20,20,,,,2019-06-25 00:00:00.000,SQL,
23820,D20,120,,,,2000-01-01 00:00:00.000,AUTO,
23821,C20,20,,,,2019-06-25 00:00:00.000,SQL,
23822,C20,20,,,,2019-06-25 00:00:00.000,SQL,
23823,C25,25,,,,2019-06-25 00:00:00.000,SQL,
23824,E50,250,,,,2019-06-25 00:00:00.000,SQL,
23825,D25,125,,,,2019-06-25 00:00:00.000,SQL,
23826,C25,25,,,,2019-06-25 00:00:00.000,SQL,
23827,C20,20,,,,2019-06-25 00:00:00.000,SQL,
23828,C25,25,,,,2019-06-25 00:00:00.000,SQL,
23829,C18,18,,,,2019-06-25 00:00:00.000,SQL,
23830,C18,18,,,,2019-06-25 00:00:00.000,SQL,
23831,C20,20,,,,2019-06-25 00:00:00.000,SQL,
23832,C25,25,,,,2019-06-25 00:00:00.000,SQL,
23833,C72,72,,,,2019-06-25 00:00:00.000,SQL,
23834,E00,200,,,,2019-06-25 00:00:00.000,SQL,
23835,D00,100,,,,2019-06-25 00:00:00.000,SQL,
23836,D20,120,,,,2019-06-25 00:00:00.000,SQL,
23838,C25,25,,,,2019-06-25 00:00:00.000,SQL,
23839,C06,6,,,,2000-01-01 00:00:00.000,AUTO,
23839,C25,25,,,,2019-06-25 00:00:00.000,SQL,
23840,C12,12,,,,2020-08-29 15:46:08.000,MOHIT,
23840,C24,24,,,,2019-06-25 00:00:00.000,SQL,
23841,C12,12,,,,2020-08-29 15:46:08.000,MOHIT,
23841,C72,72,,,,2019-06-25 00:00:00.000,SQL,
23843,C24,24,,,,2019-06-25 00:00:00.000,SQL,
23844,C72,72,,,,2019-06-25 00:00:00.000,SQL,
23846,C12,12,,,,2020-08-29 15:46:08.000,MOHIT,
23846,C72,72,,,,2019-06-25 00:00:00.000,SQL,
23847,D08,108,,,,2019-06-25 00:00:00.000,SQL,
23848,C72,72,,,,2019-06-25 00:00:00.000,SQL,
23849,C12,12,,,,2020-08-29 15:46:08.000,MOHIT,
23849,D44,144,,,,2019-06-25 00:00:00.000,SQL,
23851,C48,48,,,,2019-06-25 00:00:00.000,SQL,
23852,C96,96,,,,2019-06-25 00:00:00.000,SQL,
23853,C60,60,,,,2019-06-25 00:00:00.000,SQL,
23854,C20,20,,,,2019-06-25 00:00:00.000,SQL,
24035,C12,12,,,,2019-06-25 00:00:00.000,SQL,
24041,C06,6,,,,2019-06-25 00:00:00.000,SQL,
24042,C06,6,,,,2019-06-25 00:00:00.000,SQL,
24043,C06,6,,,,2019-06-25 00:00:00.000,SQL,
24044,C06,6,,,,2019-06-25 00:00:00.000,SQL,
24045,C06,6,,,,2019-06-25 00:00:00.000,SQL,
24046,C10,10,,,,2019-06-25 00:00:00.000,SQL,
24048,C06,6,,,,2019-06-25 00:00:00.000,SQL,
24051,C10,10,,,,2019-06-25 00:00:00.000,SQL,
24051,C12,12,,,,2019-06-25 00:00:00.000,SQL,
24052,C10,10,,,,2019-06-25 00:00:00.000,SQL,
24052,C12,12,,,,2019-06-25 00:00:00.000,SQL,
24053,C12,12,,,,2019-06-25 00:00:00.000,SQL,
24055,C05,5,,,,2019-06-25 00:00:00.000,SQL,
24056,C05,5,,,,2019-06-25 00:00:00.000,SQL,
24057,C05,5,,,,2019-06-25 00:00:00.000,SQL,
24058,C05,5,,,,2019-06-25 00:00:00.000,SQL,
24059,C10,10,,,,2019-06-25 00:00:00.000,SQL,
24061,C06,6,,,,2019-06-25 00:00:00.000,SQL,
24062,C06,6,,,,2019-06-25 00:00:00.000,SQL,
24068,C10,10,,,,2019-06-25 00:00:00.000,SQL,
24088,C06,6,,25000,,2000-01-01 00:00:00.000,AUTO,2021-04-06 20:32:53.000
24098,C48,48,,,,2019-06-25 00:00:00.000,SQL,
24099,C48,48,,,,2019-06-25 00:00:00.000,SQL,
24100,C48,48,,,,2019-06-25 00:00:00.000,SQL,
24101,C12,12,,,,2019-06-25 00:00:00.000,SQL,
24102,C12,12,,,,2019-06-25 00:00:00.000,SQL,
24103,C06,6,,,,2019-06-25 00:00:00.000,SQL,
24104,C06,6,,,,2019-06-25 00:00:00.000,SQL,
24105,C12,12,,,,2019-06-25 00:00:00.000,SQL,
24106,C12,12,,,,2019-06-25 00:00:00.000,SQL,
24107,C12,12,,,,2019-06-25 00:00:00.000,SQL,
24108,C12,12,,,,2019-06-25 00:00:00.000,SQL,
24109,C12,12,,,,2019-06-25 00:00:00.000,SQL,
24110,C12,12,,,,2019-06-25 00:00:00.000,SQL,
24111,C06,6,,,,2019-06-25 00:00:00.000,SQL,
24113,C12,12,,,,2019-06-25 00:00:00.000,SQL,
24114,C12,12,,,,2019-06-25 00:00:00.000,SQL,
24115,C24,24,,,,2019-06-25 00:00:00.000,SQL,
24116,C12,12,,,,2019-06-25 00:00:00.000,SQL,
24117,C12,12,,,,2019-06-25 00:00:00.000,SQL,
24118,C24,24,,,,2019-06-25 00:00:00.000,SQL,
24119,C12,12,,,,2019-06-25 00:00:00.000,SQL,
24120,C10,10,,,,2019-06-25 00:00:00.000,SQL,
24120,C12,12,,,,2019-06-25 00:00:00.000,SQL,
24121,C12,12,,,,2019-06-25 00:00:00.000,SQL,
24122,C08,8,,,,2019-06-25 00:00:00.000,SQL,
24123,C12,12,,,,2019-06-25 00:00:00.000,SQL,
24124,C10,10,,,,2019-06-25 00:00:00.000,SQL,
24125,C12,12,,,,2019-06-25 00:00:00.000,SQL,
24126,C12,12,,,,2019-06-25 00:00:00.000,SQL,
24127,C12,12,,,,2019-06-25 00:00:00.000,SQL,
24128,C08,8,,,,2019-06-25 00:00:00.000,SQL,
24129,C08,8,,,,2019-06-25 00:00:00.000,SQL,
24130,C06,6,,,,2019-06-25 00:00:00.000,SQL,
24130,C08,8,,,,2019-06-25 00:00:00.000,SQL,
24131,C06,6,,,,2019-06-25 00:00:00.000,SQL,
24132,C12,12,,,,2019-06-25 00:00:00.000,SQL,
24133,C12,12,,,,2019-06-25 00:00:00.000,SQL,
24134,C12,12,,,,2019-06-25 00:00:00.000,SQL,
24135,C10,10,,,,2019-06-25 00:00:00.000,SQL,
24136,C12,12,,,,2019-06-25 00:00:00.000,SQL,
24137,C12,12,,,,2019-06-25 00:00:00.000,SQL,
24138,C12,12,,,,2019-06-25 00:00:00.000,SQL,
24139,C12,12,,,,2019-06-25 00:00:00.000,SQL,
24140,C12,12,,,,2019-06-25 00:00:00.000,SQL,
24141,C12,12,,,,2019-06-25 00:00:00.000,SQL,
24142,C12,12,,,,2019-06-25 00:00:00.000,SQL,
24143,C12,12,,,,2019-06-25 00:00:00.000,SQL,
24144,C12,12,,,,2019-06-25 00:00:00.000,SQL,
24145,C06,6,,,,2019-06-25 00:00:00.000,SQL,
24146,C12,12,,,,2019-06-25 00:00:00.000,SQL,
24148,C24,24,,,,2019-06-25 00:00:00.000,SQL,
24149,C06,6,,,,2019-06-25 00:00:00.000,SQL,
24150,C12,12,,,,2019-06-25 00:00:00.000,SQL,
24150,C24,24,,,,2019-06-25 00:00:00.000,SQL,
24151,C20,20,,,,2019-06-25 00:00:00.000,SQL,
24152,C12,12,,,,2019-06-25 00:00:00.000,SQL,
28250,C20,20,,,,2019-06-25 00:00:00.000,SQL,
28251,C30,30,,,,2019-06-25 00:00:00.000,SQL,
28252,C14,14,,,,2019-06-25 00:00:00.000,SQL,
28253,C14,14,,,,2019-06-25 00:00:00.000,SQL,
28254,C14,14,,,,2019-06-25 00:00:00.000,SQL,
28255,C14,14,,,,2019-06-25 00:00:00.000,SQL,
28256,C24,24,,,,2019-06-25 00:00:00.000,SQL,
28257,C32,32,,,,2019-06-25 00:00:00.000,SQL,
28258,C14,14,,,,2019-06-25 00:00:00.000,SQL,
28259,C14,14,,,,2019-06-25 00:00:00.000,SQL,
28260,C14,14,,,,2019-06-25 00:00:00.000,SQL,
28261,C14,14,,,,2019-06-25 00:00:00.000,SQL,
28262,C08,8,,,,2019-06-25 00:00:00.000,SQL,
28263,C12,12,,,,2019-06-25 00:00:00.000,SQL,
28264,C12,12,,,,2019-06-25 00:00:00.000,SQL,
28265,C16,16,,,,2019-06-25 00:00:00.000,SQL,
28266,C14,14,,,,2019-06-25 00:00:00.000,SQL,
28267,C14,14,,,,2019-06-25 00:00:00.000,SQL,
28268,C15,15,,,,2019-06-25 00:00:00.000,SQL,
28269,C20,20,,,,2019-06-25 00:00:00.000,SQL,
28270,C20,20,,,,2019-06-25 00:00:00.000,SQL,
28274,C12,12,,,,2019-06-25 00:00:00.000,SQL,
28275,C24,24,,,,2019-06-25 00:00:00.000,SQL,
28276,CTN,6,,9500,,2017-04-16 00:00:00.000,XXXX,2024-11-07 20:15:41.000
28278,C06,6,,13000,,2017-01-08 18:15:49.000,XXXX,2024-04-20 19:21:41.000
28281,C12,12,,,,2019-06-25 00:00:00.000,SQL,
28282,C06,6,,,,2019-06-25 00:00:00.000,SQL,
28283,C07,7,,,,2019-06-25 00:00:00.000,SQL,
28284,C07,7,,,,2019-06-25 00:00:00.000,SQL,
28285,C08,8,,,,2019-06-25 00:00:00.000,SQL,
28286,C12,12,,,,2019-06-25 00:00:00.000,SQL,
28287,C12,12,,,,2019-06-25 00:00:00.000,SQL,
28288,C12,12,,,,2019-06-25 00:00:00.000,SQL,
28289,C06,6,,,,2019-06-25 00:00:00.000,SQL,
28290,C06,6,,,,2019-06-25 00:00:00.000,SQL,
28291,C06,6,,,,2019-06-25 00:00:00.000,SQL,
28292,C16,16,,,,2019-06-25 00:00:00.000,SQL,
28293,C12,12,,,,2019-06-25 00:00:00.000,SQL,
28294,C12,12,,,,2019-06-25 00:00:00.000,SQL,
28295,C12,12,,,,2019-06-25 00:00:00.000,SQL,
28296,C20,20,,,,2019-06-25 00:00:00.000,SQL,
28297,C24,24,,,,2019-06-25 00:00:00.000,SQL,
28298,C08,8,,,,2019-06-25 00:00:00.000,SQL,
28299,C12,12,,,,2019-06-25 00:00:00.000,SQL,
28300,C12,12,,,,2019-06-25 00:00:00.000,SQL,
28301,C12,12,,18000,,2019-06-25 00:00:00.000,SQL,2019-04-28 13:39:30.000
28302,C12,12,,18000,,2019-06-25 00:00:00.000,SQL,2019-04-28 13:39:30.000
28303,C16,16,,,,2019-06-25 00:00:00.000,SQL,
28304,C16,16,,,,2019-06-25 00:00:00.000,SQL,
28305,C18,18,,,,2019-06-25 00:00:00.000,SQL,
28306,C12,12,,,,2019-06-25 00:00:00.000,SQL,
28307,C12,12,,16500,,2019-06-25 00:00:00.000,SQL,2023-05-08 19:02:19.000
28308,C12,12,,,,2019-06-25 00:00:00.000,SQL,
28309,C16,16,,,,2019-06-25 00:00:00.000,SQL,
28310,C16,16,,,,2019-06-25 00:00:00.000,SQL,
28311,C14,14,,,,2019-06-25 00:00:00.000,SQL,
28312,C06,6,,,,2019-06-25 00:00:00.000,SQL,
28313,C14,14,,,,2019-06-25 00:00:00.000,SQL,
28314,C17,17,,,,2019-06-25 00:00:00.000,SQL,
28315,C20,20,,,,2019-06-25 00:00:00.000,SQL,
28316,C10,10,,,,2019-06-25 00:00:00.000,SQL,
28317,C10,10,,,,2019-06-25 00:00:00.000,SQL,
28319,C06,6,,,,2019-06-25 00:00:00.000,SQL,
28320,C06,6,,,,2019-06-25 00:00:00.000,SQL,
28321,C06,6,,,,2019-06-25 00:00:00.000,SQL,
28321,C12,12,,,,2019-06-25 00:00:00.000,SQL,
28322,C06,6,,,,2019-06-25 00:00:00.000,SQL,
28323,C06,6,,,,2019-06-25 00:00:00.000,SQL,
28323,C12,12,,,,2019-06-25 00:00:00.000,SQL,
28324,C06,6,,,,2019-06-25 00:00:00.000,SQL,
28325,C06,6,,,,2019-06-25 00:00:00.000,SQL,
28326,C08,8,,,,2019-06-25 00:00:00.000,SQL,
28327,C12,12,,,,2019-06-25 00:00:00.000,SQL,
28328,C24,24,,48000,,2017-02-20 20:19:10.000,XXXX,
28330,C12,12,,,,2019-06-25 00:00:00.000,SQL,
28331,C06,6,,,,2019-06-25 00:00:00.000,SQL,
28332,C12,12,,,,2019-06-25 00:00:00.000,SQL,
28333,C20,20,,,,2019-06-25 00:00:00.000,SQL,
28334,C30,30,,,,2019-06-25 00:00:00.000,SQL,
28336,C12,12,,,,2019-06-25 00:00:00.000,SQL,
28337,C12,12,,,,2019-06-25 00:00:00.000,SQL,
28338,C12,12,,,,2019-06-25 00:00:00.000,SQL,
28340,C24,24,,,,2019-06-25 00:00:00.000,SQL,
28341,C24,24,,,,2019-06-25 00:00:00.000,SQL,
28342,C12,12,,,,2019-06-25 00:00:00.000,SQL,
28343,C12,12,,,,2019-06-25 00:00:00.000,SQL,
28344,C06,6,,,,2019-06-25 00:00:00.000,SQL,
28345,C12,12,,,,2019-06-25 00:00:00.000,SQL,
28346,C24,24,,,,2019-06-25 00:00:00.000,SQL,
28347,C24,24,,,,2019-06-25 00:00:00.000,SQL,
28348,C12,12,,,,2019-06-25 00:00:00.000,SQL,
28349,C12,12,,,,2019-06-25 00:00:00.000,SQL,
28350,C24,24,,,,2019-06-25 00:00:00.000,SQL,
28351,C06,6,,,,2019-06-25 00:00:00.000,SQL,
28352,C06,6,,,,2019-06-25 00:00:00.000,SQL,
28353,C06,6,,,,2019-06-25 00:00:00.000,SQL,
28354,C12,12,,,,2019-06-25 00:00:00.000,SQL,
28355,C12,12,,,,2019-06-25 00:00:00.000,SQL,
28358,C12,12,,,,2019-06-25 00:00:00.000,SQL,
28358,C24,24,,,,2019-06-25 00:00:00.000,SQL,
28360,C12,12,,,,2019-06-25 00:00:00.000,SQL,
28360,C24,24,,,,2019-06-25 00:00:00.000,SQL,
28362,C08,8,,,,2019-06-25 00:00:00.000,SQL,
28362,C16,16,,,,2019-06-25 00:00:00.000,SQL,
28363,C08,8,,,,2019-06-25 00:00:00.000,SQL,
28364,C06,6,,,,2019-06-25 00:00:00.000,SQL,
28365,C06,6,,,,2019-06-25 00:00:00.000,SQL,
28366,C06,6,,,,2019-06-25 00:00:00.000,SQL,
28367,C06,6,,,,2019-06-25 00:00:00.000,SQL,
28368,C06,6,,,,2019-06-25 00:00:00.000,SQL,
28369,C06,6,,,,2019-06-25 00:00:00.000,SQL,
28370,C06,6,,,,2019-06-25 00:00:00.000,SQL,
28371,C09,9,,,,2019-06-25 00:00:00.000,SQL,
28372,C12,12,,,,2019-06-25 00:00:00.000,SQL,
28373,C10,10,,,,2019-06-25 00:00:00.000,SQL,
28374,C10,10,,,,2019-06-25 00:00:00.000,SQL,
28375,C12,12,,,,2019-06-25 00:00:00.000,SQL,
28376,C12,12,,,,2019-06-25 00:00:00.000,SQL,
28377,C08,8,,,,2019-06-25 00:00:00.000,SQL,
28378,C12,12,,,,2019-06-25 00:00:00.000,SQL,
28379,C06,6,,,,2019-06-25 00:00:00.000,SQL,
28380,C06,6,,,,2019-06-25 00:00:00.000,SQL,
28381,C12,12,,,,2019-06-25 00:00:00.000,SQL,
28382,C24,24,,,,2019-06-25 00:00:00.000,SQL,
28383,C16,16,,,,2019-06-25 00:00:00.000,SQL,
28384,C03,3,,,,2019-06-25 00:00:00.000,SQL,
28385,C08,8,,,,2019-06-25 00:00:00.000,SQL,
28386,C04,4,,,,2019-06-25 00:00:00.000,SQL,
28387,C04,4,,,,2019-06-25 00:00:00.000,SQL,
28388,C12,12,,,,2019-06-25 00:00:00.000,SQL,
28389,C12,12,,,,2019-06-25 00:00:00.000,SQL,
28390,C12,12,,,,2019-06-25 00:00:00.000,SQL,
28391,C12,12,,,,2019-06-25 00:00:00.000,SQL,
28392,C12,12,,,,2019-06-25 00:00:00.000,SQL,
28393,C12,12,,,,2019-06-25 00:00:00.000,SQL,
28394,C12,12,,,,2019-06-25 00:00:00.000,SQL,
28395,C12,12,,,,2019-06-25 00:00:00.000,SQL,
28397,C12,12,,,,2019-06-25 00:00:00.000,SQL,
28398,C12,12,,,,2019-06-25 00:00:00.000,SQL,
28399,C12,12,,,,2019-06-25 00:00:00.000,SQL,
28400,C24,24,,,,2019-06-25 00:00:00.000,SQL,
28401,C11,11,,,,2019-06-25 00:00:00.000,SQL,
28402,C06,6,,,,2019-06-25 00:00:00.000,SQL,
28403,C06,6,,,,2019-06-25 00:00:00.000,SQL,
28404,C06,6,,,,2019-06-25 00:00:00.000,SQL,
28405,C06,6,,,,2019-06-25 00:00:00.000,SQL,
28406,C06,6,,,,2019-06-25 00:00:00.000,SQL,
28407,C06,6,,,,2019-06-25 00:00:00.000,SQL,
28408,C12,12,,,,2019-06-25 00:00:00.000,SQL,
28409,C14,14,,,,2019-06-25 00:00:00.000,SQL,
28410,C14,14,,,,2019-06-25 00:00:00.000,SQL,
28411,C14,14,,,,2019-06-25 00:00:00.000,SQL,
28412,C14,14,,19600,,2019-06-25 00:00:00.000,SQL,2023-02-02 19:59:14.000
28413,C12,12,,,,2019-06-25 00:00:00.000,SQL,
28414,C06,6,,,,2019-06-25 00:00:00.000,SQL,
28415,C06,6,,,,2019-06-25 00:00:00.000,SQL,
28416,C12,12,,,,2019-06-25 00:00:00.000,SQL,
28417,C32,32,,,,2019-06-25 00:00:00.000,SQL,
28418,C24,24,,,,2019-06-25 00:00:00.000,SQL,
28419,C06,6,,,,2000-01-01 00:00:00.000,AUTO,
28419,C12,12,,,,2019-06-25 00:00:00.000,SQL,
28420,C12,12,,,,2019-06-25 00:00:00.000,SQL,
28421,C06,6,,,,2019-06-25 00:00:00.000,SQL,
28421,C12,12,,,,2019-06-25 00:00:00.000,SQL,
28422,C12,12,,,,2019-06-25 00:00:00.000,SQL,
28423,C12,12,,,,2019-06-25 00:00:00.000,SQL,
28424,C06,6,,,,2019-06-25 00:00:00.000,SQL,
28425,C12,12,,,,2019-06-25 00:00:00.000,SQL,
28426,C12,12,,,,2019-06-25 00:00:00.000,SQL,
28428,C12,12,,,,2019-06-25 00:00:00.000,SQL,
28429,C12,12,,,,2019-06-25 00:00:00.000,SQL,
28430,C12,12,,,,2019-06-25 00:00:00.000,SQL,
28431,C06,6,,,,2019-06-25 00:00:00.000,SQL,
28432,C10,10,,,,2019-06-25 00:00:00.000,SQL,
28433,C14,14,,,,2019-06-25 00:00:00.000,SQL,
28434,C12,12,,,,2019-06-25 00:00:00.000,SQL,
28435,C12,12,,,,2019-06-25 00:00:00.000,SQL,
28436,C12,12,,,,2019-06-25 00:00:00.000,SQL,
28437,C10,10,,,,2019-06-25 00:00:00.000,SQL,
28438,C12,12,,,,2019-06-25 00:00:00.000,SQL,
28439,C12,12,,,,2019-06-25 00:00:00.000,SQL,
28440,C12,12,,,,2019-06-25 00:00:00.000,SQL,
28441,C12,12,,,,2019-06-25 00:00:00.000,SQL,
28442,C06,6,,,,2019-06-25 00:00:00.000,SQL,
28443,C06,6,,,,2019-06-25 00:00:00.000,SQL,
28444,C04,4,,,,2019-06-25 00:00:00.000,SQL,
28452,C06,6,,,,2019-06-25 00:00:00.000,SQL,
28543,H00,500,,,,2019-06-25 00:00:00.000,SQL,
28563,C50,50,,,,2000-01-01 00:00:00.000,AUTO,
28634,C40,40,,,,2000-01-01 00:00:00.000,AUTO,
28681,C72,72,,,,2000-01-01 00:00:00.000,AUTO,
28682,C06,6,,,,2000-01-01 00:00:00.000,AUTO,
28684,C12,12,,,,2000-01-01 00:00:00.000,AUTO,
28687,C12,12,,,,2000-01-01 00:00:00.000,AUTO,
28688,C12,12,,,,2000-01-01 00:00:00.000,AUTO,
28689,C12,12,,,,2000-01-01 00:00:00.000,AUTO,
28690,C12,12,,,,2000-01-01 00:00:00.000,AUTO,
28691,C12,12,,,,2000-01-01 00:00:00.000,AUTO,
28692,C12,12,,,,2000-01-01 00:00:00.000,AUTO,
28700,C04,4,,,,2000-01-01 00:00:00.000,AUTO,
28701,C04,4,,,,2000-01-01 00:00:00.000,AUTO,
28703,C06,6,,,,2000-01-01 00:00:00.000,AUTO,
28707,C20,20,,6500,,2019-06-25 00:00:00.000,SQL,2025-06-20 00:00:00.000
28715,C02,2,,,,2000-01-01 00:00:00.000,AUTO,
28717,C36,36,,,,2019-06-25 00:00:00.000,SQL,
28718,C36,36,,,,2019-06-25 00:00:00.000,SQL,
28719,C48,48,,,,2019-06-25 00:00:00.000,SQL,
28720,C72,72,,,,2019-06-25 00:00:00.000,SQL,
28721,C24,24,,,,2019-06-25 00:00:00.000,SQL,
28722,C36,36,,,,2019-06-25 00:00:00.000,SQL,
28723,C36,36,,,,2019-06-25 00:00:00.000,SQL,
28724,C36,36,,,,2019-06-25 00:00:00.000,SQL,
28725,C36,36,,,,2019-06-25 00:00:00.000,SQL,
34084,C12,12,,,,2019-06-25 00:00:00.000,SQL,
34085,C12,12,,,,2019-06-25 00:00:00.000,SQL,
34085,C36,36,,,,2019-06-25 00:00:00.000,SQL,
34087,C06,6,,,,2019-06-25 00:00:00.000,SQL,
34088,C12,12,,,,2019-06-25 00:00:00.000,SQL,
34089,C12,12,,,,2019-06-25 00:00:00.000,SQL,
34090,C12,12,,,,2019-06-25 00:00:00.000,SQL,
34091,C12,12,,,,2019-06-25 00:00:00.000,SQL,
34092,C24,24,,,,2019-06-25 00:00:00.000,SQL,
34093,C03,3,,,,2019-06-25 00:00:00.000,SQL,
34094,C03,3,,,,2019-06-25 00:00:00.000,SQL,
34095,C24,24,,,,2019-06-25 00:00:00.000,SQL,
34096,C24,24,,,,2019-06-25 00:00:00.000,SQL,
34097,C06,6,,,,2019-06-25 00:00:00.000,SQL,
34098,C12,12,,,,2019-06-25 00:00:00.000,SQL,
34099,C06,6,,,,2019-06-25 00:00:00.000,SQL,
34099,C07,7,,,,2000-01-01 00:00:00.000,AUTO,
34100,C06,6,,,,2019-06-25 00:00:00.000,SQL,
34101,C12,12,,,,2019-06-25 00:00:00.000,SQL,
34102,C12,12,,,,2019-06-25 00:00:00.000,SQL,
34103,C03,3,,,,2019-06-25 00:00:00.000,SQL,
34103,C06,6,,,,2000-01-01 00:00:00.000,AUTO,
34105,C06,6,,,,2019-06-25 00:00:00.000,SQL,
34105,C12,12,,,,2019-06-25 00:00:00.000,SQL,
34106,C06,6,,,,2019-06-25 00:00:00.000,SQL,
34107,C06,6,,,,2019-06-25 00:00:00.000,SQL,
34108,C12,12,,,,2019-06-25 00:00:00.000,SQL,
34111,C10,10,,,,2019-06-25 00:00:00.000,SQL,
34112,C04,4,,,,2019-06-25 00:00:00.000,SQL,
34113,C06,6,,,,2019-06-25 00:00:00.000,SQL,
34114,C12,12,,,,2019-06-25 00:00:00.000,SQL,
34114,C17,17,,,,2000-01-01 00:00:00.000,AUTO,
34115,C24,24,,,,2019-06-25 00:00:00.000,SQL,
34116,C12,12,,,,2019-06-25 00:00:00.000,SQL,
34118,C24,24,,,,2000-01-01 00:00:00.000,AUTO,
34118,CTN,24,,15000,,2017-03-20 00:00:00.000,XXXX,2022-08-19 09:45:20.000
34118,PKT,6,,,,2018-03-14 00:00:00.000,NICK,
34119,C24,24,,,,2019-06-25 00:00:00.000,SQL,
34121,CTN,12,,16800,,2019-06-25 00:00:00.000,SQL,2019-07-09 20:05:48.000
34122,CTN,12,,16800,,2019-06-25 00:00:00.000,SQL,2017-12-29 20:16:43.000
34123,CTN,12,,16800,,2019-06-25 00:00:00.000,SQL,2017-12-29 20:16:43.000
34124,CTN,12,,16800,,2019-06-25 00:00:00.000,SQL,2019-07-09 20:05:48.000
34125,C06,6,,,,2019-06-25 00:00:00.000,SQL,
34127,C06,6,,36000,,2016-06-09 13:05:08.000,XXXX,
34128,C12,12,,24000,,2016-06-09 13:05:08.000,XXXX,2018-07-06 21:05:51.000
34129,C12,12,,24000,,2016-06-09 13:05:08.000,XXXX,2018-07-06 21:05:51.000
34130,C06,6,,,,2019-06-25 00:00:00.000,SQL,
34130,C12,12,,24000,,2017-01-08 18:16:35.000,XXXX,2018-07-06 21:05:51.000
34131,C06,6,,36000,,2016-06-09 13:05:08.000,XXXX,
34132,D44,144,,,,2019-06-25 00:00:00.000,SQL,
34133,D44,144,,,,2019-06-25 00:00:00.000,SQL,
34134,D44,144,,,,2019-06-25 00:00:00.000,SQL,
34135,C24,24,,11500,,2019-06-25 00:00:00.000,SQL,2026-04-03 19:55:29.000
34136,C24,24,,11500,,2019-06-25 00:00:00.000,SQL,2024-09-02 00:00:00.000
34137,C24,24,,11500,,2019-06-25 00:00:00.000,SQL,2024-11-27 19:57:41.000
34138,C24,24,,,,2019-06-25 00:00:00.000,SQL,
34139,C24,24,,,,2019-06-25 00:00:00.000,SQL,
34140,C24,24,,15500,,2021-02-17 00:00:00.000,MOHIT,2023-07-21 00:00:00.000
34140,CTN,24,,16000,,2021-07-01 19:16:23.000,KAMAL,2024-11-27 19:57:41.000
34140,PQT,6,,,,2021-06-15 00:00:00.000,MOHIT,
34141,C24,24,,,,2019-06-25 00:00:00.000,SQL,2023-07-20 00:00:00.000
34141,CTN,24,,16000,,2021-07-01 19:16:23.000,KAMAL,2024-11-03 11:21:52.000
34141,PQT,6,,,,2019-02-08 00:00:00.000,CASHS,
34142,C24,24,,16000,,2019-06-25 00:00:00.000,SQL,2025-01-07 19:36:41.000
34142,PQT,6,,,,2019-02-08 00:00:00.000,CASHS,
34143,C24,24,,,,2019-06-25 00:00:00.000,SQL,
34144,C24,24,,16000,,2019-06-25 00:00:00.000,SQL,2024-11-27 19:57:41.000
34144,PQT,6,,,,2019-02-08 00:00:00.000,CASHS,
34147,C12,12,,26500,,2000-01-01 00:00:00.000,AUTO,2026-02-19 00:00:00.000
34147,C24,24,,50000,,2020-02-06 00:00:00.000,DISHU,2022-05-22 00:00:00.000
34147,CTN,24,,50000,,2019-07-10 00:00:00.000,MOHIT,2022-05-22 00:00:00.000
34148,C12,12,,58000,,2020-02-06 00:00:00.000,DISHU,2026-02-04 00:00:00.000
34148,CTN,12,,,,2019-07-10 00:00:00.000,MOHIT,
34149,C06,6,,73000,,2020-02-06 00:00:00.000,DISHU,2026-02-19 00:00:00.000
34149,CTN,6,,72000,,2018-07-03 00:00:00.000,NICK,2023-01-11 20:13:53.000
34150,C06,6,,,,2019-06-25 00:00:00.000,SQL,
34151,C02,2,,,,2019-06-25 00:00:00.000,SQL,
34152,C07,7,,,,2019-06-25 00:00:00.000,SQL,
34153,C07,7,,,,2019-06-25 00:00:00.000,SQL,
34154,C06,6,,,,2019-06-25 00:00:00.000,SQL,
34155,C06,6,,,,2019-06-25 00:00:00.000,SQL,
34156,C10,10,,,,2019-06-25 00:00:00.000,SQL,
34158,C12,12,,,,2019-06-25 00:00:00.000,SQL,
34159,C10,10,,,,2019-06-25 00:00:00.000,SQL,
34160,C10,10,,,,2019-06-25 00:00:00.000,SQL,
34161,C10,10,,,,2019-06-25 00:00:00.000,SQL,
34162,C08,8,,,,2019-06-25 00:00:00.000,SQL,
34163,C06,6,,,,2019-06-25 00:00:00.000,SQL,
34164,C12,12,,,,2019-06-25 00:00:00.000,SQL,
34166,C06,6,,,,2019-06-25 00:00:00.000,SQL,
34167,C04,4,,,,2019-06-25 00:00:00.000,SQL,
34168,C06,6,,,,2019-06-25 00:00:00.000,SQL,
34169,C04,4,,,,2019-06-25 00:00:00.000,SQL,
34170,C08,8,,,,2019-06-25 00:00:00.000,SQL,
34171,C12,12,,,,2019-06-25 00:00:00.000,SQL,
34172,C12,12,,,,2019-06-25 00:00:00.000,SQL,
34173,C10,10,,,,2019-06-25 00:00:00.000,SQL,
34174,C10,10,,,,2019-06-25 00:00:00.000,SQL,
34175,C10,10,,,,2019-06-25 00:00:00.000,SQL,
34176,C10,10,,,,2019-06-25 00:00:00.000,SQL,
34177,C10,10,,35000,,2019-06-25 00:00:00.000,SQL,2024-12-16 20:19:38.000
34178,C10,10,,,,2019-06-25 00:00:00.000,SQL,
34179,C06,6,,,,2019-06-25 00:00:00.000,SQL,
34180,C06,6,,,,2019-06-25 00:00:00.000,SQL,
34181,C06,6,,15000,,2019-06-25 00:00:00.000,SQL,2022-09-20 19:37:27.000
34182,C06,6,,,,2019-06-25 00:00:00.000,SQL,
34183,C09,9,,,,2019-06-25 00:00:00.000,SQL,
34184,C09,9,,,,2019-06-25 00:00:00.000,SQL,
34185,C04,4,,,,2019-06-25 00:00:00.000,SQL,
34185,C06,6,,15600,,2019-06-25 00:00:00.000,SQL,2024-12-16 20:19:38.000
34192,C04,4,,,,2019-06-25 00:00:00.000,SQL,
34192,C06,6,,17700,,2019-06-25 00:00:00.000,SQL,2024-12-16 20:19:38.000
34193,C08,8,,,,2019-06-25 00:00:00.000,SQL,
34194,C08,8,,,,2019-06-25 00:00:00.000,SQL,
34195,C10,10,,,,2019-06-25 00:00:00.000,SQL,
34196,C12,12,,,,2019-06-25 00:00:00.000,SQL,
34197,C12,12,,,,2019-06-25 00:00:00.000,SQL,
34198,C12,12,,,,2019-06-25 00:00:00.000,SQL,
34199,C04,4,,,,2019-06-25 00:00:00.000,SQL,
34199,C06,6,,15000,,2019-06-25 00:00:00.000,SQL,2023-02-27 19:44:45.000
34201,C08,8,,,,2019-06-25 00:00:00.000,SQL,
34201,C09,9,,,,2000-01-01 00:00:00.000,AUTO,
34202,C06,6,,,,2019-06-25 00:00:00.000,SQL,
34203,C25,25,,,,2019-06-25 00:00:00.000,SQL,
34204,C24,24,,,,2019-06-25 00:00:00.000,SQL,
34205,C12,12,,,,2019-06-25 00:00:00.000,SQL,
34206,C12,12,,,,2019-06-25 00:00:00.000,SQL,
34207,C10,10,,,,2019-06-25 00:00:00.000,SQL,
34208,C20,20,,,,2019-06-25 00:00:00.000,SQL,
34209,C12,12,,,,2019-06-25 00:00:00.000,SQL,
34210,C12,12,,,,2019-06-25 00:00:00.000,SQL,
34211,C06,6,,,,2019-06-25 00:00:00.000,SQL,
34212,C06,6,,,,2019-06-25 00:00:00.000,SQL,
34213,C12,12,,,,2019-06-25 00:00:00.000,SQL,
34214,C08,8,,,,2019-06-25 00:00:00.000,SQL,
34215,C08,8,,,,2019-06-25 00:00:00.000,SQL,
34216,C18,18,,,,2019-06-25 00:00:00.000,SQL,
34217,C06,6,,,,2019-06-25 00:00:00.000,SQL,
34217,C08,8,,,,2000-01-01 00:00:00.000,AUTO,
34218,C12,12,,,,2019-06-25 00:00:00.000,SQL,
34218,C24,24,,,,2000-01-01 00:00:00.000,AUTO,
34219,C12,12,,,,2019-06-25 00:00:00.000,SQL,
34220,C06,6,,,,2019-06-25 00:00:00.000,SQL,
34221,C12,12,,,,2019-06-25 00:00:00.000,SQL,
34222,C08,8,,,,2019-06-25 00:00:00.000,SQL,
34224,C08,8,,,,2019-06-25 00:00:00.000,SQL,
34225,C10,10,,,,2019-06-25 00:00:00.000,SQL,
34226,C12,12,,,,2019-06-25 00:00:00.000,SQL,
34227,C24,24,,,,2019-06-25 00:00:00.000,SQL,
34228,C06,6,,,,2019-06-25 00:00:00.000,SQL,
34229,C12,12,,,,2019-06-25 00:00:00.000,SQL,
34230,C24,24,,,,2019-06-25 00:00:00.000,SQL,
34231,C24,24,,,,2019-06-25 00:00:00.000,SQL,
34231,C32,32,,,,2019-06-25 00:00:00.000,SQL,
34232,C15,15,,,,2019-06-25 00:00:00.000,SQL,
34232,C24,24,,,,2019-06-25 00:00:00.000,SQL,
34233,C12,12,,,,2019-06-25 00:00:00.000,SQL,
34235,C24,24,,,,2019-06-25 00:00:00.000,SQL,
34235,C28,28,,,,2019-06-25 00:00:00.000,SQL,
34236,C12,12,,,,2019-06-25 00:00:00.000,SQL,
34237,C10,10,,,,2019-06-25 00:00:00.000,SQL,
34238,C18,18,,,,2019-06-25 00:00:00.000,SQL,
34239,C20,20,,,,2019-06-25 00:00:00.000,SQL,
34240,C12,12,,,,2019-06-25 00:00:00.000,SQL,
34241,C16,16,,,,2019-06-25 00:00:00.000,SQL,
34243,C12,12,,,,2019-06-25 00:00:00.000,SQL,
34244,C06,6,,,,2019-06-25 00:00:00.000,SQL,
34245,C12,12,,,,2019-06-25 00:00:00.000,SQL,
34246,C12,12,,,,2019-06-25 00:00:00.000,SQL,
34247,C10,10,,,,2019-06-25 00:00:00.000,SQL,
34248,C12,12,,,,2019-06-25 00:00:00.000,SQL,
34249,C06,6,,,,2019-06-25 00:00:00.000,SQL,
34250,C10,10,,,,2019-06-25 00:00:00.000,SQL,
34251,C10,10,,,,2019-06-25 00:00:00.000,SQL,
34252,C15,15,,,,2019-06-25 00:00:00.000,SQL,
34253,C12,12,,,,2019-06-25 00:00:00.000,SQL,
34254,C12,12,,,,2019-06-25 00:00:00.000,SQL,
34255,C24,24,,,,2019-06-25 00:00:00.000,SQL,
34256,C28,28,,,,2019-06-25 00:00:00.000,SQL,
34257,C12,12,,,,2019-06-25 00:00:00.000,SQL,
34258,C06,6,,,,2019-06-25 00:00:00.000,SQL,
34259,C18,18,,,,2019-06-25 00:00:00.000,SQL,
34260,C14,14,,,,2019-06-25 00:00:00.000,SQL,
34262,C12,12,,,,2019-06-25 00:00:00.000,SQL,
34263,C06,6,,,,2019-06-25 00:00:00.000,SQL,
34264,C06,6,,,,2019-06-25 00:00:00.000,SQL,
34265,C12,12,,,,2019-06-25 00:00:00.000,SQL,
34266,C12,12,,,,2019-06-25 00:00:00.000,SQL,
34267,C12,12,,,,2019-06-25 00:00:00.000,SQL,
34268,C04,4,,,,2019-06-25 00:00:00.000,SQL,
34269,C12,12,,,,2019-06-25 00:00:00.000,SQL,
34270,C08,8,,,,2019-06-25 00:00:00.000,SQL,
34271,C15,15,,,,2019-06-25 00:00:00.000,SQL,
34272,C12,12,,,,2019-06-25 00:00:00.000,SQL,
34273,C12,12,,,,2019-06-25 00:00:00.000,SQL,
34274,C18,18,,,,2019-06-25 00:00:00.000,SQL,
34275,C24,24,,,,2019-06-25 00:00:00.000,SQL,
34276,C24,24,,18000,,2019-06-25 00:00:00.000,SQL,2019-04-28 13:39:30.000
34277,C12,12,,,,2019-06-25 00:00:00.000,SQL,
34278,C08,8,,,,2019-06-25 00:00:00.000,SQL,
34279,C08,8,,,,2019-06-25 00:00:00.000,SQL,
34282,C36,36,,,,2019-06-25 00:00:00.000,SQL,
34283,C06,6,,,,2019-06-25 00:00:00.000,SQL,
34284,C17,17,,,,2019-06-25 00:00:00.000,SQL,
34285,C12,12,,,,2019-06-25 00:00:00.000,SQL,
34286,C12,12,,,,2019-06-25 00:00:00.000,SQL,
34288,C12,12,,,,2019-06-25 00:00:00.000,SQL,
38456,C17,17,,,,2019-06-25 00:00:00.000,SQL,
38457,C10,10,,,,2019-06-25 00:00:00.000,SQL,
38458,C17,17,,,,2019-06-25 00:00:00.000,SQL,
38459,C17,17,,,,2019-06-25 00:00:00.000,SQL,
38460,C20,20,,,,2019-06-25 00:00:00.000,SQL,
38461,C12,12,,,,2019-06-25 00:00:00.000,SQL,
38462,C12,12,,,,2019-06-25 00:00:00.000,SQL,
38463,C10,10,,,,2019-06-25 00:00:00.000,SQL,
38464,C06,6,,,,2019-06-25 00:00:00.000,SQL,
38464,C15,15,,,,2000-01-01 00:00:00.000,AUTO,
38465,C30,30,,,,2019-06-25 00:00:00.000,SQL,
38466,C21,21,,,,2000-01-01 00:00:00.000,AUTO,
38466,C22,22,,,,2019-06-25 00:00:00.000,SQL,
38467,C14,14,,,,2000-01-01 00:00:00.000,AUTO,
38467,C21,21,,,,2019-06-25 00:00:00.000,SQL,
38468,C12,12,,,,2019-06-25 00:00:00.000,SQL,
38468,C15,15,,,,2000-01-01 00:00:00.000,AUTO,
38469,C18,18,,,,2019-06-25 00:00:00.000,SQL,
38471,C12,12,,,,2019-06-25 00:00:00.000,SQL,
38472,C12,12,,,,2019-06-25 00:00:00.000,SQL,
38473,C10,10,,,,2019-06-25 00:00:00.000,SQL,
38473,C30,30,,,,2019-06-25 00:00:00.000,SQL,
38474,C18,18,,,,2019-06-25 00:00:00.000,SQL,
38474,C24,24,,,,2019-06-25 00:00:00.000,SQL,
38475,C14,14,,,,2000-01-01 00:00:00.000,AUTO,
38475,C28,28,,,,2000-01-01 00:00:00.000,AUTO,
38475,C30,30,,,,2019-06-25 00:00:00.000,SQL,
38475,C60,60,,,,2019-06-25 00:00:00.000,SQL,
38476,C18,18,,,,2019-06-25 00:00:00.000,SQL,
38476,C24,24,,,,2019-06-25 00:00:00.000,SQL,
38477,C10,10,,,,2019-06-25 00:00:00.000,SQL,
38477,C12,12,,,,2000-01-01 00:00:00.000,AUTO,
38478,C12,12,,,,2019-06-25 00:00:00.000,SQL,
38478,C24,24,,,,2019-06-25 00:00:00.000,SQL,
38479,C12,12,,,,2019-06-25 00:00:00.000,SQL,
38480,C12,12,,,,2019-06-25 00:00:00.000,SQL,
38481,C12,12,,,,2019-06-25 00:00:00.000,SQL,
38482,C04,4,,,,2019-06-25 00:00:00.000,SQL,
38482,C08,8,,,,2019-06-25 00:00:00.000,SQL,
38483,C12,12,,,,2019-06-25 00:00:00.000,SQL,
38484,C12,12,,,,2019-06-25 00:00:00.000,SQL,
38485,C12,12,,,,2019-06-25 00:00:00.000,SQL,
38486,C12,12,,,,2019-06-25 00:00:00.000,SQL,
38487,C12,12,,,,2019-06-25 00:00:00.000,SQL,
38487,C24,24,,,,2000-01-01 00:00:00.000,AUTO,
38488,C12,12,,,,2019-06-25 00:00:00.000,SQL,
38489,C12,12,,,,2019-06-25 00:00:00.000,SQL,
38490,C12,12,,,,2019-06-25 00:00:00.000,SQL,
38491,C12,12,,,,2019-06-25 00:00:00.000,SQL,
38492,C20,20,,,,2019-06-25 00:00:00.000,SQL,
38492,C24,24,,,,2019-06-25 00:00:00.000,SQL,
38493,C12,12,,,,2019-06-25 00:00:00.000,SQL,
38493,C20,20,,12000,,2019-06-25 00:00:00.000,SQL,2020-11-06 19:32:02.000
38495,C02,2,,,,2019-06-25 00:00:00.000,SQL,
38496,C06,6,,,,2000-01-01 00:00:00.000,AUTO,
38496,C18,18,,,,2019-06-25 00:00:00.000,SQL,
38496,C58,58,,60000,,2000-01-01 00:00:00.000,AUTO,2022-05-13 19:47:39.000
38496,C60,60,,62500,,2019-06-25 00:00:00.000,SQL,2019-05-02 20:28:52.000
38497,C12,12,,,,2019-06-25 00:00:00.000,SQL,
38497,C14,14,,,,2019-06-25 00:00:00.000,SQL,
38497,C20,20,,11000,,2019-06-25 00:00:00.000,SQL,2019-05-02 20:28:54.000
38500,C20,20,,20000,,2000-01-01 00:00:00.000,AUTO,2020-06-27 16:11:34.000
38500,C24,24,,,,2019-06-25 00:00:00.000,SQL,
38500,C40,40,,,,2000-01-01 00:00:00.000,AUTO,
38503,C06,6,,18000,,2017-01-08 18:17:15.000,XXXX,
38505,C12,12,,8750,,2019-06-25 00:00:00.000,SQL,2026-03-23 20:19:03.000
38505,C24,24,,24000,,2000-01-01 00:00:00.000,AUTO,2023-01-02 20:25:24.000
38506,C12,12,,18000,,2019-06-25 00:00:00.000,SQL,2023-01-02 20:25:24.000
38507,C06,6,,,,2019-06-25 00:00:00.000,SQL,
38508,C03,3,,24000,,2019-06-25 00:00:00.000,SQL,2025-07-17 19:45:14.000
38509,C03,3,,24000,,2019-06-25 00:00:00.000,SQL,2025-07-17 19:45:14.000
38522,C06,6,,,,2000-01-01 00:00:00.000,AUTO,
38523,C06,6,,,,2000-01-01 00:00:00.000,AUTO,
38542,C12,12,,,,2019-06-25 00:00:00.000,SQL,
38543,C10,10,,20000,,2017-01-18 00:00:00.000,XXXX,2024-11-04 20:07:38.000
38544,C10,10,,,,2019-06-25 00:00:00.000,SQL,
38545,C08,8,,,,2019-06-25 00:00:00.000,SQL,
38545,C12,12,,,,2019-06-25 00:00:00.000,SQL,
38549,PKT,12,,,,2019-06-25 00:00:00.000,SQL,
38551,CTN,5,,,,2019-06-25 00:00:00.000,SQL,
38552,PKT,6,,,,2019-06-25 00:00:00.000,SQL,
38553,C12,12,,,,2019-06-25 00:00:00.000,SQL,
38554,C12,12,,,,2019-06-25 00:00:00.000,SQL,
38555,C12,12,,,,2019-06-25 00:00:00.000,SQL,
38556,C06,6,,,,2019-06-25 00:00:00.000,SQL,
38557,C12,12,,,,2019-06-25 00:00:00.000,SQL,
38558,C06,6,,100000,,2019-06-25 00:00:00.000,SQL,2023-07-18 19:02:54.000
38559,C10,10,,,,2019-06-25 00:00:00.000,SQL,
38560,C12,12,,36000,,2019-06-25 00:00:00.000,SQL,2022-11-17 20:29:02.000
38561,C12,12,,,,2019-06-25 00:00:00.000,SQL,
38562,C10,10,,,,2019-06-25 00:00:00.000,SQL,
38563,C08,8,,,,2019-06-25 00:00:00.000,SQL,
38563,C12,12,,,,2000-01-01 00:00:00.000,AUTO,
38564,C12,12,,,,2019-06-25 00:00:00.000,SQL,
38565,C10,10,,,,2019-06-25 00:00:00.000,SQL,
38566,C12,12,,,,2019-06-25 00:00:00.000,SQL,
38566,C15,15,,,,2019-06-25 00:00:00.000,SQL,
38567,C12,12,,,,2019-06-25 00:00:00.000,SQL,
38568,C12,12,,,,2019-06-25 00:00:00.000,SQL,
38568,C18,18,,,,2000-01-01 00:00:00.000,AUTO,
38569,C12,12,,,,2019-06-25 00:00:00.000,SQL,
38570,C12,12,,,,2019-06-25 00:00:00.000,SQL,
38571,C06,6,,,,2019-06-25 00:00:00.000,SQL,
38572,C06,6,,,,2019-06-25 00:00:00.000,SQL,
38573,C06,6,,,,2019-06-25 00:00:00.000,SQL,
38573,C12,12,,,,2000-01-01 00:00:00.000,AUTO,
38574,C06,6,,,,2000-01-01 00:00:00.000,AUTO,
38574,C17,17,,,,2019-06-25 00:00:00.000,SQL,
38575,C17,17,,,,2019-06-25 00:00:00.000,SQL,
38576,C06,6,,,,2000-01-01 00:00:00.000,AUTO,
38576,C17,17,,,,2019-06-25 00:00:00.000,SQL,
38577,C06,6,,,,2019-06-25 00:00:00.000,SQL,
38578,C06,6,,21000,,2019-06-25 00:00:00.000,SQL,2024-09-18 20:00:47.000
38579,C06,6,,,,2019-06-25 00:00:00.000,SQL,
38580,C12,12,,,,2019-06-25 00:00:00.000,SQL,
38581,C06,6,,,,2019-06-25 00:00:00.000,SQL,
38581,C17,17,,,,2000-01-01 00:00:00.000,AUTO,
38582,C12,12,,,,2019-06-25 00:00:00.000,SQL,
38582,C17,17,,,,2000-01-01 00:00:00.000,AUTO,
38583,C06,6,,,,2019-06-25 00:00:00.000,SQL,
38583,C17,17,,,,2000-01-01 00:00:00.000,AUTO,
38584,C06,6,,,,2019-06-25 00:00:00.000,SQL,
38584,C17,17,,,,2000-01-01 00:00:00.000,AUTO,
38585,C06,6,,,,2019-06-25 00:00:00.000,SQL,
38586,C06,6,,,,2019-06-25 00:00:00.000,SQL,
38587,C06,6,,,,2019-06-25 00:00:00.000,SQL,
38588,CTN,6,,,,2019-06-25 00:00:00.000,SQL,
38589,C30,30,,,,2019-06-25 00:00:00.000,SQL,
38589,PKT,6,,,,2019-03-29 00:00:00.000,CASHS,
38590,C60,60,,,,2019-06-25 00:00:00.000,SQL,
38590,C72,72,,,,2019-06-25 00:00:00.000,SQL,
38591,C12,12,,,,2019-06-25 00:00:00.000,SQL,
38592,C12,12,,,,2019-06-25 00:00:00.000,SQL,
38593,C12,12,,,,2019-06-25 00:00:00.000,SQL,
38594,C06,6,,,,2019-06-25 00:00:00.000,SQL,
38595,C12,12,,,,2019-06-25 00:00:00.000,SQL,
38596,C06,6,,,,2019-06-25 00:00:00.000,SQL,
38597,C06,6,,,,2019-06-25 00:00:00.000,SQL,
38598,C12,12,,,,2019-06-25 00:00:00.000,SQL,
38599,C06,6,,,,2019-06-25 00:00:00.000,SQL,
38601,C15,15,,,,2019-06-25 00:00:00.000,SQL,
38601,C16,16,,,,2000-01-01 00:00:00.000,AUTO,
38601,C48,48,,,,2000-01-01 00:00:00.000,AUTO,
38602,C16,16,,,,2019-06-25 00:00:00.000,SQL,
38602,C17,17,,,,2019-06-25 00:00:00.000,SQL,
38603,C16,16,,,,2019-06-25 00:00:00.000,SQL,
38604,C16,16,,,,2019-06-25 00:00:00.000,SQL,
38605,C20,20,,,,2019-06-25 00:00:00.000,SQL,
38606,C24,24,,,,2019-06-25 00:00:00.000,SQL,
38607,C20,20,,,,2019-06-25 00:00:00.000,SQL,
38608,C15,15,,,,2019-06-25 00:00:00.000,SQL,
38609,C10,10,,,,2019-06-25 00:00:00.000,SQL,
38610,C18,18,,,,2019-06-25 00:00:00.000,SQL,
38611,C20,20,,,,2019-06-25 00:00:00.000,SQL,
38612,C12,12,,,,2019-06-25 00:00:00.000,SQL,
38613,C12,12,,,,2019-06-25 00:00:00.000,SQL,
38614,C12,12,,,,2019-06-25 00:00:00.000,SQL,
38615,C12,12,,,,2019-06-25 00:00:00.000,SQL,
38616,C20,20,,,,2019-06-25 00:00:00.000,SQL,
38617,C42,42,,,,2019-06-25 00:00:00.000,SQL,
38618,C42,42,,,,2019-06-25 00:00:00.000,SQL,
38619,F00,300,,,,2019-06-25 00:00:00.000,SQL,
38620,C36,36,,,,2019-06-25 00:00:00.000,SQL,
38621,C30,30,,,,2019-06-25 00:00:00.000,SQL,
38623,C36,36,,,,2019-06-25 00:00:00.000,SQL,
38624,C36,36,,,,2019-06-25 00:00:00.000,SQL,
38625,C36,36,,,,2019-06-25 00:00:00.000,SQL,
38626,C36,36,,,,2019-06-25 00:00:00.000,SQL,
38627,C27,27,,,,2019-06-25 00:00:00.000,SQL,
38628,F00,300,,,,2019-06-25 00:00:00.000,SQL,
38629,C36,36,,,,2019-06-25 00:00:00.000,SQL,
38629,D80,180,,,,2000-01-01 00:00:00.000,AUTO,
38629,H00,500,,,,2000-01-01 00:00:00.000,AUTO,
38629,PQT,5,,,,2018-12-07 00:00:00.000,MOHIT,
38630,C03,3,,,,2019-06-25 00:00:00.000,SQL,
38631,C16,16,,,,2019-06-25 00:00:00.000,SQL,
38632,C06,6,,,,2019-06-25 00:00:00.000,SQL,
38633,C06,6,,,,2019-06-25 00:00:00.000,SQL,
