CODART,TENSTO,LIBARTR,LIBART,LIBART2,UNISTK,UNIACH,UNIVEN,TYPART,CODNATA,CODFAM,CODSFAM,PDSNET,PDSBRUT,VOLUME,STKMIN,STKMAX,STKSEC,TARIFSTD,TARIFPRO,PROMO,PRO_DDEB,PRO_DFIN,PRMP,CODBARRE,DATCRE,CUTI,DATMOD,MUTI,CODCRIT,MRGMIN,KIT,GESLOT,COEFF_ACH,COEFF_VEN,CODRAY,PRO_TAUXREM,ETAT,CODRTAX,DIVERS,LIQUIDATION,GESTION_LOCALE,CB_MANUEL,POSDOUA,CODFRNPRINC,TARIFSTD_HT,UNISTK_SEC,NBUNIT,MEMO_CCIAL,REFORIGINE,CODGRPE,GESNSERIE,CODE_MARQUE,CODTAXE_UNITE,TRANSFERT
31274,O,TEFAL PRIMA FRYPAN W,TEFAL PRIMA FRYPAN WOK 36+LID,SBC-A8379562-NE,PCS,PCS,PCS,I,1,0,0,0,0,0,0,0,0,,,N,,,,,2016-02-06 09:53:36.000,KAMAL,,,M,,N,N,1,1,99,,I,,N,N,N,N,,DIN,,,,,,,N,AAAAA,,O
31275,O,TEFAL JUST CHEF CASS,TEFAL JUST CHEF CASSEROLE 22+L,ID SBC-A2244562-NE,PCS,PCS,PCS,I,1,0,0,0,0,0,0,0,0,27500,,N,,,,3168430187191,2016-02-06 09:53:36.000,KAMAL,,,M,,N,N,1,1,99,,I,,N,N,N,N,,DIN,,,,,,,N,AAAAA,,O
31276,O,TEFAL FLAVOUR SAUTEP,TEFAL FLAVOUR SAUTEPAN 24+LID,SBC-W1153214-NE,PCS,PCS,PCS,I,1,0,0,0,0,0,0,0,0,,,N,,,,3168430138964,2016-02-06 09:53:36.000,KAMAL,,,M,,N,N,1,1,99,,I,,N,N,N,N,,DIN,,,,,,,N,AAAAA,,O
19889,O,CF LING INTIMES,CF LING INTIMES DOUCEUR X20,,PCS,CTN,PCS,I,1,0,0,0,0,0,0,0,0,2950,,N,,,,3468080603134,2015-04-14 21:26:59.000,KAMAL,2025-10-10 00:00:00.000,RGCML,M,,N,N,12,1,99,,A,,N,N,N,N,,FANCF,,,,,40999,,N,AAAAA,,O
19890,O,CF DCH ALOE V 750M,CF DCHE ALOE VERA 750ML,,PCS,CTN,PCS,I,1,0,0,0,0,0,0,0,0,4500,,O,2024-04-11 00:00:00.000,2024-05-11 00:00:00.000,,3468080404915,2015-04-14 21:26:59.000,KAMAL,2024-04-11 00:00:00.000,RGCML,M,,N,N,6,1,99,10,A,,N,N,N,N,,FANCF,2733.3894,,,,40616,,N,AAAAA,,O
19891,O,CF DCH SENSIT 750M,CF DCH SENSIT 750M,,PCS,CTN,PCS,I,1,0,0,0,0,0,0,0,0,3750,,N,,,,3468080404922,2015-04-14 21:26:59.000,KAMAL,2019-10-24 18:35:07.000,MANNU,M,,N,N,6,1,99,,A,,N,N,N,N,,ORSE,2733.3894,,,,CF40620,,N,AAAAA,,O
19892,O,CF1SHP DOUX AMANDE M,CF1SHP DOUX AMANDE MIEL 7CF ML,,PCS,CTN,PCS,I,1,0,0,0,0,0,0,0,0,,,N,,,,3468096141001,2015-04-14 21:26:59.000,KAMAL,2016-02-26 11:30:07.000,KAMAL,M,,N,N,6,1,99,,I,,N,N,N,N,,ORSE,,,,,CF14165,,N,AAAAA,,O
19893,O,CF5SHPG ANTIPEL 750M,CF5SHPG ANTIPEL 750ML CF,,PCS,CTN,PCS,I,1,0,0,0,0,0,0,0,0,,,N,,,,3468099102897,2015-04-14 21:26:59.000,KAMAL,2016-02-26 11:30:07.000,KAMAL,M,,N,N,6,1,99,,I,,N,N,N,N,,ORSE,,,,,CF14168,,N,AAAAA,,O
19894,O,CF1GEL FIX NATURELLE,CF GEL FIX NATURELLE 250,,PCS,CTN,PCS,I,1,0,0,0,0,0,0,0,0,2500,,N,,,,3163790119011,2015-04-14 21:26:59.000,KAMAL,2017-01-08 18:14:54.000,KAMAL,M,,N,N,12,1,99,,A,,N,N,N,N,,FANCF,,,,,11956,,N,AAAAA,,O
19895,O,CF8CAPI GEL EFFET MO,GEL EFFET MOUIL,,PCS,CTN,PCS,I,1,0,0,0,0,0,0,0,0,,,N,,,,3468108118208,2015-04-14 21:26:59.000,KAMAL,2016-02-26 11:30:07.000,KAMAL,M,,N,N,12,1,99,,I,,N,N,N,N,,ORSE,,,,,CF11920,,N,AAAAA,,O
19896,O,SELS DE BAIN MANGUE,SELS DE BAIN MANGUE 1.3KG,,PCS,CTN,PCS,I,1,0,0,0,0,0,0,0,0,2500,,N,,,,3468111130098,2015-04-14 21:26:59.000,KAMAL,2017-03-01 00:00:00.000,DHARM,M,,N,N,6,1,99,,A,,N,N,N,N,,ORSE,,,,,CF13311,,N,AAAAA,,O
19897,O,SLS BAIN ALOE V,SLS BAIN ALOE V,,PCS,CTN,PCS,I,1,0,0,0,0,0,0,0,0,2500,,N,,,,3468113130166,2015-04-14 21:26:59.000,KAMAL,2017-03-01 00:00:00.000,DHARM,M,,N,N,6,1,99,,I,,N,N,N,N,,ORSE,,,,,CF13406,,N,AAAAA,,O
19898,O,S.BAIN VANILLE,S.BAIN VANILLE,,PCS,CTN,PCS,I,1,0,0,0,0,0,0,0,0,2500,,N,,,,3468114130104,2015-04-14 21:26:59.000,KAMAL,2017-03-01 00:00:00.000,DHARM,M,,N,N,6,1,99,,I,,N,N,N,N,,ORSE,,,,,CF13314,,N,AAAAA,,O
19899,O,SELS BAIN ROSE,SELS BAIN ROSE,,PCS,CTN,PCS,I,1,0,0,0,0,0,0,0,0,2500,,N,,,,3468116130227,2015-04-14 21:26:59.000,KAMAL,2017-03-01 00:00:00.000,DHARM,M,,N,N,6,1,99,,A,,N,N,N,N,,ORSE,,,,,CF13410,,N,AAAAA,,O
19900,O,SELS DE BAIN RELAX L,CF SELS DE BAIN LAVANDE 1.3KG,,PCS,CTN,PCS,I,1,0,0,0,0,0,0,0,0,2950,500,N,2023-09-27 00:00:00.000,2023-09-30 00:00:00.000,,3468080130210,2015-04-14 21:26:59.000,KAMAL,2023-09-27 00:00:00.000,NIKHI,M,,N,N,6,1,99,,A,,N,N,N,N,,FANCF,2733.3894,,,,13450,,N,AAAAA,,O
19901,O,CF3FEMM NATURE DISSO,DISSOL FEMM 200,,PCS,CTN,PCS,I,1,0,0,0,0,0,0,0,0,,,N,,,,3468119401693,2015-04-14 21:26:59.000,KAMAL,2016-02-26 11:30:07.000,KAMAL,M,,N,N,12,1,99,,I,,N,N,N,N,,ORSE,,,,,CF40169,,N,AAAAA,,O
19902,O,CF5FEMM NATURE DISSO,CF FEMM NATURE DISSOLVANT 100M,,PCS,CTN,PCS,I,1,0,0,0,0,0,0,0,0,3500,,N,,,,3468120303218,2015-04-14 21:26:59.000,KAMAL,2024-08-20 00:00:00.000,RGCML,M,,N,N,12,1,99,,A,,N,N,N,N,,FANCF,1892.3465,,,,40789,,N,AAAAA,,O
19903,O,POMME CROQUETTE SACH,POMME CROQUETTE SACHET 1KG,,PCS,CTN,PCS,I,1,0,0,0,0,0,0,0,0,,,N,,,,,2015-04-15 19:26:50.000,KAMAL,,,M,,N,N,10,1,99,,I,,N,N,N,N,,OLRON,,,,,5210439,,N,AAAAA,,O
19904,O,POMME NOISETTE SACHE,POMME NOISETTE SACHET 1KG,,PCS,CTN,PCS,I,1,0,0,0,0,0,0,0,0,,,N,,,,,2015-04-15 19:26:50.000,KAMAL,,,M,,N,N,10,1,99,,I,,N,N,N,N,,OLRON,,,,,5210447,,N,AAAAA,,O
19905,O,POMME PARISIENNES SA,POMME PARISIENNES SACHET 1KG,,PCS,CTN,PCS,I,1,0,0,0,0,0,0,0,0,,,N,,,,,2015-04-15 19:26:50.000,KAMAL,,,M,,N,N,10,1,99,,I,,N,N,N,N,,OLRON,,,,,5211943,,N,AAAAA,,O
19906,O,FRITES WEDGES SANS P,FRITES WEDGES SANS PEAU SACHET, 1KG,PCS,CTN,PCS,I,1,0,0,0,0,0,0,0,0,,,N,,,,,2015-04-15 19:26:50.000,KAMAL,,,M,,N,N,10,1,99,,A,,N,N,N,N,,OLRON,,,,,5211940,,N,AAAAA,,O
19907,O,SAIDA CROUSTINA VANI,SAIDA CROUSTINA VANILLE 33GM X,40,PCS,CTN,PCS,I,1,0,0,0,0,0,0,0,0,100,,N,,,,6194008541062,2015-04-18 13:13:20.000,KAMAL,2017-01-08 18:14:54.000,KAMAL,M,,N,N,40,1,99,,A,,N,N,N,N,,ICI,105.1304,,,,,,N,AAAAA,,O
19908,O,SAIDA CROUSTINA NOIS,SAIDA CROUSTINA NOISETTE 33GM,X40,PCS,CTN,PCS,I,1,0,0,0,0,0,0,0,0,100,,N,,,,6194008541123,2015-04-18 13:13:20.000,KAMAL,2017-01-08 18:14:54.000,KAMAL,M,,N,N,40,1,99,,A,,N,N,N,N,,ICI,105.1304,,,,,,N,AAAAA,,O
19909,O,SAIDA CROUSTINA  LAI,SAIDA CROUSTINA  LAIT 33GM X40,,PCS,CTN,PCS,I,1,0,0,0,0,0,0,0,0,100,,N,,,,6194008541086,2015-04-18 13:13:20.000,KAMAL,2017-01-08 18:14:54.000,KAMAL,M,,N,N,40,1,99,,A,,N,N,N,N,,ICI,105.1304,,,,,,N,AAAAA,,O
19910,O,SAIDA CROUSTINA CHOC,SAIDA CROUSTINA CHOCOLAT 33GM,X40,PCS,CTN,PCS,I,1,0,0,0,0,0,0,0,0,100,,N,,,,6194008541079,2015-04-18 13:13:20.000,KAMAL,2017-01-08 18:14:54.000,KAMAL,M,,N,N,40,1,99,,A,,N,N,N,N,,ICI,105.1304,,,,,,N,AAAAA,,O
19911,O,SAIDA CROUSTINA CAPP,SAIDA CROUSTINA CAPPUCCINO 33G,M X40,PCS,CTN,PCS,I,1,0,0,0,0,0,0,0,0,100,,N,,,,6194008541246,2015-04-18 13:13:20.000,KAMAL,2017-01-08 18:14:54.000,KAMAL,M,,N,N,40,1,99,,A,,N,N,N,N,,ICI,105.1304,,,,,,N,AAAAA,,O
19912,O,SAIDA FENOUIL BISCUI,SAIDA FENOUIL BISCUIT 240GM X1,0,PCS,CTN,PCS,I,1,0,0,0,0,0,0,0,0,750,,N,,,,6194008518040,2015-04-18 13:13:20.000,KAMAL,2024-10-09 00:00:00.000,RGCML,M,,N,N,10,1,99,,A,,N,N,N,N,,SADIA,,,,,,,N,AAAAA,,O
19913,O,SABITO CREME CHOCOLA,SABITO CREME CHOCOLAT 128GM X2,4,PCS,CTN,PCS,I,1,0,0,0,0,0,0,0,0,350,,N,,,,6194008533999,2015-04-18 13:13:20.000,KAMAL,2017-01-08 18:14:54.000,KAMAL,M,,N,N,24,1,99,,A,,N,N,N,N,,ICI,336.4172,,,,,,N,AAAAA,,O
19914,O,SABITO FOURRE FRAISE,SABITO FOURRE FRAISE 128GM X24,,PCS,CTN,PCS,I,1,0,0,0,0,0,0,0,0,400,,N,,,,6194008533975,2015-04-18 13:13:20.000,KAMAL,2016-01-11 11:02:58.000,KAMAL,M,,N,N,24,1,99,,A,,N,N,N,N,,ICI,336.4172,,,,,,N,AAAAA,,O
19915,O,SAIDA KAAK BISCUIT 2,SAIDA KAAK BISCUIT 240GM X10,,PCS,CTN,PCS,I,1,0,0,0,0,0,0,0,0,750,,N,,,,6194008518026,2015-04-18 13:13:20.000,KAMAL,2024-10-09 00:00:00.000,RGCML,M,,N,N,10,1,99,,A,,N,N,N,N,,SADIA,,,,,,,N,AAAAA,,O
20528,O,LIT HUILE TOURNESOL,LIT HUILE TOURNESOL     *,,PCS,CTN,PCS,I,1,0,0,0,0,0,0,0,0,2950,,N,,,,3075711374020,2015-05-05 21:46:27.000,KAMAL,2017-01-08 18:14:58.000,KAMAL,M,,N,N,15,1,99,,A,2,N,N,N,N,,SARLC,,,,,305920,,N,AAAAA,,O
20529,O,4/4 PECHES SIROP,4/4 PECHES SIROP        *,,PCS,CTN,PCS,I,1,0,0,0,0,0,0,0,0,1950,,N,,,,3094272400016,2015-05-05 21:46:27.000,KAMAL,2020-11-25 11:03:20.000,KAMAL,M,,N,N,12,1,99,,A,,N,N,N,N,,SARLC,,,,,352146,,N,AAAAA,,O
20530,O,4/4 ABRICOT SIROP,4/4 ABRICOT SIROP       *,,PCS,CTN,PCS,I,1,0,0,0,0,0,0,0,0,1950,,N,,,,3303157640028,2015-05-05 21:46:27.000,KAMAL,2017-01-08 18:14:58.000,KAMAL,M,,N,N,12,1,99,,A,,N,N,N,N,,SARLC,,,,,352229,,N,AAAAA,,O
20531,O,4/4 POIRES SIROP,4/4 POIRES SIROP        *,,PCS,CTN,PCS,I,1,0,0,0,0,0,0,0,0,1950,,N,,,,3303158841516,2015-05-05 21:46:27.000,KAMAL,2020-11-25 11:03:21.000,KAMAL,M,,N,N,12,1,99,,A,,N,N,N,N,,SARLC,2060.5551,,,,352302,,N,AAAAA,,O
20532,O,BX.37 HARIC.VERT.X-F,BX.37 HARIC.VERT.X-FINS,,PCS,CTN,PCS,I,1,0,0,0,0,0,0,0,0,1950,1500,O,2018-09-11 00:00:00.000,2018-10-26 00:00:00.000,,3363190112449,2015-05-05 21:46:27.000,KAMAL,2018-09-11 00:00:00.000,RGCML,M,,N,N,12,1,99,,A,,N,N,N,N,,SARLC,,,,,412684,,N,AAAAA,,O
20817,O,DIA CRUNCHY MUESLI C,DIA CRUNCHY MUESLI CHOCO 500G,,PCS,CTN,PCS,I,1,0,0,0,0,0,0,0,0,2250,,N,,,,8480017087263,2015-05-11 22:01:42.000,KAMAL,,,M,,N,N,8,1,99,,I,,N,N,N,N,,DIA12,,,,,135900,,N,AAAAA,,O
20818,O,DIA ATUN ACEITE GIRA,DIA ATUN ACEITE GIRASOL 650G,,PCS,CTN,PCS,I,1,0,0,0,0,0,0,0,0,8950,,N,,,,8480017089519,2015-05-11 22:01:42.000,KAMAL,2017-01-08 18:15:03.000,KAMAL,M,,N,N,12,1,99,,I,,N,N,N,N,,DIA12,,,,,138259,,N,AAAAA,,O
20819,O,DIA ALBONDIG GATO AT,DIA ALBONDIG GATO AT VER 400G,,PCS,CTN,PCS,I,1,0,0,0,0,0,0,0,0,950,,N,,,,8480017090133,2015-05-11 22:01:42.000,KAMAL,2017-01-08 18:15:03.000,KAMAL,M,,N,N,12,1,99,,I,,N,N,N,N,,DIA12,,,,,138776,,N,AAAAA,,O
20820,O,DIRECT CTNR FOR PNS2,DIRECT CTNR FOR PNS2,TCNU 585836-4  DIA,PCS,PCS,PCS,I,1,0,0,0,0,0,0,0,0,,,N,,,,,2015-05-12 00:00:00.000,KAMAL,,,M,,N,N,1,1,99,,I,,N,N,N,N,,DIA12,,,,,,,N,AAAAA,,O
20821,O,LAIT EN POUDRE BRIDE,BRIDEL LAIT EN POUDRE 400GR X,24,PCS,CTN,PCS,I,1,0,0,0,0,0,0,0,0,3250,,N,,,,3551100821189,2015-05-12 21:48:18.000,KAMAL,2026-03-31 00:00:00.000,RGCML,M,,N,N,24,1,99,,A,2,N,N,N,N,,BRIDE,1976.4508,,,,117161,,N,AAAAA,,O
20822,O,LAIT EN POUDRE BRIDE,BRIDEL LAIT EN POUDRE 900GR X,12,PCS,CTN,PCS,I,1,0,0,0,0,0,0,0,0,6500,,N,,,,3551100821196,2015-05-12 21:48:18.000,KAMAL,2026-03-31 00:00:00.000,RGCML,M,,N,N,12,1,99,,A,2,N,N,N,N,,BRIDE,4163.1623,,,,117162,,N,AAAAA,,O
20823,O,LAIT EN POUDRE BRIDE,BRIDEL LAIT EN POUDRE 1.8KG X,6,PCS,CTN,PCS,I,1,0,0,0,0,0,0,0,0,12950,,N,,,,3551100821202,2015-05-12 21:48:18.000,KAMAL,2025-05-16 20:23:08.000,MANOJ,M,,N,N,6,1,99,,A,2,N,N,N,N,,BRIDE,7527.3339,,,,117163,,N,AAAAA,,O
20824,O,RESERVE MOUTON CADET,RESERVE MOUTON CADET BORDEAUX,ROUGE 6X75CL,PCS,CTN,PCS,I,1,0,0,0,0,0,0,0,0,11500,,O,2023-07-17 00:00:00.000,2023-08-17 00:00:00.000,,3262151442758,2015-05-12 22:01:24.000,KAMAL,2023-07-17 00:00:00.000,RGCML,M,,N,N,6,1,99,10,A,,N,N,N,N,,NETTE,7527.3339,,,,340101522,,N,AAAAA,,O
20826,O,MARQ. OGIVE TABLEAU,MARQ. OGIVE TABLEAU BLANC 2MM,,PCS,PCS,PCS,I,1,0,0,0,0,0,0,0,0,,,N,,,,,2015-05-13 20:50:29.000,KAMAL,,,M,,N,N,1,1,99,,I,,N,N,N,N,,CAR,,,,,KF26035,,N,AAAAA,,O
20827,O,MARQ. OGIVE TABLEAU,MARQ. OGIVE TABLEAU BLANC 2MM,,PCS,PCS,PCS,I,1,0,0,0,0,0,0,0,0,,,N,,,,,2015-05-13 20:50:29.000,KAMAL,,,M,,N,N,1,1,99,,I,,N,N,N,N,,CAR,,,,,KF26036,,N,AAAAA,,O
20828,O,MARQ. OGIVE TABLEAU,MARQ. OGIVE TABLEAU BLANC 2MM,,PCS,PCS,PCS,I,1,0,0,0,0,0,0,0,0,,,N,,,,,2015-05-13 20:50:29.000,KAMAL,,,M,,N,N,1,1,99,,I,,N,N,N,N,,CAR,,,,,KF26037,,N,AAAAA,,O
20238,O,REFRIGERATEURS 2 POR,REFRIGERATEURS 2 PORTES A DOUB,LE ALIMENTATION  XCD300,PCS,PCS,PCS,I,1,0,0,0,0,0,0,0,0,,,N,,,,,2015-04-28 21:13:11.000,KAMAL,,,M,,N,N,1,1,99,,A,,N,N,N,N,,COVIF,,,,,XCD300,,N,AAAAA,,O
20239,O,COGELATEURS A DOUBLE,COGELATEURS A DOUBLE ALIMENTAT,ION XD200,PCS,PCS,PCS,I,1,0,0,0,0,0,0,0,0,,,N,,,,,2015-04-28 21:13:11.000,KAMAL,,,M,,N,N,1,1,99,,I,,N,N,N,N,,COVIF,,,,,XD200,,N,AAAAA,,O
20289,O,SELVA CAPELLI D'ANGE,SELVA CAPELLI D'ANGELO 500GM,,PCS,CTN,PCS,I,1,0,0,0,0,0,0,0,0,500,500,N,2017-01-13 00:00:00.000,2017-02-28 00:00:00.000,,8690890210010,2015-04-30 00:00:00.000,KAMAL,2017-01-28 00:00:00.000,KAMAL,M,,N,N,20,1,99,,A,,N,N,N,N,,SELVA,546.6779,,,,500GR,,N,AAAAA,,O
20290,O,CUISINIERE 80X5W,CUISINIERE 80X5W,,PCS,PCS,PCS,I,1,0,0,0,0,0,0,0,0,,,N,,,,,2015-04-30 00:00:00.000,KAMAL,2018-04-22 00:00:00.000,KAMAL,M,,N,N,1,1,99,,I,,N,N,N,N,,OCEAN,,,,,80X5W,,N,AAAAA,,O
20291,O,SUPER CRIOX 1.875L S,SUPER CRIOX 1.875L SEYACH 2EN1,,PCS,CTN,PCS,I,1,0,0,0,0,0,0,0,0,6950,,N,,,,3178041303705,2015-05-02 09:35:11.000,KAMAL,2017-01-08 18:14:56.000,KAMAL,M,,N,N,4,1,99,,A,,N,N,N,N,,HENKL,,,,,1923504,,N,AAAAA,,O
20292,O,SPRCX NEPAL 20CAPS W,SPRCX NEPAL 20CAPS WHITE BOX,,PCS,CTN,PCS,I,1,0,0,0,0,0,0,0,0,,,N,,,,3178040695030,2015-05-02 09:35:11.000,KAMAL,,,M,,N,N,8,1,99,,I,,N,N,N,N,,HENKL,,,,,1789075,,N,AAAAA,,O
20872,O,BOITE DE 50 ANNEAUX,BOITE DE 50 ANNEAUX PLAST 25 M,,PCS,PCS,PCS,I,1,0,0,0,0,0,0,0,0,,,N,,,,5705831321182,2015-05-13 20:50:29.000,KAMAL,,,M,,N,N,1,1,99,,A,,N,N,N,N,,CAR,,,,,KF32118,,N,AAAAA,,O
20873,O,TAPIS SOURIS BLEU,TAPIS SOURIS BLEU,,PCS,PCS,PCS,I,1,0,0,0,0,0,0,0,0,,,N,,,,5705831045163,2015-05-13 20:50:29.000,KAMAL,,,M,,N,N,1,1,99,,I,,N,N,N,N,,CAR,,,,,KF04516,,N,AAAAA,,O
20874,O,TAPIS SOURIS NOIR,TAPIS SOURIS NOIR,,PCS,PCS,PCS,I,1,0,0,0,0,0,0,0,0,2500,,N,,,,5705831045170,2015-05-13 20:50:29.000,KAMAL,2018-01-02 00:00:00.000,RGCML,M,,N,N,1,1,99,,A,,N,N,N,N,,CAR,,,,,KF04517,,N,AAAAA,,O
20875,O,TAPIS SOURIS FANTAIS,TAPIS SOURIS FANTAISIE SOUPLE,,PCS,PCS,PCS,I,1,0,0,0,0,0,0,0,0,,,N,,,,5705831045576,2015-05-13 20:50:29.000,KAMAL,,,M,,N,N,1,1,99,,A,,N,N,N,N,,CAR,,,,,KF04557,,N,AAAAA,,O
20876,O,TAPIS SOURIS FANTAIS,TAPIS SOURIS FANTAISIE SOUPLE,,PCS,PCS,PCS,I,1,0,0,0,0,0,0,0,0,,,N,,,,5705831045590,2015-05-13 20:50:29.000,KAMAL,,,M,,N,N,1,1,99,,I,,N,N,N,N,,CAR,,,,,KF04559,,N,AAAAA,,O
20877,O,TAPIS DE SOURIS ERGO,TAPIS DE SOURIS ERGONOMIQUE GE,,PCS,PCS,PCS,I,1,0,0,0,0,0,0,0,0,,,N,,,,5705831200852,2015-05-13 20:50:30.000,KAMAL,,,M,,N,N,1,1,99,,A,,N,N,N,N,,CAR,,,,,KF20085,,N,AAAAA,,O
20878,O,TAPIS DE SOURIS ERGO,TAPIS DE SOURIS ERGONOMIQUE GE,,PCS,PCS,PCS,I,1,0,0,0,0,0,0,0,0,,,N,,,,,2015-05-13 20:50:30.000,KAMAL,,,M,,N,N,1,1,99,,A,,N,N,N,N,,CAR,,,,,KF20086,,N,AAAAA,,O
20879,O,BOMBE 400ML GAZ SEC,BOMBE 400ML GAZ SEC DEPOUSSIER,,PCS,PCS,PCS,I,1,0,0,0,0,0,0,0,0,,,N,,,,,2015-05-13 20:50:30.000,KAMAL,,,M,,N,N,1,1,99,,I,,N,N,N,N,,CAR,,,,,KF04499,,N,AAAAA,,O
20880,O,CASQUE MU AVEC REGLA,CASQUE MU AVEC REGLAGE VOLUME,,PCS,PCS,PCS,I,1,0,0,0,0,0,0,0,0,14500,,N,,,,3303170025727,2015-05-13 20:55:10.000,KAMAL,2018-01-02 00:00:00.000,RGCML,M,,N,N,1,1,99,,A,,N,N,N,N,,T&B,,,,,CSM11,,N,AAAAA,,O
20881,O,HUB USB2.0 FIRST CLA,HUB USB2.0 FIRST CLASS NOIR4 P,ORTS,PCS,PCS,PCS,I,1,0,0,0,0,0,0,0,0,14500,,N,,,,3303170067512,2015-05-13 20:55:10.000,KAMAL,,,M,,N,N,1,1,99,,A,,N,N,N,N,,T&B,,,,,HUUSFIRST,,N,AAAAA,,O
20882,O,PACK HUB USB LECTEUR,PACK HUB USB LECTEUR CARTE ALU,,PCS,PCS,PCS,I,1,0,0,0,0,0,0,0,0,14500,,N,,,,3303170050408,2015-05-13 20:55:10.000,KAMAL,2017-01-11 00:00:00.000,ROOT,M,,N,N,1,1,99,,A,,N,N,N,N,,T&B,,,,,DTXCALU,,N,AAAAA,,O
20883,O,LECTEUR CARTES MEMOI,LECTEUR CARTES MEMOIRES POCKET,READER SD & SDHC,PCS,PCS,PCS,I,1,0,0,0,0,0,0,0,0,,,N,,,,3303170043400,2015-05-13 20:55:10.000,KAMAL,2017-01-08 18:15:03.000,KAMAL,M,,N,N,1,1,99,,A,,N,N,N,N,,T&B,,,,,READERSD1,,N,AAAAA,,O
20884,O,LECTEUR DE CARTES MU,LECTEUR DE CARTES MULTIFORMATS,,PCS,PCS,PCS,I,1,0,0,0,0,0,0,0,0,19500,,N,,,,3303170068144,2015-05-13 20:55:10.000,KAMAL,2017-01-11 00:00:00.000,ROOT,M,,N,N,1,1,99,,A,,N,N,N,N,,T&B,,,,,READERALL3,,N,AAAAA,,O
20885,O,TAPIS SOURIS EXPERT,TAPIS SOURIS EXPERT BLEUERGO-D,ESIGN GEL,PCS,PCS,PCS,I,1,0,0,0,0,0,0,0,0,9500,,N,,,,3303170065532,2015-05-13 20:55:10.000,KAMAL,,,M,,N,N,1,1,99,,A,,N,N,N,N,,T&B,,,,,TSED100BL,,N,AAAAA,,O
20886,O,TAPIS SOURIS EXPERT,TAPIS SOURIS EXPERT VIOLETERGE,-DESIGN GEL,PCS,PCS,PCS,I,1,0,0,0,0,0,0,0,0,9500,,N,,,,3303170065556,2015-05-13 20:55:10.000,KAMAL,,,M,,N,N,1,1,99,,A,,N,N,N,N,,T&B,,,,,TSED100PL,,N,AAAAA,,O
20887,O,TAPIS SOURS EXPERT R,TAPIS SOURS EXPERT ROUGGERGO-D,ESIGN GEL,PCS,PCS,PCS,I,1,0,0,0,0,0,0,0,0,9500,,N,,,,3303170067284,2015-05-13 20:55:10.000,KAMAL,2017-01-08 18:15:03.000,KAMAL,M,,N,N,1,1,99,,A,,N,N,N,N,,T&B,,,,,TSED100RD,,N,AAAAA,,O
20888,O,TAPIS SOURIS ERGO-DE,TAPIS SOURIS ERGO-DESIGN BLEUA,VEC REPOSE-POIGNET GEL,PCS,PCS,PCS,I,1,0,0,0,0,0,0,0,0,9500,,N,,,,3303170021323,2015-05-13 20:55:10.000,KAMAL,,,M,,N,N,1,1,99,,A,,N,N,N,N,,T&B,,,,,TSED100B,,N,AAAAA,,O
20889,O,"MALL NOTEBOOK 16"""" U","MALL NOTEBOOK 16"""" UK BLACK ED",,PCS,PCS,PCS,I,1,0,0,0,0,0,0,0,0,,,N,,,,3303170067994,2015-05-13 20:55:10.000,KAMAL,,,M,,N,N,1,1,99,,A,,N,N,N,N,,T&B,,,,,MSORUK,,N,AAAAA,,O
19770,O,MACARONI COUPE 500G.,CELLO 500G MACARONI   B.F,,PCS,CTN,PCS,I,1,0,0,0,0,0,0,0,0,1250,,N,,,,3258561110219,2015-04-11 13:43:08.000,KAMAL,2020-11-25 11:03:20.000,KAMAL,M,,N,N,12,1,99,,A,,N,N,N,N,,SARLC,798.9907,,,,176347,,N,AAAAA,,O
19771,O,COQUILLETTES 500G.,CELLO 500G COQUILLET. B.F,,PCS,CTN,PCS,I,1,0,0,0,0,0,0,0,0,1250,,N,,,,3258561110127,2015-04-11 13:43:08.000,KAMAL,2020-11-25 11:03:20.000,KAMAL,M,,N,N,12,1,99,,A,,N,N,N,N,,SARLC,798.9907,,,,176388,,N,AAAAA,,O
19772,O,CHEVEUX ANGE 500G.,CELLO 500G CHEV.ANGE  B.F,,PCS,CTN,PCS,I,1,0,0,0,0,0,0,0,0,1350,,N,,,,3258561110066,2015-04-11 13:43:08.000,KAMAL,2020-11-25 11:03:20.000,KAMAL,M,,N,N,12,1,99,,A,,N,N,N,N,,SARLC,798.9907,,,,176461,,N,AAAAA,,O
19773,O,TORSADES 500 GR.BF,CELLO 500G TORTI      B.F,,PCS,CTN,PCS,I,1,0,0,0,0,0,0,0,0,1350,,O,2025-08-27 00:00:00.000,2025-09-30 00:00:00.000,,3258561110424,2015-04-11 13:43:08.000,KAMAL,2025-08-27 00:00:00.000,BABU,M,,N,N,12,1,99,10,A,,N,N,N,N,,SARLC,798.9907,,,,172106,,N,AAAAA,,O
19774,O,FARFALE 500G,CELLO 500 FARFALLES   B.F,,PCS,CTN,PCS,I,1,0,0,0,0,0,0,0,0,1450,,N,,,,3258561110493,2015-04-11 13:43:08.000,KAMAL,2023-05-08 19:02:19.000,DIVYA,M,,N,N,12,1,99,,A,,N,N,N,N,,SARLC,798.9907,,,,176503,,N,AAAAA,,O
19776,O,COQUILLETTES KG.,KG CELLO COQUILLETTES B.F,,PCS,CTN,PCS,I,1,0,0,0,0,0,0,0,0,2250,,O,2025-08-27 00:00:00.000,2025-09-29 00:00:00.000,,3258561110158,2015-04-11 13:43:08.000,KAMAL,2025-08-27 00:00:00.000,BABU,M,,N,N,12,1,99,10,A,,N,N,N,N,,SARLC,1640.0336,,,,176628,,N,AAAAA,,O
19777,O,CHEVEUX ANGE KG,KG CELLO CHEVEUX ANGE B.F,,PCS,CTN,PCS,I,1,0,0,0,0,0,0,0,0,1500,,N,,,,3258561110097,2015-04-11 13:43:08.000,KAMAL,2017-01-08 18:14:53.000,KAMAL,M,,N,N,6,1,99,,A,,N,N,N,N,,SARLC,1640.0336,,,,176602,,N,AAAAA,,O
19778,O,COQUILLETTE KG     W,COQUILLETTE KG     WINNY*  X12,,PCS,CTN,PCS,I,1,0,0,0,0,0,0,0,0,1500,,N,,,,5400247011671,2015-04-11 13:43:08.000,KAMAL,2017-01-08 18:14:53.000,KAMAL,M,,N,N,12,1,99,,I,,N,N,N,N,,SNIW,,,,,176586,,N,AAAAA,,O
19779,O,MACARONI COUP.KG   W,MACARONI COUP.KG   WINNY*  X10,,PCS,CTN,PCS,I,1,0,0,0,0,0,0,0,0,1500,,N,,,,5400247011657,2015-04-11 13:43:08.000,KAMAL,2017-01-08 18:14:53.000,KAMAL,M,,N,N,10,1,99,,I,,N,N,N,N,,SNIW,,,,,176602,,N,AAAAA,,O
19780,O,TORTI KG           W,TORTI KG           WINNY*  X12,,PCS,CTN,PCS,I,1,0,0,0,0,0,0,0,0,1500,,N,,,,5400247011664,2015-04-11 13:43:08.000,KAMAL,2017-01-08 18:14:53.000,KAMAL,M,,N,N,12,1,99,,I,,N,N,N,N,,SNIW,,,,,176644,,N,AAAAA,,O
19781,O,VERMICELL.FIN KG   W,VERMICELL.FIN KG   WINNY*  X10,,PCS,CTN,PCS,I,1,0,0,0,0,0,0,0,0,1950,,N,,,,5400247030948,2015-04-11 13:43:08.000,KAMAL,2017-01-08 18:14:53.000,KAMAL,M,,N,N,10,1,99,,I,,N,N,N,N,,SNIW,,,,,176669,,N,AAAAA,,O
19782,O,BOITE FOND DE VEAU,FOND VEAU 110G      MAGGI,,PCS,CTN,PCS,I,1,0,0,0,0,0,0,0,0,3950,,N,,,,7613034636591,2015-04-11 13:43:08.000,KAMAL,2020-11-25 11:03:20.000,KAMAL,M,,N,N,12,1,99,,A,,N,N,N,N,,SARLC,3322.1194,,,,209106,,N,AAAAA,,O
19783,O,S.POIREAUX P.TERRE,S.POIREAUX P.TERRE  MAGGI  X10,,PCS,CTN,PCS,I,1,0,0,0,0,0,0,0,0,950,,N,,,,3033710086627,2015-04-11 13:43:08.000,KAMAL,2017-01-08 18:14:53.000,KAMAL,M,,N,N,10,1,99,,A,,N,N,N,N,,SNIW,,,,,210104,,N,AAAAA,,O
19784,O,"1,5KG.CROQ CHAT POIS","1,5KG.CROQ CHAT POISS.ONE  X6",,PCS,CTN,PCS,I,1,0,0,0,0,0,0,0,0,7950,,N,,,,5000161021710,2015-04-11 13:43:08.000,KAMAL,2017-01-08 18:14:53.000,KAMAL,M,,N,N,6,1,99,,A,,N,N,N,N,,SNIW,,,,,558460,,N,AAAAA,,O
19785,O,MOUSLINE 125G.  X16,MOUSLINE 125G.  X16,,PCS,CTN,PCS,I,1,0,0,0,0,0,0,0,0,1250,,N,,,,7613034898197,2015-04-11 13:43:08.000,KAMAL,2017-01-08 18:14:53.000,KAMAL,M,,N,N,16,1,99,,A,,N,N,N,N,,SNIW,,,,,166108,,N,AAAAA,,O
20410,O,HUBLOT ROND ETANCHE,HUBLOT ROND ETANCHE 100W B22,,PCS,PCS,PCS,I,1,0,0,0,0,0,0,0,0,7500,,N,,,,3245060604509,2015-05-05 20:21:03.000,KAMAL,2017-01-08 18:14:57.000,KAMAL,M,,N,N,1,1,99,,A,,N,N,N,N,,LEG,,,,,LG060450,,N,AAAAA,,O
20411,O,APPLIQUE + TRANF PRI,APPLIQUE + TRANF PRISE+INTER,,PCS,PCS,PCS,I,1,0,0,0,0,0,0,0,0,,,N,,,,,2015-05-05 20:21:03.000,KAMAL,2017-01-08 18:14:57.000,KAMAL,M,,N,N,1,1,99,,A,,N,N,N,N,,LEG,,,,,LG60628,,N,AAAAA,,O
20412,O,SAIC VAET VIENT 1 MO,SAIC VAET VIENT 1 MOD BLA,,PCS,PCS,PCS,I,1,0,0,0,0,0,0,0,0,,,N,,,,,2015-05-05 20:21:03.000,KAMAL,2015-09-24 00:00:00.000,KAMAL,M,,N,N,1,1,99,,I,,N,N,N,N,,LEG,,,,,LG077001,,N,AAAAA,,O
20413,O,MOSAIC VA ET VIENT 2,MOSAIC VA ET VIENT 2 MOD BLA,,PCS,PCS,PCS,I,1,0,0,0,0,0,0,0,0,,,N,,,,,2015-05-05 20:21:03.000,KAMAL,2015-09-24 00:00:00.000,KAMAL,M,,N,N,1,1,99,,I,,N,N,N,N,,LEG,,,,,LG077011,,N,AAAAA,,O
20414,O,PRMOSAIC PLAQUE 2M,PRMOSAIC PLAQUE 2M,,PCS,PCS,PCS,I,1,0,0,0,0,0,0,0,0,,,N,,,,3245060788025,2015-05-05 20:21:03.000,KAMAL,2016-09-02 20:24:34.000,KAMAL,M,,N,N,1,1,99,,A,,N,N,N,N,,LEG,,,,,LG078802,,N,AAAAA,,O
20415,O,PRMOSAIC PLAQUE 4M M,PRMOSAIC PLAQUE 4M MOR,,PCS,PCS,PCS,I,1,0,0,0,0,0,0,0,0,,,N,,,,,2015-05-05 20:21:03.000,KAMAL,2015-09-24 00:00:00.000,KAMAL,M,,N,N,1,1,99,,A,,N,N,N,N,,LEG,,,,,LG078814,,N,AAAAA,,O
20416,O,BATIBOX MACONN 2 POS,BATIBOX MACONN 2 POSTES P 40M,,PCS,PCS,PCS,I,1,0,0,0,0,0,0,0,0,,,N,,,,,2015-05-05 20:21:03.000,KAMAL,2015-09-24 00:00:00.000,KAMAL,M,,N,N,1,1,99,,A,,N,N,N,N,,LEG,,,,,LG080142,,N,AAAAA,,O
20417,O,SUPPORT BATIBOX 1 PO,SUPPORT BATIBOX 1 POSTE 2M,,PCS,PCS,PCS,I,1,0,0,0,0,0,0,0,0,,,N,,,,,2015-05-05 20:21:03.000,KAMAL,2015-09-24 00:00:00.000,KAMAL,M,,N,N,1,1,99,,I,,N,N,N,N,,LEG,,,,,LG080251,,N,AAAAA,,O
20418,O,SUPPORTY BATIBOX 2 P,SUPPORTY BATIBOX 2 POSTE /4-5,,PCS,PCS,PCS,I,1,0,0,0,0,0,0,0,0,,,N,,,,,2015-05-05 20:21:03.000,KAMAL,2015-09-24 00:00:00.000,KAMAL,M,,N,N,1,1,99,,I,,N,N,N,N,,LEG,,,,,LG080252,,N,AAAAA,,O
20419,O,UPS NIKY  800 VA IEC,UPS NIKY  800 VA IEC SHK USB,,PCS,PCS,PCS,I,1,0,0,0,0,0,0,0,0,85000,,N,,,,3245063100107,2015-05-05 20:21:03.000,KAMAL,2015-09-24 00:00:00.000,KAMAL,M,,N,N,1,1,99,,A,,N,N,N,N,,LEG,,,,,LG310010,,N,AAAAA,,O
20420,O,ASI KEOR MULTIPLUG 8,ASI KEOR MULTIPLUG 800 VA FR,,PCS,PCS,PCS,I,1,0,0,0,0,0,0,0,0,95000,,N,,,,3414970373106,2015-05-05 20:21:03.000,KAMAL,2017-01-08 18:14:57.000,KAMAL,M,,N,N,1,1,99,,A,,N,N,N,N,,LEG,,,,,LG310041,,N,AAAAA,,O
20421,O,ISJ BRANCH 4P 10/30A,ISJ BRANCH 4P 10/30A 500MA,,PCS,PCS,PCS,I,1,0,0,0,0,0,0,0,0,75000,,N,,,,,2015-05-05 20:21:03.000,KAMAL,2024-05-18 00:00:00.000,JT,M,,N,N,1,1,99,,A,,N,N,N,N,,LEG,,,,,LG401010,,N,AAAAA,,O
20422,O,DISJ BRANCH 4P 30/60,DISJ BRANCH 4P 30/60A 500MA,,PCS,PCS,PCS,I,1,0,0,0,0,0,0,0,0,,,N,,,,,2015-05-05 20:21:03.000,KAMAL,2015-09-24 00:00:00.000,KAMAL,M,,N,N,1,1,99,,A,,N,N,N,N,,LEG,,,,,LG401011,,N,AAAAA,,O
20423,O,DNX 1P+NG  C10 4500A,DNX3 1P+NG C10 4500A/6KA,,PCS,PCS,PCS,I,1,0,0,0,0,0,0,0,0,,,N,,,,3245064067737,2015-05-05 20:21:03.000,KAMAL,2016-09-02 20:24:34.000,KAMAL,M,,N,N,1,1,99,,A,,N,N,N,N,,LEG,,,,,LG406773,,N,AAAAA,,O
20424,O,DNX3 1PNG C16 4500A,DNX3 1P+NG C16 4500A/6KA,,PCS,PCS,PCS,I,1,0,0,0,0,0,0,0,0,,,N,,,,3245064067744,2015-05-05 20:21:03.000,KAMAL,2016-09-02 20:24:34.000,KAMAL,M,,N,N,1,1,99,,A,,N,N,N,N,,LEG,,,,,LG406774,,N,AAAAA,,O
20425,O,DNX3 1P+NG C25 4500A,LEGRAND DNX3 1P+NG C25 4500A/6,KA,PCS,PCS,PCS,I,1,0,0,0,0,0,0,0,0,11500,,N,,,,3245064067768,2015-05-05 20:21:03.000,KAMAL,2016-09-02 20:24:34.000,KAMAL,M,,N,N,1,1,99,,A,,N,N,N,N,,LEG,,,,,406776,,N,AAAAA,,O
20426,O,DNX3 1P+NG C32 4500A,DNX3 1P+NG C32 4500A/6KA,,PCS,PCS,PCS,I,1,0,0,0,0,0,0,0,0,,,N,,,,3245064067775,2015-05-05 20:21:03.000,KAMAL,2016-09-02 20:24:34.000,KAMAL,M,,N,N,1,1,99,,A,,N,N,N,N,,LEG,,,,,LG406777,,N,AAAAA,,O
20427,O,DX3 1P +NG C25 4.5/6,DX3 1P +NG C25 4.5/6K AC 30 MA,,PCS,PCS,PCS,I,1,0,0,0,0,0,0,0,0,,,N,,,,,2015-05-05 20:21:03.000,KAMAL,2015-09-24 00:00:00.000,KAMAL,M,,N,N,1,1,99,,A,,N,N,N,N,,LEG,,,,,LG410707,,N,AAAAA,,O
20428,O,DX3 4P C40 6000A AC,DX3 4P C40 6000A AC 300MA ZM,,PCS,PCS,PCS,I,1,0,0,0,0,0,0,0,0,,,N,,,,,2015-05-05 20:21:03.000,KAMAL,2015-09-24 00:00:00.000,KAMAL,M,,N,N,1,1,99,,I,,N,N,N,N,,LEG,,,,,LG411209,,N,AAAAA,,O
21125,O,L.2 MI-BAS MOUS.NOIR,L.2 MI-BAS MOUS.NOIR  B.F,,PCS,CTN,PCS,I,1,0,0,0,0,0,0,0,0,,,N,,,,3258561931845,2015-05-21 20:53:38.000,KAMAL,,,M,,N,N,16,1,99,,A,,N,N,N,N,,SARLC,,,,,873208,,N,AAAAA,,O
20533,O,BX 72CL HAR.VERT X-F,BX 72CL HAR.VERT X-F. B.F,,PCS,CTN,PCS,I,1,0,0,0,0,0,0,0,0,2750,,N,,,,3258561210483,2015-05-05 21:46:27.000,KAMAL,,,M,,N,N,12,1,99,,A,,N,N,N,N,,SARLC,,,,,415760,,N,AAAAA,,O
20534,O,1/2 H-VERT EXTRA.FIN,1/2 H-VERT EXTRA.FINS B.F,,PCS,CTN,PCS,I,1,0,0,0,0,0,0,0,0,750,,N,,,,3258561210513,2015-05-05 21:46:27.000,KAMAL,2018-01-27 00:00:00.000,DHARM,M,,N,N,12,1,99,,I,,N,N,N,N,,SARLC,841.0429,,,,415786,,N,AAAAA,,O
20535,O,4/4 FLAGEOLET EXT-FI,4/4 FLAGEOLET EXT-FIN B.F,,PCS,CTN,PCS,I,1,0,0,0,0,0,0,0,0,1650,,N,,,,3258561211046,2015-05-05 21:46:27.000,KAMAL,2017-01-08 18:14:58.000,KAMAL,M,,N,N,12,1,99,,A,,N,N,N,N,,SARLC,1471.8251,,,,415828,,N,AAAAA,,O
20536,O,1/2 POIS CHICHES,1/2 POIS CHICHES      B.F,,PCS,CTN,PCS,I,1,0,0,0,0,0,0,0,0,850,,N,,,,3258561211541,2015-05-05 21:46:27.000,KAMAL,2023-01-31 00:00:00.000,DIVYA,M,,N,N,12,1,99,,A,,N,N,N,N,,SARLC,841.0429,,,,415869,,N,AAAAA,,O
20572,O,LEFFE BLONDE 6Â°6 75C,LEFFE BLOND BOTTLE 6.6% 6X0.75,L,PCS,CTN,PCS,I,1,0,0,0,0,0,0,0,0,3950,,N,,,,5410228102762,2015-05-05 21:46:27.000,KAMAL,2026-02-19 00:00:00.000,RGCML,M,,N,N,6,1,99,,A,,N,N,N,N,,OVERS,,,,,611202,,N,AAAAA,,O
20573,O,BLE.75CL HOEGAARDEN,BLE.75CL HOEGAARDEN 4Â°9,,PCS,CTN,PCS,I,1,0,0,0,0,0,0,0,0,2950,,N,,,,5410228158424,2015-05-05 21:46:27.000,KAMAL,2017-01-08 18:14:59.000,KAMAL,M,,N,N,6,1,99,,A,,N,N,N,N,,SARLC,,,,,611327,,N,AAAAA,,O
20574,O,LEFFE BRUNE 6Â°5 75CL,LEFFE BRUNE 6Â°5 75CL,,PCS,CTN,PCS,I,1,0,0,0,0,0,0,0,0,3250,,N,,,,5410228145226,2015-05-05 21:46:27.000,KAMAL,2024-12-08 14:43:54.000,DIVYA,M,,N,N,6,1,99,,A,,N,N,N,N,,SARLC,,,,,611426,,N,AAAAA,,O
3,N,GENERAL ITEM,GENERAL ITEM,,PCS,PCS,PCS,L,1,0,0,,,,,,,150,2850,N,2023-01-23 00:00:00.000,2023-02-11 00:00:00.000,,,2017-01-08 00:00:00.000,ROOT,2024-10-14 00:00:00.000,DIVYA,M,0,N,N,1,1,99,,A,,O,N,N,N,,0,,,,,,,N,AAAAA,,O
20577,O,MOUSLINE NATURE 5X13,MOUSLINE NATURE 5X130 O.E,,PCS,CTN,PCS,I,1,0,0,0,0,0,0,0,0,950,,N,,,,7613033287220,2015-05-05 21:46:28.000,KAMAL,2017-01-08 18:14:59.000,KAMAL,M,,N,N,10,1,99,,I,,N,N,N,N,,SARLC,,,,,897447,,N,AAAAA,,O
20578,O,1/2 RAVIOLI BOEUF (9,1/2 RAVIOLI BOEUF (9+3)PA,,PCS,CTN,PCS,I,1,0,0,0,0,0,0,0,0,,,N,,,,3261052887217,2015-05-05 21:46:28.000,KAMAL,,,M,,N,N,12,1,99,,I,,N,N,N,N,,SARLC,,,,,899062,,N,AAAAA,,O
20579,O,L2 4/4 RAVIOLI BOEUF,L2 4/4 RAVIOLI BOEUF PANZ,,PCS,CTN,PCS,I,1,0,0,0,0,0,0,0,0,,,N,,,,3261055936202,2015-05-05 21:46:28.000,KAMAL,,,M,,N,N,6,1,99,,A,,N,N,N,N,,SARLC,,,,,907725,,N,AAAAA,,O
20580,O,L3X1/10 PATE PUR POR,L3X1/10 PATE PUR PORC HEN,,PCS,CTN,PCS,I,1,0,0,0,0,0,0,0,0,1500,,N,,,,3537580700350,2015-05-05 21:46:28.000,KAMAL,2017-01-08 18:14:59.000,KAMAL,M,,N,N,16,1,99,,A,,N,N,N,N,,SARLC,,,,,958660,,N,AAAAA,,O
20581,O,L.2 4/4 COCKT.FRT S.,L.2 4/4 COCKT.FRT S.MAMET,,PCS,CTN,PCS,I,1,0,0,0,0,0,0,0,0,2450,,N,,,,3080920107390,2015-05-05 21:46:28.000,KAMAL,2017-01-08 18:14:59.000,KAMAL,M,,N,N,6,1,99,,I,,N,N,N,N,,SARLC,,,,,975524,,N,AAAAA,,O
20582,O,B.OLIV.NOIR.DENOY.CO,B.OLIV.NOIR.DENOY.CONFIT*,,PCS,CTN,PCS,I,1,0,0,0,0,0,0,0,0,1750,,N,,,,3499601410412,2015-05-05 21:56:36.000,KAMAL,2017-01-08 18:14:59.000,KAMAL,M,,N,N,12,1,99,,I,,N,N,N,N,,SARLC,,,,,226068,,N,AAAAA,,O
20583,O,BX 72CL POIS EXT-FIN,BX 72CL POIS EXT-FINS B.F,,PCS,CTN,PCS,I,1,0,0,0,0,0,0,0,0,1500,,N,,,,3258561210124,2015-05-05 21:56:36.000,KAMAL,2017-06-12 00:00:00.000,DHARM,M,,N,N,12,1,99,,A,,N,N,N,N,,SARLC,1471.8251,,,,404400,,N,AAAAA,,O
20584,O,TERRINE DE PORC 180,TERRINE DE PORC 180 GARIB,,PCS,CTN,PCS,I,1,0,0,0,0,0,0,0,0,,,N,,,,3340950203012,2015-05-05 21:56:36.000,KAMAL,,,M,,N,N,12,1,99,,I,,N,N,N,N,,SARLC,,,,,530261,,N,AAAAA,,O
4,N,GENERAL ITEM EXO,GENERAL ITEM EXO,,PCS,PCS,PCS,L,1,0,0,,,,,,,1200,7000,N,2019-05-29 00:00:00.000,2019-06-30 00:00:00.000,,,2017-01-08 00:00:00.000,ROOT,2025-12-10 12:06:00.000,MOHIT,M,0,N,N,1,1,99,,A,EXO,O,N,N,N,,0,,,,,,,N,AAAAA,,O
7,N,"GENERAL ITEM 5,25%","GENERAL ITEM 5,25%",,PCS,PCS,PCS,L,1,0,0,,,,,,,,,N,,,,,2017-01-08 00:00:00.000,ROOT,2017-01-09 00:00:00.000,KAMAL,M,0,N,N,1,1,99,,A,2,O,N,N,N,,0,,,,,,,N,AAAAA,,O
20587,O,SAC 4KG CHARBON BOIS,SAC 4KG CHARBON BOIS,,PCS,PCS,PCS,I,1,0,0,0,0,0,0,0,0,6950,,N,,,,3760038540066,2015-05-05 21:59:40.000,KAMAL,,,M,,N,N,1,1,99,,A,,N,N,N,N,,SARLC,,,,,728006,,N,AAAAA,,O
20588,O,LIT ALCOOL A BRULER,LIT ALCOOL A BRULER,,PCS,CTN,PCS,I,1,0,0,0,0,0,0,0,0,2950,,N,,,,3183941146109,2015-05-05 21:59:40.000,KAMAL,2017-01-08 18:14:59.000,KAMAL,M,,N,N,12,1,99,,A,,N,N,N,N,,SARLC,2060.5551,,,,729202,,N,AAAAA,,O
20589,O,BLOCS WC JAVEL X2  H,BLOCS WC JAVEL X2  HARPIC,,PCS,CTN,PCS,I,1,0,0,0,0,0,0,0,0,2950,,N,,,,3059941113000,2015-05-05 21:59:40.000,KAMAL,2017-01-08 18:14:59.000,KAMAL,M,,N,N,6,1,99,,I,,N,N,N,N,,SARLC,,,,,731042,,N,AAAAA,,O
20590,O,BLOC WC NET ENERGY A,BLOC WC NET ENERGY ACTIF,,PCS,CTN,PCS,I,1,0,0,0,0,0,0,0,0,1950,,N,,,,3346027004506,2015-05-05 21:59:40.000,KAMAL,2017-01-08 18:14:59.000,KAMAL,M,,N,N,14,1,99,,A,,N,N,N,N,,SARLC,,,,,731141,,N,AAAAA,,O
20591,O,BRISE AER.EXOTIC VAN,BRISE AER.EXOTIC VANILLE,,PCS,CTN,PCS,I,1,0,0,0,0,0,0,0,0,1950,,N,,,,5000204771923,2015-05-05 21:59:40.000,KAMAL,2017-01-08 18:14:59.000,KAMAL,M,,N,N,6,1,99,,A,,N,N,N,N,,SARLC,2102.6072,,,,733048,,N,AAAAA,,O
20592,O,S.100 DISQUES DEMAQ.,S.100 DISQUES DEMAQ.WINNY,,PCS,CTN,PCS,I,1,0,0,0,0,0,0,0,0,950,,N,,,,5400247011893,2015-05-05 21:59:40.000,KAMAL,2017-01-08 18:14:59.000,KAMAL,M,,N,N,24,1,99,,A,,N,N,N,N,,SARLC,,,,,848721,,N,AAAAA,,O
55005,O,PAINS TOASTES AUX OI,PAINS TOASTES AUX OIGNONS CARA,MELISES POUR FG 100GR,PCS,PCS,PCS,I,1,0,0,0,0,0,0,0,0,3500,,N,,,,3033610030089,2017-02-11 11:41:34.000,KAMAL,,,M,,N,N,1,1,99,,A,,N,N,N,N,,SOFRA,,,,,,,N,AAAAA,,O
55006,O,PAINS TOASTES AU MAI,PAINS TOASTES AU MAIS POIVRE 1,00G,PCS,PCS,PCS,I,1,0,0,0,0,0,0,0,0,3500,2500,O,2018-08-17 00:00:00.000,2018-09-10 00:00:00.000,,3033610030096,2017-02-11 11:41:34.000,KAMAL,2018-08-17 00:00:00.000,RGCML,M,,N,N,1,1,99,,A,,N,N,N,N,,SOFRA,,,,,,,N,AAAAA,,O
55007,O,BLOC DE FOIE GRAS DE,BLOC DE FOIE GRAS DE CANARD OR,IGINE FRANCE POETO ET POIVRE D,PCS,PCS,PCS,I,1,0,0,0,0,0,0,0,0,8950,,N,,,,3033610021445,2017-02-11 11:41:34.000,KAMAL,,,M,,N,N,1,1,99,,A,,N,N,N,N,,SOFRA,,,,,,,N,AAAAA,,O
20598,O,PN THON ENTIER HO 16,PN 160G THON ENTIER HO 1/5,,PCS,CTN,PCS,I,1,0,0,0,0,0,0,0,0,1950,,N,,,,3019081236083,2015-05-05 22:09:27.000,KAMAL,2017-01-08 18:14:59.000,KAMAL,M,,N,N,24,1,99,,A,,N,N,N,N,,PAUL,1892.3465,,,,300001719,,N,AAAAA,,O
20600,O,PN RILLETTES DE THON,PN 125G RILLETTES DE THON 1/6,,PCS,CTN,PCS,I,1,0,0,0,0,0,0,0,0,1950,,N,,,,3019081236250,2015-05-05 22:09:27.000,KAMAL,2017-01-08 18:14:59.000,KAMAL,M,,N,N,12,1,99,,A,,N,N,N,N,,PAUL,,,,,300002318,,N,AAAAA,,O
20601,O,PN RILLETTES SAUMON,PN 1/6 SAUMON RILL SP NM 12X12,5G,PCS,CTN,PCS,I,1,0,0,0,0,0,0,0,0,1950,,N,,,,3019081236267,2015-05-05 22:09:28.000,KAMAL,2017-01-08 18:14:59.000,KAMAL,M,,N,N,12,1,99,,A,,N,N,N,N,,PAUL,,,,,300002321,,N,AAAAA,,O
20602,O,PN THON NATURAL 1/6,PN THON NATURAL 1/6,,PCS,CTN,PCS,I,1,0,0,0,0,0,0,0,0,1500,,N,,,,3019081236342,2015-05-05 22:09:28.000,KAMAL,2017-01-08 18:14:59.000,KAMAL,M,,N,N,48,1,99,,A,,N,N,N,N,,PAUL,,,,,,,N,AAAAA,,O
20603,O,PN THON MX HUILE TOU,PN THON MX HUILE TOURNESOL  1/,4,PCS,CTN,PCS,I,1,0,0,0,0,0,0,0,0,1500,,N,,,,3019086019810,2015-05-05 22:09:28.000,KAMAL,2017-04-10 00:00:00.000,DHARM,M,,N,N,48,1,99,,A,,N,N,N,N,,PAUL,,,,,,,N,AAAAA,,O
21544,O,POMME DE TERRE AGATH,POMME DE TERRE AGATHA CAL 35+,,PCS,CTN,PCS,I,1,0,0,0,0,0,0,0,0,,,N,,,,,2015-05-28 21:27:09.000,KAMAL,,,M,,N,N,12.5,1,99,,I,,N,N,N,N,,OLRON,,,,,58302,,N,AAAAA,,O
21545,O,POMME DE TERRE MARAB,POMME DE TERRE MARABELLEF/2.5K,G CAL 50+,PCS,CTN,PCS,I,1,0,0,0,0,0,0,0,0,,,N,,,,,2015-05-28 21:27:09.000,KAMAL,,,M,,N,N,15,1,99,,I,,N,N,N,N,,OLRON,,,,,58302,,N,AAAAA,,O
21546,O,POMME DE TERRE ANNAB,POMME DE TERRE ANNABELLE F/2.5,KG CAL 40+,PCS,CTN,PCS,I,1,0,0,0,0,0,0,0,0,,,N,,,,,2015-05-28 21:27:09.000,KAMAL,,,M,,N,N,15,1,99,,I,,N,N,N,N,,OLRON,,,,,58302,,N,AAAAA,,O
20890,O,COLORS HOUSSE NOIR P,"COLORS HOUSSE NOIR POUR 10""""",,PCS,PCS,PCS,I,1,0,0,0,0,0,0,0,0,,,N,,,,3303170047491,2015-05-13 20:55:10.000,KAMAL,,,M,,N,N,1,1,99,,A,,N,N,N,N,,T&B,,,,,SLBC10BK,,N,AAAAA,,O
20891,O,COLORS HOUSSE BLEUE,"COLORS HOUSSE BLEUE POUR 13""""",,PCS,PCS,PCS,I,1,0,0,0,0,0,0,0,0,,,N,,,,3303170047477,2015-05-13 20:55:10.000,KAMAL,,,M,,N,N,1,1,99,,A,,N,N,N,N,,T&B,,,,,SLBC13BL,,N,AAAAA,,O
20892,O,CABLE ANTIVOL BLANC,CABLE ANTIVOL BLANC 4 CHIFRES, COMBINAISON,PCS,PCS,PCS,I,1,0,0,0,0,0,0,0,0,19500,,N,,,,3303170043820,2015-05-13 20:55:10.000,KAMAL,2020-12-28 20:16:43.000,MANNU,M,,N,N,1,1,99,,A,,N,N,N,N,,T&B,,,,,MCAV3W,,N,AAAAA,,O
20893,O,CHARGEUR NETBOOK UNI,CHARGEUR NETBOOK UNIVERSAL 40W,,PCS,PCS,PCS,I,1,0,0,0,0,0,0,0,0,35000,,N,,,,3303170062838,2015-05-13 20:55:10.000,KAMAL,,,M,,N,N,1,1,99,,I,,N,N,N,N,,T&B,,,,,CHNBUN140,,N,AAAAA,,O
20894,O,CABLE 2.0 USB-A M/SU,CABLE 2.0 USB-A M/SUB-BM 3M,,PCS,PCS,PCS,I,1,0,0,0,0,0,0,0,0,6500,,N,,,,3303170028308,2015-05-13 20:55:10.000,KAMAL,2017-03-18 00:00:00.000,JIN,M,,N,N,1,1,99,,I,,N,N,N,N,,T&B,,,,,USB2AMBM03,,N,AAAAA,,O
20895,O,CABLE HDMI MALE A DV,CABLE HDMI MALE A DVI MALE 1M8,,PCS,PCS,PCS,I,1,0,0,0,0,0,0,0,0,,,N,,,,3303170034262,2015-05-13 20:55:10.000,KAMAL,,,M,,N,N,1,1,99,,I,,N,N,N,N,,T&B,,,,,CAV1034262,,N,AAAAA,,O
20896,O,ADAPTATERU HDMI-DVHD,ADAPTATERU HDMI-DVHDMI MALE-DV,I FEMELLE,PCS,PCS,PCS,I,1,0,0,0,0,0,0,0,0,12500,,N,,,,3303170037362,2015-05-13 20:55:10.000,KAMAL,2017-04-24 00:00:00.000,JIN,M,,N,N,1,1,99,,A,,N,N,N,N,,T&B,,,,,CIPC034279,,N,AAAAA,,O
20897,O,CABLE DVI MALE/MALE,CABLE DVI MALE/MALE 2 MDUAL LI,NK,PCS,PCS,PCS,I,1,0,0,0,0,0,0,0,0,,,N,,,,3303170034279,2015-05-13 20:55:10.000,KAMAL,2017-01-08 18:15:03.000,KAMAL,M,,N,N,1,1,99,,I,,N,N,N,N,,T&B,,,,,ADIN034446,,N,AAAAA,,O
20898,O,ADAPTATEUR DVI/DBI15,ADAPTATEUR DVI/DBI15VGA HAUTE,DENSITE,PCS,PCS,PCS,I,1,0,0,0,0,0,0,0,0,12500,,N,,,,3303170034446,2015-05-13 20:55:10.000,KAMAL,2017-04-24 00:00:00.000,JIN,M,,N,N,1,1,99,,A,,N,N,N,N,,T&B,,,,,CEAA200,,N,AAAAA,,O
20899,O,CABLE ALIMENTATION A,CABLE ALIMENTATION AUDIO,,PCS,PCS,PCS,I,1,0,0,0,0,0,0,0,0,9600,,N,,,,3303170015896,2015-05-13 20:55:10.000,KAMAL,2017-04-24 00:00:00.000,JIN,M,,N,N,1,1,99,,A,,N,N,N,N,,T&B,,,,,CE1150,,N,AAAAA,,O
20900,O,CABLE SECTEUR 3 POLE,CABLE SECTEUR 3 POLES 3MA 3F O,RDINATEUR,PCS,PCS,PCS,I,1,0,0,0,0,0,0,0,0,6500,,N,,,,3303170015872,2015-05-13 20:55:10.000,KAMAL,,,M,,N,N,1,1,99,,I,,N,N,N,N,,T&B,,,,,CIRJDSGR37874,,N,AAAAA,,O
20901,O,RJ45 STP DROIT 6E GR,RJ45 STP DROIT 6E GRIS 6MMALE-,MALE,PCS,PCS,PCS,I,1,0,0,0,0,0,0,0,0,12500,,N,,,,3303170037874,2015-05-13 20:55:10.000,KAMAL,2024-05-05 00:00:00.000,MANOJ,M,,N,N,1,1,99,,A,,N,N,N,N,,T&B,,,,,CIRJDSGR37881,,N,AAAAA,,O
20902,O,RJ45 STP DROIT 6E GR,RJ45 STP DROIT 6E GRIS 10MMALE,-MALE,PCS,PCS,PCS,I,1,0,0,0,0,0,0,0,0,14500,,N,,,,3303170037881,2015-05-13 20:55:10.000,KAMAL,2017-01-11 00:00:00.000,ROOT,M,,N,N,1,1,99,,A,,N,N,N,N,,T&B,,,,,FADSL01,,N,AAAAA,,O
20903,O,FILTRE ADSL,FILTRE ADSL,,PCS,PCS,PCS,I,1,0,0,0,0,0,0,0,0,6500,,N,,,,3303170028773,2015-05-13 20:55:10.000,KAMAL,2018-01-02 00:00:00.000,RGCML,M,,N,N,1,1,99,,A,,N,N,N,N,,T&B,,,,,CIPCRJPH37331,,N,AAAAA,,O
20973,O,BLISTER ASSORTED OFF,BLISTER ASSORTED OFFICE SET,,PCS,PCS,PCS,I,1,0,0,0,0,0,0,0,0,1250,,N,,,,8411574800644,2015-05-17 15:57:44.000,KAMAL,2017-01-11 00:00:00.000,ROOT,M,,N,N,1,1,99,,I,,N,N,N,N,,MIL,,,,,BYM80064,,N,AAAAA,,O
20974,O, BOX 12 SYNTHETIC RU, BOX 12 SYNTHETIC RUBBER ERASE,R 1012,PCS,PCS,PCS,I,1,0,0,0,0,0,0,0,0,,,N,,,,,2015-05-17 15:57:44.000,KAMAL,,,M,,N,N,1,1,99,,I,,N,N,N,N,,FACTI,,,,,CMM1012,,N,AAAAA,,O
20975,O,BOX 12 SYNTHETIC RUB,BOX 12 SYNTHETIC RUBBER ERASER,S 2412,PCS,PCS,PCS,I,1,0,0,0,0,0,0,0,0,,,N,,,,,2015-05-17 15:57:44.000,KAMAL,,,M,,N,N,1,1,99,,I,,N,N,N,N,,FACTI,,,,,CMM2412,,N,AAAAA,,O
20976,O,BOX 20 SYNTHETIC RUB,BOX 20 SYNTHETIC RUBBER ERASER,4020,PCS,PCS,PCS,I,1,0,0,0,0,0,0,0,0,,,N,,,,,2015-05-17 15:57:44.000,KAMAL,,,M,,N,N,1,1,99,,I,,N,N,N,N,,FACTI,,,,,CMM4020,,N,AAAAA,,O
20977,O, BOX 12 SYNTHETIC RU, BOX 12 SYNTHETIC RUBBER ERASE,R 412,PCS,PCS,PCS,I,1,0,0,0,0,0,0,0,0,,,N,,,,,2015-05-17 15:57:44.000,KAMAL,,,M,,N,N,1,1,99,,I,,N,N,N,N,,FACTI,,,,,CMM412,,N,AAAAA,,O
20978,O,BOX 30 SYNTHETIC RUB,BOX 30 SYNTHETIC RUBBER ERASER,430,PCS,PCS,PCS,I,1,0,0,0,0,0,0,0,0,,,N,,,,,2015-05-17 15:57:44.000,KAMAL,,,M,,N,N,1,1,99,,A,,N,N,N,N,,FACTI,,,,,CMM430,,N,AAAAA,,O
20979,O,BOX 24 SYNTHETIC RUB,BOX 24 SYNTHETIC RUBBER ERASER,4424,PCS,PCS,PCS,I,1,0,0,0,0,0,0,0,0,,,N,,,,,2015-05-17 15:57:44.000,KAMAL,,,M,,N,N,1,1,99,,I,,N,N,N,N,,FACTI,,,,,CMM4424,,N,AAAAA,,O
20980,O,DISPLAY 12 SCHOOL 10,DISPLAY 12 SCHOOL 1012 ERASER,,PCS,PCS,PCS,I,1,0,0,0,0,0,0,0,0,,,N,,,,,2015-05-17 15:57:44.000,KAMAL,,,M,,N,N,1,1,99,,I,,N,N,N,N,,FACTI,,,,,CMMS1012,,N,AAAAA,,O
20981,O,BOX 40 FLEXIBLE SYNT,BOX 40 FLEXIBLE SYNTHETIC RUBB,ER ERASER,PCS,PCS,PCS,I,1,0,0,0,0,0,0,0,0,,,N,,,,,2015-05-17 15:57:44.000,KAMAL,,,M,,N,N,1,1,99,,A,,N,N,N,N,,FACTI,,,,,CNM4840,,N,AAAAA,,O
20982,O,G-2 BUZZ ROLLER ENCR,G-2 BUZZ ROLLER ENCRE GEL NOIR,,PCS,PCS,PCS,I,1,0,0,0,0,0,0,0,0,,,N,,,,4902505463822,2015-05-17 15:58:10.000,KAMAL,,,M,,N,N,1,1,99,,A,,N,N,N,N,,PLT,,,,,BL-G2-7-BZ-B,,N,AAAAA,,O
20983,O,G-2 BUZZ ROLLER ENCR,G-2 BUZZ ROLLER ENCRE ROUGE,,PCS,PCS,PCS,I,1,0,0,0,0,0,0,0,0,,,N,,,,4902505463839,2015-05-17 15:58:10.000,KAMAL,,,M,,N,N,1,1,99,,A,,N,N,N,N,,PLT,,,,,BL-G2-7-BZ-R,,N,AAAAA,,O
20984,O,G-2 BUZZ ROLLER ENCR,G-2 BUZZ ROLLER ENCRE BLUE,,PCS,PCS,PCS,I,1,0,0,0,0,0,0,0,0,,,N,,,,,2015-05-17 15:58:10.000,KAMAL,,,M,,N,N,1,1,99,,I,,N,N,N,N,,PLT,,,,,BL-G2-7-BZ-L,,N,AAAAA,,O
20985,O,G-2 BUZZ ROLLER ENCR,G-2 BUZZ ROLLER ENCRE VERT,,PCS,PCS,PCS,I,1,0,0,0,0,0,0,0,0,,,N,,,,4902505463853,2015-05-17 15:58:10.000,KAMAL,,,M,,N,N,1,1,99,,A,,N,N,N,N,,PLT,,,,,BL-G2-7-BZ-G,,N,AAAAA,,O
20986,O,PRESENTOIR G2 BUZZ,PRESENTOIR G2 BUZZ,,PCS,PCS,PCS,I,1,0,0,0,0,0,0,0,0,,,N,,,,,2015-05-17 15:58:10.000,KAMAL,,,M,,N,N,1,1,99,,I,,N,N,N,N,,PLT,,,,,BL-G2-7BZ-RES,,N,AAAAA,,O
22032,O,GAMA LIQ.25 DOSES RE,GAMA LIQ.25 DOSES REGULAR,,PCS,CTN,PCS,I,1,0,0,0,0,0,0,0,0,,,N,,,,4015600706678,2015-06-02 19:26:58.000,KAMAL,,,M,,N,N,6,1,99,,I,,N,N,N,N,,SARLC,,,,,702225,,N,AAAAA,,O
22033,O,JP CHENET KISS MERLO,JP CHENET KISS MERLOT 25CL,,PCS,CTN,PCS,I,1,0,0,0,0,0,0,0,0,1950,,N,,,,3263280112543,2015-06-02 20:08:53.000,KAMAL,2022-10-06 19:10:48.000,MANOJ,M,,N,N,6,1,99,,A,,N,N,N,N,,GCFW,,,,,669913,,N,AAAAA,,O
22034,O,PINK GRAPEFRUIT 1L,PINK GRAPEFRUIT 1L,,PCS,CTN,PCS,I,1,0,0,0,0,0,0,0,0,1400,,N,,,,3800014283881,2015-06-02 20:58:51.000,KAMAL,2017-01-08 18:15:12.000,KAMAL,M,,N,N,12,1,99,,A,,N,N,N,N,,PHIL,,,,,,,N,AAAAA,,O
22035,O,CACAHUETE GRILLEE A,CACAHUETES GRILLEES A SEC 120G,,PCS,CTN,PCS,I,1,0,0,0,0,0,0,0,0,1500,500,N,2018-08-07 00:00:00.000,2018-08-18 00:00:00.000,,3168930003939,2015-06-02 21:00:20.000,KAMAL,2024-03-12 00:00:00.000,RGCML,M,,N,N,24,1,99,,A,,N,N,N,N,,PIER,1640.0336,,,,,,N,AAAAA,,O
22036,O,PISTACHE GRILLEE A S,PISTACHE GRILLEE A SEC 100G,,PCS,CTN,PCS,I,1,0,0,0,0,0,0,0,0,1950,,N,,,,3168930006329,2015-06-02 21:00:20.000,KAMAL,2017-01-08 18:15:12.000,KAMAL,M,,N,N,24,1,99,,I,,N,N,N,N,,PIER,,,,,,,N,AAAAA,,O
22037,O,CAJOU GRILLE A SEC 1,CAJOU GRILLE A SEC 180G,,PCS,CTN,PCS,I,1,0,0,0,0,0,0,0,0,4950,,N,,,,3168930006343,2015-06-02 21:00:20.000,KAMAL,2017-06-19 19:07:41.000,JACKY,M,,N,N,20,1,99,,A,,N,N,N,N,,PIER,,,,,,,N,AAAAA,,O
22038,O,CACAHUETE GRILLEES S,CACAHUETE GRILLEES SALEES 410G,,PCS,CTN,PCS,I,1,0,0,0,0,0,0,0,0,3950,,N,,,,3168930008217,2015-06-02 21:00:20.000,KAMAL,2017-01-08 18:15:12.000,KAMAL,M,,N,N,24,1,99,,I,,N,N,N,N,,PIER,,,,,,,N,AAAAA,,O
21126,O,COL.VOILE 15D.NOIR T,COL.VOILE 15D.NOIR T2 B.F,,PCS,CTN,PCS,I,1,0,0,0,0,0,0,0,0,,,N,,,,3258561931241,2015-05-21 20:53:38.000,KAMAL,,,M,,N,N,12,1,99,,A,,N,N,N,N,,SARLC,,,,,876466,,N,AAAAA,,O
21127,O,COL.VOIL.15D.SABLE T,COL.VOIL.15D.SABLE T3 B.F,,PCS,CTN,PCS,I,1,0,0,0,0,0,0,0,0,,,N,,,,3258561931302,2015-05-21 20:53:38.000,KAMAL,,,M,,N,N,12,1,99,,A,,N,N,N,N,,SARLC,,,,,876524,,N,AAAAA,,O
21128,O,L.2 ML.FAMILIAL 250G,L.2 ML.FAMILIAL 250G  G.M,,PCS,CTN,PCS,I,1,0,0,0,0,0,0,0,0,,,N,,,,7622300462345,2015-05-21 20:53:38.000,KAMAL,,,M,,N,N,6,1,99,,I,,N,N,N,N,,SARLC,,,,,890442,,N,AAAAA,,O
21130,O,L.5+1 1/6 THON NAT.S,L.5+1 1/6 THON NAT.SAUPIQ,,PCS,CTN,PCS,I,1,0,0,0,0,0,0,0,0,,,N,,,,3165951150611,2015-05-21 20:53:38.000,KAMAL,,,M,,N,N,8,1,99,,I,,N,N,N,N,,SARLC,,,,,901462,,N,AAAAA,,O
21131,O,L.4 1/6 THON NAT.PS,L.4 1/6 THON NAT.PS  SAUP,,PCS,CTN,PCS,I,1,0,0,0,0,0,0,0,0,7950,1000,O,2018-01-10 00:00:00.000,2018-02-24 00:00:00.000,,3165950215007,2015-05-21 20:53:38.000,KAMAL,2018-01-10 00:00:00.000,DHARM,M,,N,N,48,1,99,,I,,N,N,N,N,,SARLC,,,,,901884,,N,AAAAA,,O
21132,O,L.3X10D FRESH.2 FRAI,L.3X10D FRESH.2 FRAI/FORT,,PCS,CTN,PCS,I,1,0,0,0,0,0,0,0,0,,,N,,,,3538280844047,2015-05-21 20:53:38.000,KAMAL,,,M,,N,N,30,1,99,,I,,N,N,N,N,,SARLC,,,,,936120,,N,AAAAA,,O
21133,O,L.3X10D FRESH.2 VERT,L.3X10D FRESH.2 VERT/CHLO,,PCS,CTN,PCS,I,1,0,0,0,0,0,0,0,0,2950,,N,,,,3538280844054,2015-05-21 20:53:38.000,KAMAL,2017-11-15 00:00:00.000,DHARM,M,,N,N,30,1,99,,I,,N,N,N,N,,SARLC,,,,,936146,,N,AAAAA,,O
21134,O,BRISE BOUGIE DOUCEU.,BRISE BOUGIE DOUCEU.HIVET,,PCS,CTN,PCS,I,1,0,0,0,0,0,0,0,0,,,N,,,,5000204770827,2015-05-21 20:53:38.000,KAMAL,,,M,,N,N,6,1,99,,I,,N,N,N,N,,SARLC,,,,,990945,,N,AAAAA,,O
21135,O,BRISE BOUGIE FRUIT R,BRISE BOUGIE FRUIT ROUGE,,PCS,CTN,PCS,I,1,0,0,0,0,0,0,0,0,,,N,,,,5000204770919,2015-05-21 20:53:38.000,KAMAL,,,M,,N,N,6,1,99,,I,,N,N,N,N,,SARLC,,,,,990960,,N,AAAAA,,O
21136,O,BRISE BOUGIE CHALEUR,BRISE BOUGIE CHALEUR EPIC,,PCS,CTN,PCS,I,1,0,0,0,0,0,0,0,0,,,N,,,,5000204721591,2015-05-21 20:53:38.000,KAMAL,,,M,,N,N,6,1,99,,I,,N,N,N,N,,SARLC,,,,,991000,,N,AAAAA,,O
21137,O,JAMBON 1/6 VRAC X40,JAMBON 1/6 VRAC X40,,PCS,CTN,PCS,I,1,0,0,0,0,0,0,0,0,,,N,,,,,2015-05-22 21:38:21.000,KAMAL,,,M,,N,N,40,1,99,,A,,N,N,N,N,,JFC,,,,,JF1410,,N,AAAAA,,O
21138,O,ABATS DE BOEUF 1/6 X,ABATS DE BOEUF 1/6 X40,,PCS,CTN,PCS,I,1,0,0,0,0,0,0,0,0,600,,N,,,,3434350006813,2015-05-22 21:38:21.000,KAMAL,2025-01-16 00:00:00.000,RGCML,M,,N,N,40,1,99,,A,,N,N,N,N,,JFC,,,,,JF1742,,N,AAAAA,,O
21139,O,SOS EXPRESS ROUILLE,SOS EXPRESS ROUILLE 100ML,,PCS,CTN,PCS,I,1,0,0,0,0,0,0,0,0,2250,,N,,,,3152210000961,2015-05-23 16:55:45.000,KAMAL,2017-01-08 18:15:05.000,KAMAL,M,,N,N,12,1,99,,I,,N,N,N,N,,PIER,,,,,,,N,AAAAA,,O
21140,O,DETACHEUR AVANT LAVA,DETACHEUR AVANT LAVAGE PISTOLE,T 500ML,PCS,CTN,PCS,I,1,0,0,0,0,0,0,0,0,2950,,N,,,,3152210004204,2015-05-23 16:55:45.000,KAMAL,2019-03-31 14:59:32.000,KAMAL,M,,N,N,12,1,99,,A,,N,N,N,N,,PIER,,,,,,,N,AAAAA,,O
21141,O,DETACHEUR AVANT LAVA,DETACHEUR AVANT LAVAGE PISTOLE,T 500ML + 50% GRATUIT,PCS,CTN,PCS,I,1,0,0,0,0,0,0,0,0,,,N,,,,3152210004303,2015-05-23 16:55:45.000,KAMAL,,,M,,N,N,10,1,99,,I,,N,N,N,N,,PIER,,,,,,,N,AAAAA,,O
21142,O,DETACHEUR OXYGEN ACT,DETACHEUR OXYGEN ACTIF 1.33L,,PCS,CTN,PCS,I,1,0,0,0,0,0,0,0,0,5950,,N,,,,3152210004525,2015-05-23 16:55:45.000,KAMAL,2017-01-08 18:15:05.000,KAMAL,M,,N,N,12,1,99,,I,,N,N,N,N,,PIER,,,,,,,N,AAAAA,,O
21143,O,NEUTRAKAL DETARTRANT,NEUTRAKAL DETARTRANT MACHINE 3, EN 1 (BOITE DE 75G),PCS,CTN,PCS,I,1,0,0,0,0,0,0,0,0,4250,,N,,,,3152210009667,2015-05-23 16:55:45.000,KAMAL,2017-10-09 00:00:00.000,GIRIS,M,,N,N,6,1,99,,I,,N,N,N,N,,PIER,,,,,,,N,AAAAA,,O
21144,O,DETACHEUR EXPERT COU,DETACHEUR EXPERT COULEURS GEL,750ML,PCS,CTN,PCS,I,1,0,0,0,0,0,0,0,0,,,N,,,,3152210008769,2015-05-23 16:55:45.000,KAMAL,,,M,,N,N,8,1,99,,I,,N,N,N,N,,PIER,,,,,,,N,AAAAA,,O
21145,O,DETACHEUR EXPERT COU,DETACHEUR EXPERT COULEURS POUD,RE,PCS,CTN,PCS,I,1,0,0,0,0,0,0,0,0,3500,,N,,,,3152210008752,2015-05-23 16:55:45.000,KAMAL,2017-01-08 18:15:05.000,KAMAL,M,,N,N,8,1,99,,I,,N,N,N,N,,PIER,,,,,,,N,AAAAA,,O
19610,O,X100 PUNAISES 3 POIN,X100 PUNAISES 3 POINTES,,PCS,PCS,PCS,I,1,0,0,0,0,0,0,0,0,1950,,N,,,,3154140315016,2015-04-08 21:26:33.000,KAMAL,2016-03-09 20:40:05.000,KAMAL,M,,N,N,1,1,99,,A,,N,N,N,N,,ODP,,,,,540256/FR031501-2,,N,AAAAA,,O
19611,O,X125AS INDEX FLECHE,X125AS INDEX FLECHE NEON 45X12,,PCS,PCS,PCS,I,1,0,0,0,0,0,0,0,0,,,N,,,,,2015-04-08 21:26:33.000,KAMAL,,,M,,N,N,1,1,99,,I,,N,N,N,N,,ODP,,,,,1421126,,N,AAAAA,,O
19612,O,X500 ENV. DL AD 110X,X500 ENV. DL AD 110X220 80G,,PCS,PQT,PCS,I,1,0,0,0,0,0,0,0,0,,,N,,,,3250650075027,2015-04-08 21:26:33.000,KAMAL,2017-02-03 00:00:00.000,KAMAL,M,,N,N,25,1,99,,I,,N,N,N,N,,ODP,,,,,819005,,N,AAAAA,,O
19613,O,X500 BL ENV. 114X162,X500 BL ENV. 114X162 AA 80G,,PCS,PCS,PCS,I,1,0,0,0,0,0,0,0,0,,,N,,,,,2015-04-08 21:26:33.000,KAMAL,,,M,,N,N,1,1,99,,I,,N,N,N,N,,ODP,,,,,819019,,N,AAAAA,,O
19614,O,500 OD PC5B 90G 229X,500 OD PC5B 90G 229X162 AD,,PCS,PCS,PCS,I,1,0,0,0,0,0,0,0,0,,,N,,,,,2015-04-08 21:26:33.000,KAMAL,,,M,,N,N,1,1,99,,A,,N,N,N,N,,ODP,,,,,2046471,,N,AAAAA,,O
19615,O,PK250 ENV. POCH AD C,PK250 ENV. POCH AD C4 90G OD,,PCS,PCS,PCS,I,1,0,0,0,0,0,0,0,0,,,N,,,,,2015-04-08 21:26:33.000,KAMAL,,,M,,N,N,1,1,99,,I,,N,N,N,N,,ODP,,,,,2959340,,N,AAAAA,,O
19616,O,CLASS LEVIER 175X29,CLASS LEVIER 175X29 D7,,PCS,PCS,PCS,I,1,0,0,0,0,0,0,0,0,,,N,,,,3130630531111,2015-04-08 21:26:33.000,KAMAL,,,M,,N,N,1,1,99,,A,,N,N,N,N,,ODP,,,,,813044,,N,AAAAA,,O
19617,O,PK100 OD SACSOUF AR1,PK100 OD SACSOUF AR130G 340X46,5,PCS,CTN,PCS,I,1,0,0,0,0,0,0,0,0,,,N,,,,8717868033249,2015-04-08 21:26:33.000,KAMAL,2017-08-23 00:00:00.000,KAMAL,M,,N,N,100,1,99,,I,,N,N,N,N,,ODP,,,,,2105213,,N,AAAAA,,O
19618,O,PK10 LAMES 9MM OD,PK10 LAMES 9MM OD,,PCS,PCS,PCS,I,1,0,0,0,0,0,0,0,0,,,N,,,,,2015-04-08 21:26:33.000,KAMAL,,,M,,N,N,1,1,99,,A,,N,N,N,N,,ODP,,,,,5619996,,N,AAAAA,,O
19619,O,W11C DESTR. COUPE CR,W11C DESTR. COUPE CROISEE 230V, EU,PCS,PCS,PCS,I,1,0,0,0,0,0,0,0,0,,,N,,,,50043859621144,2015-04-08 21:41:55.000,KAMAL,,,M,,N,N,1,1,99,,I,,N,N,N,N,,FWS,,,,,3452601,,N,AAAAA,,O
19620,O,P-33 DESTRUCTEUR DE,P-33 DESTRUCTEUR DE DOC 230V E,U,PCS,PCS,PCS,I,1,0,0,0,0,0,0,0,0,,,N,,,,,2015-04-08 21:41:55.000,KAMAL,2017-01-08 18:14:50.000,KAMAL,M,,N,N,1,1,99,,I,,N,N,N,N,,FWS,,,,,3231101,,N,AAAAA,,O
19621,O,PERFORELIEUR FELLOWE,PERFORELIEUR FELLOWES ORION-E,EU,PCS,PCS,PCS,I,1,0,0,0,0,0,0,0,0,,,N,,,,50043859620086,2015-04-08 21:41:55.000,KAMAL,,,M,,N,N,1,1,99,,A,,N,N,N,N,,FWS,,,,,5642701,,N,AAAAA,,O
19622,O,DELTA COUVERTURES A4,DELTA COUVERTURES A4 BLEU CLAI,R X 100,PCS,PCS,PCS,I,1,0,0,0,0,0,0,0,0,,,N,,,,,2015-04-08 21:41:55.000,KAMAL,,,M,,N,N,1,1,99,,A,,N,N,N,N,,FWS,,,,,5371403,,N,AAAAA,,O
19623,O,DELTA COUVERTURES A4,DELTA COUVERTURES A4 VERT FONC,E (FSC),PCS,PCS,PCS,I,1,0,0,0,0,0,0,0,0,,,N,,,,10077511537155,2015-04-08 21:41:55.000,KAMAL,,,M,,N,N,1,1,99,,I,,N,N,N,N,,FWS,,,,,5371503,,N,AAAAA,,O
19625,O,ETUI 12 RECHARGES ST,ETUI 12 RECHARGES STYLO BLEU,,PCS,PCS,PCS,I,1,0,0,0,0,0,0,0,0,,,N,,,,,2015-04-08 21:41:55.000,KAMAL,,,M,,N,N,1,1,99,,I,,N,N,N,N,,FWS,,,,,910301,,N,AAAAA,,O
19627,O,14IN W FILTRE PRIVAS,14IN W FILTRE PRIVASCREEN,,PCS,PCS,PCS,I,1,0,0,0,0,0,0,0,0,29500,,N,,,,43859688289,2015-04-08 21:41:55.000,KAMAL,2018-01-02 00:00:00.000,RGCML,M,,N,N,1,1,99,,A,,N,N,N,N,,FWS,,,,,4812001,,N,AAAAA,,O
19628,O,15.6IN W FILTRE PRIV,15.6IN W FILTRE PRIVASCREEN,,PCS,PCS,PCS,I,1,0,0,0,0,0,0,0,0,,,N,,,,,2015-04-08 21:41:55.000,KAMAL,,,M,,N,N,1,1,99,,I,,N,N,N,N,,FWS,,,,,4802001,,N,AAAAA,,O
21547,O,DATTES BARQUETTES 50,DATTES BARQUETTES 500G,,PCS,CTN,PCS,I,1,0,0,0,0,0,0,0,0,,,N,,,,,2015-05-28 21:27:09.000,KAMAL,,,M,,N,N,12,1,99,,A,,N,N,N,N,,OLRON,,,,,58313782,,N,AAAAA,,O
21548,O,FIGUES SECHES BARQUE,FIGUES SECHES BARQUETTES 500G,,PCS,CTN,PCS,I,1,0,0,0,0,0,0,0,0,,,N,,,,,2015-05-28 21:27:09.000,KAMAL,,,M,,N,N,24,1,99,,I,,N,N,N,N,,OLRON,,,,,583005410,,N,AAAAA,,O
20537,O,4/4 LEGUM. COUSCOUS,4/4 LEGUM. COUSCOUS DAUCY,,PCS,CTN,PCS,I,1,0,0,0,0,0,0,0,0,2650,950,O,2019-11-08 00:00:00.000,2019-11-30 00:00:00.000,,3017800006481,2015-05-05 21:46:27.000,KAMAL,2019-11-08 00:00:00.000,RGCML,M,,N,N,12,1,99,,A,,N,N,N,N,,SARLC,,,,,417964,,N,AAAAA,,O
20538,O,1/2 MACEDOINE LEGUME,1/2 MACEDOINE LEGUMES B.F,,PCS,CTN,PCS,I,1,0,0,0,0,0,0,0,0,850,,N,,,,3258561210681,2015-05-05 21:46:27.000,KAMAL,2017-01-08 18:14:58.000,KAMAL,M,,N,N,12,1,99,,A,,N,N,N,N,,SARLC,841.0429,,,,454207,,N,AAAAA,,O
20539,O,1/2 POIS X-F.CAROTTE,1/2 POIS X-F.CAROTTES B.F,,PCS,CTN,PCS,I,1,0,0,0,0,0,0,0,0,850,,N,,,,3258561210230,2015-05-05 21:46:27.000,KAMAL,2017-01-08 18:14:58.000,KAMAL,M,,N,N,12,1,99,,A,,N,N,N,N,,SARLC,841.0429,,,,470203,,N,AAAAA,,O
20540,O,1/2 POIS T-FINS CARO,1/2 POIS T-FINS CAROT.B.F,,PCS,CTN,PCS,I,1,0,0,0,0,0,0,0,0,850,,N,,,,3258561210360,2015-05-05 21:46:27.000,KAMAL,2017-01-08 18:14:58.000,KAMAL,M,,N,N,12,1,99,,A,,N,N,N,N,,SARLC,841.0429,,,,470401,,N,AAAAA,,O
20541,O,4/4 FLAGEOLET X-FIN,4/4 FLAGEOLET X-FIN DAUCY,,PCS,CTN,PCS,I,1,0,0,0,0,0,0,0,0,2650,,N,,,,3017800007761,2015-05-05 21:46:27.000,KAMAL,2017-01-08 18:14:58.000,KAMAL,M,,N,N,12,1,99,,A,,N,N,N,N,,SARLC,,,,,476366,,N,AAAAA,,O
20542,O,1/2 HARICOT ROUGE OF,1/2 HARICOT ROUGE O.F B.F,,PCS,CTN,PCS,I,1,0,0,0,0,0,0,0,0,1000,,N,,,,3258561211275,2015-05-05 21:46:27.000,KAMAL,2022-05-02 08:47:26.000,KAMAL,M,,N,N,12,1,99,,A,,N,N,N,N,,SARLC,841.0429,,,,480608,,N,AAAAA,,O
20543,O,1/2 COEUR PALMIER GT,1/2 COEUR PALMIER GT VERT,,PCS,CTN,PCS,I,1,0,0,0,0,0,0,0,0,3950,,N,,,,3254473047001,2015-05-05 21:46:27.000,KAMAL,2017-01-08 18:14:58.000,KAMAL,M,,N,N,12,1,99,,A,,N,N,N,N,,SARLC,,,,,495408,,N,AAAAA,,O
20544,O,BOCAL PATE HENAFF 18,BOCAL PATE HENAFF 180G,,PCS,CTN,PCS,I,1,0,0,0,0,0,0,0,0,3750,,N,,,,3537580705027,2015-05-05 21:46:27.000,KAMAL,2017-01-08 18:14:58.000,KAMAL,M,,N,N,12,1,99,,A,,N,N,N,N,,SARLC,,,,,529560,,N,AAAAA,,O
20545,O,TERRINE CAMPAGNE 200,TERRINE CAMPAGNE 200G W.S,,PCS,CTN,PCS,I,1,0,0,0,0,0,0,0,0,,,N,,,,3261055935991,2015-05-05 21:46:27.000,KAMAL,,,M,,N,N,8,1,99,,I,,N,N,N,N,,SARLC,,,,,529925,,N,AAAAA,,O
20546,O,TERRINE SANGLIER 180,TERRINE SANGLIER 180G DBF,,PCS,CTN,PCS,I,1,0,0,0,0,0,0,0,0,1500,,N,,,,3258563230137,2015-05-05 21:46:27.000,KAMAL,2022-05-02 08:47:26.000,KAMAL,M,,N,N,6,1,99,,A,,N,N,N,N,,SARLC,1261.5643,,,,530444,,N,AAAAA,,O
20547,O,CONFIT CANARD 4-5 CU,CONFIT CANARD 4-5 CUISSES,,PCS,CTN,PCS,I,1,0,0,0,0,0,0,0,0,12950,,N,,,,3760006755188,2015-05-05 21:46:27.000,KAMAL,2017-01-08 18:14:58.000,KAMAL,M,,N,N,4,1,99,,I,,N,N,N,N,,SARLC,,,,,531400,,N,AAAAA,,O
20548,O,CONFIT CANARD 4/5CUI,CONFIT CANARD 4/5CUIS.LAR,,PCS,CTN,PCS,I,1,0,0,0,0,0,0,0,0,15950,,N,,,,3432770021553,2015-05-05 21:46:27.000,KAMAL,2017-01-08 18:14:58.000,KAMAL,M,,N,N,6,1,99,,I,,N,N,N,N,,SARLC,,,,,531509,,N,AAAAA,,O
20549,O,ETUI TABOULE 360G ZA,ETUI TABOULE 360G ZAPETTI,,PCS,CTN,PCS,I,1,0,0,0,0,0,0,0,0,2500,,N,,,,3021690011364,2015-05-05 21:46:27.000,KAMAL,2017-01-08 18:14:58.000,KAMAL,M,,N,N,10,1,99,,I,,N,N,N,N,,SARLC,,,,,538702,,N,AAAAA,,O
20550,O,S.4KG CROQ.BF/LEG/CE,S.4KG CROQ.BF/LEG.CHIEN *,,PCS,CTN,PCS,I,1,0,0,0,0,0,0,0,0,4950,,N,,,,3037645004602,2015-05-05 21:46:27.000,KAMAL,2022-05-02 08:47:27.000,KAMAL,M,,N,N,4,1,99,,A,,N,N,N,N,,SARLC,5004.2052,,,,559427,,N,AAAAA,,O
68213,O,COTE D'OR DEGUSTATIO,COTE D'OR DEGUSTATION NOIRE OR,ANGE 100G,PCS,CTN,PCS,I,1,0,0,0,0,0,0,0,0,3250,,N,,,,7622400006753,2018-03-01 11:43:38.000,KAMAL,2025-06-30 19:50:42.000,JT,M,,N,N,20,1,99,,A,,N,N,N,N,,AIBC,,,,,,,N,AAAAA,,O
68229,O,NBC BAR_SOP LMN&OIL,NBC BAR_SOP LMN&OIL 100G BOX,,PCS,CTN,PCS,I,1,0,0,0,0,0,0,0,0,750,,N,,,,4005808110872,2018-03-01 12:21:50.000,KAMAL,2018-04-15 00:00:00.000,KAMAL,M,,N,N,36,1,99,,A,,N,N,N,N,,NIVEA,,,,,80698-02000-52,,N,AAAAA,,O
20553,O,BQ.300 CHIEN BOEUF W,BQ.300 CHIEN BOEUF WINNY*,,PCS,CTN,PCS,I,1,0,0,0,0,0,0,0,0,,,N,,,,5400247015075,2015-05-05 21:46:27.000,KAMAL,,,M,,N,N,18,1,99,,I,,N,N,N,N,,SARLC,,,,,571901,,N,AAAAA,,O
20554,O,BQ.300 CHIEN VOLAIL.,BQ.300 CHIEN VOLAIL.WINNY,,PCS,CTN,PCS,I,1,0,0,0,0,0,0,0,0,,,N,,,,5400247020147,2015-05-05 21:46:27.000,KAMAL,,,M,,N,N,18,1,99,,A,,N,N,N,N,,SARLC,,,,,571943,,N,AAAAA,,O
20555,O,FIDO BIEN ETRE BOEUF,FIDO BIEN ETRE BOEUF 1KG5,,PCS,CTN,PCS,I,1,0,0,0,0,0,0,0,0,3950,,N,,,,7613032452506,2015-05-05 21:46:27.000,KAMAL,2017-01-08 18:14:59.000,KAMAL,M,,N,N,6,1,99,,A,,N,N,N,N,,SARLC,,,,,572529,,N,AAAAA,,O
68230,O,NBC BAR_SOP HNY&OIL,NBC BAR_SOP HNY&OIL 100G BOX,,PCS,CTN,PCS,I,1,0,0,0,0,0,0,0,0,750,,N,,,,4005808135356,2018-03-01 12:21:50.000,KAMAL,2018-04-15 00:00:00.000,KAMAL,M,,N,N,36,1,99,,A,,N,N,N,N,,NIVEA,,,,,80665-02110-50,,N,AAAAA,,O
20557,O,PEDIGREE PETIT CHIEN,S.2KG PEDIGREE VOLAILLE,,PCS,CTN,PCS,I,1,0,0,0,0,0,0,0,0,10500,2950,N,2020-07-14 00:00:00.000,2020-08-02 00:00:00.000,,3065890041271,2015-05-05 21:46:27.000,KAMAL,2021-06-25 00:00:00.000,RGCML,M,,N,N,6,1,99,,A,,N,N,N,N,,SARLC,,,,,572784,,N,AAAAA,,O
20559,O,LEFFE BLONDE 6Â°6 50C,LEFFE BLONDE 6Â°6 50CL,,PCS,CTN,PCS,I,1,0,0,0,0,0,0,0,0,2450,,N,,,,5410228174073,2015-05-05 21:46:27.000,KAMAL,2022-06-29 00:00:00.000,GIRIS,M,,N,N,24,1,99,,A,,N,N,N,N,,SARLC,,,,,595181,,N,AAAAA,,O
20560,O,BTE 50CL HOEGAARDEN,BTE 50CL HOEGAARDEN 4Â°9,,PCS,CTN,PCS,I,1,0,0,0,0,0,0,0,0,1750,,N,,,,5410228169604,2015-05-05 21:46:27.000,KAMAL,2023-09-07 19:26:11.000,MANOJ,M,,N,N,24,1,99,,A,,N,N,N,N,,SARLC,,,,,595249,,N,AAAAA,,O
20561,O,LOT-6BTES SCHWEPPES,LOT-6BTES SCHWEPPES 33CLTONIC,,PCS,CTN,PCS,I,1,0,0,0,0,0,0,0,0,750,,N,,,,3124480001214,2015-05-05 21:46:27.000,KAMAL,2016-07-16 15:29:24.000,KAMAL,M,,N,N,24,1,99,,A,,N,N,N,N,,SARLC,630.7822,,,,600544,,N,AAAAA,,O
20562,O,PACK4X50CL TONIC B.F,PACK 4X50CL TONIC     B.F,,PCS,CTN,PCS,I,1,0,0,0,0,0,0,0,0,650,,N,,,,3258561300986,2015-05-05 21:46:27.000,KAMAL,2024-02-11 00:00:00.000,RGCML,M,,N,N,24,1,99,,A,,N,N,N,N,,SARLC,,,,,603746,,N,AAAAA,,O
21505,O,2 EPONGES GRATTANTES,2 EPONGES GRATTANTES SURF,,PCS,CTN,PCS,I,1,0,0,0,0,0,0,0,0,600,,N,,,,3142761450018,2015-05-28 12:31:31.000,KAMAL,2017-01-08 18:15:08.000,KAMAL,M,,N,N,12,1,99,,A,,N,N,N,N,,ROZBL,,,,,145001,,N,AAAAA,,O
21506,O,SERPILLERE 3 COULEUR,SERPILLERE 3 COULEURES STD,,PCS,CTN,PCS,I,1,0,0,0,0,0,0,0,0,1950,,N,,,,314276700029,2015-05-28 12:31:31.000,KAMAL,2016-02-10 22:17:30.000,KAMAL,M,,N,N,25,1,99,,A,,N,N,N,N,,ROZBL,,,,,700029,,N,AAAAA,,O
21507,O,GANT MENAGE MULTIUSA,GANT MENAGE MULTIUSAGE T6,,PCS,CTN,PCS,I,1,0,0,0,0,0,0,0,0,850,,N,,,,3142761055060,2015-05-28 12:31:31.000,KAMAL,2017-01-08 18:15:08.000,KAMAL,M,,N,N,25,1,99,,A,,N,N,N,N,,ROZBL,,,,,105506,,N,AAAAA,,O
21508,O,GT THE PROTECTION JA,GT THE PROTECTION JAVEL T7,,PCS,CTN,PCS,I,1,0,0,0,0,0,0,0,0,,,N,,,,13142751055845,2015-05-28 12:31:31.000,KAMAL,2016-01-11 11:02:59.000,KAMAL,M,,N,N,25,1,99,,A,,N,N,N,N,,ROZBL,,,,,105584,,N,AAAAA,,O
21509,O,BOITE 100 GANTS NITR,BOITE 100 GANTS NITRILE T7,,PCS,CTN,PCS,I,1,0,0,0,0,0,0,0,0,,,N,,,,,2015-05-28 12:31:31.000,KAMAL,,,M,,N,N,10,1,99,,A,,N,N,N,N,,ROZBL,,,,,125000,,N,AAAAA,,O
21510,O,BOITE 100 GANTS NITR,BOITE 100 GANTS NITRILE T8,,PCS,CTN,PCS,I,1,0,0,0,0,0,0,0,0,8000,,N,,,,3142761250014,2015-05-28 12:31:31.000,KAMAL,2016-07-31 00:00:00.000,,M,,N,N,10,1,99,,A,,N,N,N,N,,ROZBL,,,,,125001,,N,AAAAA,,O
21511,O,BOUILOTTE 1.64L,BOUILOTTE 1.64L,,PCS,CTN,PCS,I,1,0,0,0,0,0,0,0,0,,,N,,,,13142762910266,2015-05-28 12:31:31.000,KAMAL,2016-01-11 11:02:59.000,KAMAL,M,,N,N,20,1,99,,I,,N,N,N,N,,ROZBL,,,,,291026,,N,AAAAA,,O
170195,O,IPHONE 15 PRO 1TB (E,IPHONE 15 PRO 1TB (ESIM) TRA -, NATURAL TITANIUM,PCS,PCS,PCS,I,1,0,0,0,0,0,0,0,0,1950000,,N,,,,,2024-01-25 20:57:25.000,MANOJ,,,M,,N,N,1,1,,,A,,N,N,N,N,,AIRP,,,,,,,N,AAAAA,,O
22039,O,LAYS ANC SEL 145G,LAY'S A L'ANCIENNE NATURE 145G,R,PCS,CTN,PCS,I,1,0,0,0,0,0,0,0,0,1750,,N,,,,3168930003366,2015-06-02 21:00:20.000,KAMAL,2024-02-10 18:59:57.000,MANOJ,M,,N,N,20,1,99,,A,,N,N,N,N,,PIER,1766.1901,,,,,,N,AAAAA,,O
22040,O,LAYS AROMATISES MULT,LAYS AROMATISES MULTIPACK 6X27,.5G,PCS,CTN,PCS,I,1,0,0,0,0,0,0,0,0,2950,,N,,,,3168930005902,2015-06-02 21:00:20.000,KAMAL,2018-04-16 00:00:00.000,GIRIS,M,,N,N,14,1,99,,A,,N,N,N,N,,PIER,,,,,,,N,AAAAA,,O
22041,O,LAYS DEEP RIDGED BBQ,LAYS DEEP RIDGED BBQ 120G,,PCS,CTN,PCS,I,1,0,0,0,0,0,0,0,0,1950,,N,,,,3168930007562,2015-06-02 21:00:20.000,KAMAL,2017-01-08 18:15:12.000,KAMAL,M,,N,N,12,1,99,,I,,N,N,N,N,,PIER,,,,,,,N,AAAAA,,O
22042,O,LAYS DEEP RIDGED CHI,LAYS DEEP RIDGED CHILI 120G,,PCS,CTN,PCS,I,1,0,0,0,0,0,0,0,0,1950,,N,,,,3168930007579,2015-06-02 21:00:20.000,KAMAL,2017-01-08 18:15:12.000,KAMAL,M,,N,N,12,1,99,,I,,N,N,N,N,,PIER,,,,,,,N,AAAAA,,O
22043,O,LAYS DEEP RIDGED SEL,LAYS DEEP RIDGED SEL 37G,,PCS,CTN,PCS,I,1,0,0,0,0,0,0,0,0,650,,N,,,,3168930007913,2015-06-02 21:00:20.000,KAMAL,2017-01-08 18:15:12.000,KAMAL,M,,N,N,20,1,99,,A,,N,N,N,N,,PIER,,,,,,,N,AAAAA,,O
22044,O,3D CACAHUETES 85G,LAYS 3D  CACAHOUET 85G,,PCS,CTN,PCS,I,1,0,0,0,0,0,0,0,0,1250,,N,,,,3168930001911,2015-06-02 21:00:20.000,KAMAL,2017-01-08 18:15:13.000,KAMAL,M,,N,N,15,1,99,,A,,N,N,N,N,,PIER,,,,,,,N,AAAAA,,O
22045,O,3D KETCHUP 75G,3D KETCHUP 75G,,PCS,CTN,PCS,I,1,0,0,0,0,0,0,0,0,950,,N,,,,3168930007678,2015-06-02 21:00:20.000,KAMAL,2017-01-08 18:15:13.000,KAMAL,M,,N,N,15,1,99,,A,,N,N,N,N,,PIER,,,,,,,N,AAAAA,,O
22046,O,DORITOS DIPPAS SAUCE,SAUCE EPICEE 326G DORITOS,,PCS,CTN,PCS,I,1,0,0,0,0,0,0,0,0,2950,,N,,,,5000328237503,2015-06-02 21:00:20.000,KAMAL,2017-01-08 18:15:13.000,KAMAL,M,,N,N,6,1,99,,A,,N,N,N,N,,OLSP,,,,,,,N,AAAAA,,O
22047,O,JUS TROP ORANGE AP V,JUS TROP ORANGE AP VP 20CL,,PCS,CTN,PCS,I,1,0,0,0,0,0,0,0,0,750,,N,,,,5410188014198,2015-06-02 21:00:20.000,KAMAL,2026-02-05 00:00:00.000,MANOJ,M,,N,N,24,1,99,,A,,N,N,N,N,,PIERS,,,,,,,N,AAAAA,,O
22048,O,JUS TROP ANANAS VP 2,JUS TROP ANANAS VP 20CL,,PCS,CTN,PCS,I,1,0,0,0,0,0,0,0,0,1000,,N,,,,5410188014259,2015-06-02 21:00:20.000,KAMAL,2017-01-08 18:15:13.000,KAMAL,M,,N,N,24,1,99,,A,,N,N,N,N,,PIER,,,,,,,N,AAAAA,,O
22049,O,JUS TROP MULTIVITAMI,JUS TROP MULTIVITAMIN VP 20CL,,PCS,CTN,PCS,I,1,0,0,0,0,0,0,0,0,1500,,N,,,,5410188014273,2015-06-02 21:00:20.000,KAMAL,2017-01-08 18:15:13.000,KAMAL,M,,N,N,24,1,99,,A,,N,N,N,N,,PIER,,,,,,,N,AAAAA,,O
22050,O,JUS TROP POMME VP 20,JUS TROP POMME VP 20CL,,PCS,CTN,PCS,I,1,0,0,0,0,0,0,0,0,1000,,N,,,,5410188014297,2015-06-02 21:00:20.000,KAMAL,2026-02-05 00:00:00.000,MANOJ,M,,N,N,24,1,99,,A,,N,N,N,N,,PIERS,,,,,,,N,AAAAA,,O
22051,O,JUS TROP PAMPL ROSE,JUS TROP PAMPL ROSE VP 20CL,,PCS,CTN,PCS,I,1,0,0,0,0,0,0,0,0,200,,N,,,,5410188014310,2015-06-02 21:00:20.000,KAMAL,2017-01-08 18:15:13.000,KAMAL,M,,N,N,24,1,99,,I,,N,N,N,N,,PIER,,,,,,,N,AAAAA,,O
22052,O,JUS TROP ORANGE SP V,JUS TROP ORANGE SP VP 1L,,PCS,CTN,PCS,I,1,0,0,0,0,0,0,0,0,3250,,N,,,,3051800140028,2015-06-02 21:00:20.000,KAMAL,2017-01-08 18:15:13.000,KAMAL,M,,N,N,12,1,99,,I,,N,N,N,N,,PIER,,,,,,,N,AAAAA,,O
22053,O,JUS TROP ORANGE AP P,JUS TROP ORANGE AP PET 25CL,,PCS,CTN,PCS,I,1,0,0,0,0,0,0,0,0,1250,,N,,,,5410188007091,2015-06-02 21:00:20.000,KAMAL,2026-02-05 00:00:00.000,MANOJ,M,,N,N,12,1,99,,A,,N,N,N,N,,PIERS,,,,,,,N,AAAAA,,O
22054,O,GATORADE ORANGE PET,GATORADE ORANGE PET 500ML,,PCS,CTN,PCS,I,1,0,0,0,0,0,0,0,0,1950,,N,,,,8001160002967,2015-06-02 21:00:20.000,KAMAL,2021-02-17 00:00:00.000,DHARM,M,,N,N,12,1,99,,A,,N,N,N,N,,PIER,,,,,,,N,AAAAA,,O
22055,O,7UP TROPICAL PET 1.5,7UP TROPICAL PET 1.5L,,PCS,CTN,PCS,I,1,0,0,0,0,0,0,0,0,1500,,N,,,,3502110003867,2015-06-02 21:00:20.000,KAMAL,2017-01-08 18:15:13.000,KAMAL,M,,N,N,6,1,99,,I,,N,N,N,N,,PIER,,,,,,,N,AAAAA,,O
20829,O,MARQ. OGIVE TABLEAU,MARQ. OGIVE TABLEAU BLANC 2MM,,PCS,PCS,PCS,I,1,0,0,0,0,0,0,0,0,,,N,,,,,2015-05-13 20:50:29.000,KAMAL,,,M,,N,N,1,1,99,,I,,N,N,N,N,,CAR,,,,,KF26009,,N,AAAAA,,O
20830,O,MARQUEUR PERMANENT O,MARQUEUR PERMANENT OGIVE NOIR,,PCS,PCS,PCS,I,1,0,0,0,0,0,0,0,0,500,,N,,,,5705831260450,2015-05-13 20:50:29.000,KAMAL,2017-01-11 00:00:00.000,ROOT,M,,N,N,1,1,99,,A,,N,N,N,N,,CAR,,,,,KF26045,,N,AAAAA,,O
21957,O,HELLO LAIT CARAMEL B,HELLO LAIT CARAMEL BROWNIE STI,CK 39G,PCS,CTN,PCS,I,1,0,0,0,0,0,0,0,0,,,N,,,,,2015-06-01 20:56:10.000,KAMAL,,,M,,N,N,24,1,99,,I,,N,N,N,N,,SOFRA,,,,,LP422156,,N,AAAAA,,O
21958,O,HELLO NOIR DARK CHOC,HELLO NOIR DARK CHOCOLATE KICK, 39G,PCS,CTN,PCS,I,1,0,0,0,0,0,0,0,0,,,N,,,,,2015-06-01 20:56:10.000,KAMAL,,,M,,N,N,24,1,99,,I,,N,N,N,N,,SOFRA,,,,,LP422536,,N,AAAAA,,O
21959,O,MAXI PLASIR LAIT NOI,MAXI PLASIR LAIT NOISETTES TAB, 220 GRS,PCS,CTN,PCS,I,1,0,0,0,0,0,0,0,0,3950,,N,,,,3046920019859,2015-06-01 20:56:10.000,KAMAL,2017-01-08 18:15:11.000,KAMAL,M,,N,N,14,1,99,,I,,N,N,N,N,,SOFRA,,,,,LP351985,,N,AAAAA,,O
21960,O,MAXI PLAISIR NOIR NO,MAXI PLAISIR NOIR NOISETTE TAB,LETTES 220G,PCS,CTN,PCS,I,1,0,0,0,0,0,0,0,0,,,N,,,,,2015-06-01 20:56:10.000,KAMAL,,,M,,N,N,14,1,99,,I,,N,N,N,N,,SOFRA,,,,,LP351986,,N,AAAAA,,O
21961,O,MAXI PLAISIR LAIR PR,MAXI PLAISIR LAIR PRALINE FOND,ANT TABLETTES 235G,PCS,CTN,PCS,I,1,0,0,0,0,0,0,0,0,,,N,,,,,2015-06-01 20:56:10.000,KAMAL,,,M,,N,N,14,1,99,,A,,N,N,N,N,,SOFRA,,,,,LP351979,,N,AAAAA,,O
21962,O,MAXI PLAISIR NOIR PR,MAXI PLAISIR NOIR PRALINE CARA,MEL 225 GRS,PCS,CTN,PCS,I,1,0,0,0,0,0,0,0,0,3950,,N,,,,3046920022002,2015-06-01 20:56:10.000,KAMAL,2017-01-08 18:15:11.000,KAMAL,M,,N,N,14,1,99,,I,,N,N,N,N,,SOFRA,,,,,LP352201,,N,AAAAA,,O
21963,O,MAXI PLASIR NOIR TRU,MAXI PLASIR NOIR TRUFFE NOIX 2,30G,PCS,CTN,PCS,I,1,0,0,0,0,0,0,0,0,,,N,,,,,2015-06-01 20:56:10.000,KAMAL,,,M,,N,N,14,1,99,,I,,N,N,N,N,,SOFRA,,,,,LP352207,,N,AAAAA,,O
21964,O,CONNAISSEURS SACHET,CONNAISSEURS SACHET AMANDE SAC,HET 100G,PCS,CTN,PCS,I,1,0,0,0,0,0,0,0,0,,,N,,,,,2015-06-01 20:56:10.000,KAMAL,,,M,,N,N,12,1,99,,I,,N,N,N,N,,SOFRA,,,,,LP958844,,N,AAAAA,,O
21965,O,DRAGIBUS BI COOL 40,DRAGIBUS BI COOL 40 GRS X 8 X,30,PCS,CTN,PCS,I,1,0,0,0,0,0,0,0,0,400,200,O,2016-12-26 00:00:00.000,2017-01-31 00:00:00.000,,3103228034820,2015-06-01 20:59:03.000,KAMAL,2017-06-05 00:00:00.000,KAMAL,M,,N,N,240,1,99,,A,,N,N,N,N,,SOFRA,336.4172,,,,HA103482,,N,AAAAA,,O
21966,O,SCHTROUMPFS 30 MINI,SCHTROUMPFS 30 MINI SACHET 40G,X8,PCS,PCS,PCS,I,1,0,0,0,0,0,0,0,0,,,N,,,,,2015-06-01 20:59:03.000,KAMAL,,,M,,N,N,1,1,99,,A,,N,N,N,N,,SOFRA,,,,,HA103045,,N,AAAAA,,O
21967,O,HAPPY COLA 40G X30MI,HAPPY COLA 40G X30MINI SACHETS, X8,PCS,PCS,PCS,I,1,0,0,0,0,0,0,0,0,,,N,,,,,2015-06-01 20:59:03.000,KAMAL,,,M,,N,N,1,1,99,,I,,N,N,N,N,,SOFRA,,,,,HA103048,,N,AAAAA,,O
21968,O,DRAGIBURS POCKET SAC,DRAGIBURS POCKET SACHET 80GR 8,X18,PCS,CTN,PCS,I,1,0,0,0,0,0,0,0,0,750,250,O,2017-05-23 00:00:00.000,2017-06-30 00:00:00.000,,3103228081718,2015-06-01 20:59:03.000,KAMAL,2017-05-23 00:00:00.000,DHARM,M,,N,N,144,1,99,,I,,N,N,N,N,,SOFRA,630.7822,,,,HA108171,,N,AAAAA,,O
21969,O,WORLD MIX CARBOX 250,WORLD MIX CARBOX 250G,,PCS,PCS,PCS,I,1,0,0,0,0,0,0,0,0,,,N,,,,,2015-06-01 20:59:03.000,KAMAL,,,M,,N,N,1,1,99,,A,,N,N,N,N,,SOFRA,,,,,HA103349,,N,AAAAA,,O
21970,O,EXCELENCE NOIR AUX Z,EXCELENCE NOIR AUX ZESTES DE C,ITRON VERT 100G,PCS,CTN,PCS,I,1,0,0,0,0,0,0,0,0,,,N,,,,,2015-06-01 20:59:39.000,KAMAL,,,M,,N,N,20,1,99,,I,,N,N,N,N,,SOFRA,,,,,LP351754,,N,AAAAA,,O
21971,O,MAXI PLAISIR NOIR TR,MAXI PLAISIR NOIR TRUFFEE NOIX, 230G,PCS,CTN,PCS,I,1,0,0,0,0,0,0,0,0,,,N,,,,,2015-06-01 20:59:39.000,KAMAL,,,M,,N,N,14,1,99,,I,,N,N,N,N,,SOFRA,,,,,LP 352207,,N,AAAAA,,O
21972,O,LINDOR ASSORTIS CORN,LINDOR ASSORTIS CORNET 200G,,PCS,CTN,PCS,I,1,0,0,0,0,0,0,0,0,,,N,,,,,2015-06-01 20:59:39.000,KAMAL,,,M,,N,N,10,1,99,,A,,N,N,N,N,,SOFRA,,,,,LP 859724,,N,AAAAA,,O
19629,O,IPAD AIR FILTRE PRIV,IPAD AIR FILTRE PRIVASCREEN,,PCS,PCS,PCS,I,1,0,0,0,0,0,0,0,0,,,N,,,,,2015-04-08 21:41:55.000,KAMAL,,,M,,N,N,1,1,99,,I,,N,N,N,N,,FWS,,,,,4806501,,N,AAAAA,,O
19630,O,VISLSCREEN IPAD AIR,VISLSCREEN IPAD AIR,,PCS,PCS,PCS,I,1,0,0,0,0,0,0,0,0,,,N,,,,,2015-04-08 21:41:55.000,KAMAL,,,M,,N,N,1,1,99,,A,,N,N,N,N,,FWS,,,,,4812201,,N,AAAAA,,O
19631,O,I-SPHERE SUPPORT POU,I-SPHERE SUPPORT POUR TABLETTE,,PCS,PCS,PCS,I,1,0,0,0,0,0,0,0,0,,,N,,,,,2015-04-08 21:41:55.000,KAMAL,,,M,,N,N,1,1,99,,I,,N,N,N,N,,FWS,,,,,9384802,,N,AAAAA,,O
68133,O,VITA JUS COCKTAIL,VITA JUS COCKTAIL,,PCS,CTN,PCS,I,1,0,0,0,0,0,0,0,0,150,,N,,,,85429690039264,2018-02-21 09:27:18.000,JACKY,2025-02-24 00:00:00.000,RGCML,M,,N,N,21,1,99,,A,,N,N,N,N,,LOCAL,,,,,,,N,AAAAA,,O
19633,O,I-SPHERE TRIEUR DE B,I-SPHERE TRIEUR DE BUREAU,,PCS,PCS,PCS,I,1,0,0,0,0,0,0,0,0,15000,,N,,,,,2015-04-08 21:41:55.000,KAMAL,,,M,,N,N,1,1,99,,A,,N,N,N,N,,FWS,,,,,9381402,,N,AAAAA,,O
19634,O,HP LJ ENTRERPRISE 50,HP LJ ENTRERPRISE 500 OLOUR M5,1,PCS,PCS,PCS,I,1,0,0,0,0,0,0,0,0,,,N,,,,886111577040,2015-04-08 21:48:47.000,KAMAL,2020-10-17 16:14:23.000,MANNU,M,,N,N,1,1,99,,A,,N,N,N,N,,HPCAR,,,,,CF082A*DVA,,N,AAAAA,,O
19635,O,BACK UPS 800VA WITH,APC BACK UPS 800VA AVR 230V,,PCS,PCS,PCS,I,1,0,0,0,0,0,0,0,0,125000,,N,,,,731304315179,2015-04-08 21:52:52.000,KAMAL,2016-06-03 20:45:32.000,KAMAL,M,,N,N,1,1,99,,A,,N,N,N,N,,STH,,,,,BX800LI,,N,AAAAA,,O
19636,O,INK CARTRIDGE NO 364,INK CARTRIDGE NO 364XL CYAN,,PCS,PCS,PCS,I,1,0,0,0,0,0,0,0,0,15000,,N,,,,,2015-04-08 21:52:52.000,KAMAL,2017-03-04 00:00:00.000,JIN,M,,N,N,1,1,99,,I,,N,N,N,N,,STH,,,,,CB323EE,,N,AAAAA,,O
19637,O,INK CARTRIDGE NO 364,INK CARTRIDGE NO 364XL MAGENTA,0,PCS,PCS,PCS,I,1,0,0,0,0,0,0,0,0,15000,,N,,,,,2015-04-08 21:52:52.000,KAMAL,2017-03-04 00:00:00.000,JIN,M,,N,N,1,1,99,,I,,N,N,N,N,,STH,,,,,CB324EE,,N,AAAAA,,O
19638,O,INK CARTRIDGE NO 364,INK CARTRIDGE NO 364XL YELLOW,,PCS,PCS,PCS,I,1,0,0,0,0,0,0,0,0,,,N,,,,,2015-04-08 21:52:52.000,KAMAL,,,M,,N,N,1,1,99,,I,,N,N,N,N,,STH,,,,,CB325EE,,N,AAAAA,,O
19639,O,INK CARTRIDGE NO 364,INK CARTRIDGE NO 364 BLACK XL,,PCS,PCS,PCS,I,1,0,0,0,0,0,0,0,0,,,N,,,,,2015-04-08 21:52:52.000,KAMAL,,,M,,N,N,1,1,99,,I,,N,N,N,N,,STH,,,,,CN684EE,,N,AAAAA,,O
19640,O,INK PRINT CARTIRIDGE,INK PRINT CARTIRIDGE TRI-COLOR, 7ML,PCS,PCS,PCS,I,1,0,0,0,0,0,0,0,0,,,N,,,,,2015-04-08 21:52:52.000,KAMAL,,,M,,N,N,1,1,99,,I,,N,N,N,N,,STH,,,,,C8766EE,,N,AAAAA,,O
19641,O,HP 300 TRI-COLOUR IN,HP 300 TRI-COLOUR INK CARTRIDG,E,PCS,PCS,PCS,I,1,0,0,0,0,0,0,0,0,,,N,,,,,2015-04-08 21:52:52.000,KAMAL,,,M,,N,N,1,1,99,,A,,N,N,N,N,,STH,,,,,CC643EE,,N,AAAAA,,O
19646,O,LE CHAT SWNSETIVE SM,"LE CHAT SWNSETIVE SM&AD 1,875L",  X4,PCS,CTN,PCS,I,1,0,0,0,0,0,0,0,0,8950,,N,,,,3178040683327,2015-04-11 12:39:09.000,KAMAL,2017-01-08 18:14:50.000,KAMAL,M,,N,N,4,1,99,,A,,N,N,N,N,,HENKL,,,,,1939540,,N,AAAAA,,O
68134,O,POULET CEDROS 1100G,POULET CEDROS 1100G LP,,PCS,PCS,PCS,I,1,0,0,0,0,0,0,0,0,,,N,,,,5908310346847,2018-02-21 10:54:19.000,KAMAL,2020-07-16 17:59:19.000,MANNU,M,,N,N,1,1,99,,I,,N,N,N,N,,LOCAL,,,,,,,N,AAAAA,,O
68135,O,PROACTIV - FRUIT D'O,PROACTIV - FRUIT D'OR - 225 G,,PCS,PCS,PCS,I,1,0,0,0,0,0,0,0,0,5950,,N,,,,8712100878107,2018-02-21 10:54:19.000,KAMAL,,,M,,N,N,1,1,99,,A,,N,N,N,N,,0,,,,,,,N,AAAAA,,O
19649,O,LE CHAT SENSITIVE ZE,LE CHAT SENSITIVE ZERO 3L  X4,,PCS,CTN,PCS,I,1,0,0,0,0,0,0,0,0,9750,,N,,,,3178040690509,2015-04-11 12:39:09.000,KAMAL,2017-01-08 18:14:50.000,KAMAL,M,,N,N,4,1,99,,I,,N,N,N,N,,HENKL,,,,,1628874,,N,AAAAA,,O
19650,O,LE CHAT ECO-EFFICIAT,LE CHAT ECO-EFFICIATE CB 3L  X,4,PCS,CTN,PCS,I,1,0,0,0,0,0,0,0,0,10950,,N,,,,3178040688773,2015-04-11 12:39:09.000,KAMAL,2017-01-08 18:14:50.000,KAMAL,M,,N,N,4,1,99,,I,,N,N,N,N,,HENKL,,,,,1857871,,N,AAAAA,,O
68136,O,YAOURT NATURE GJ 125,YAOURT NATURE GJ 125G X 6 SOUR,CE DE CALCIUM,PCS,PCS,PCS,I,1,0,0,0,0,0,0,0,0,,,N,,,,,2018-02-21 10:54:19.000,KAMAL,,,M,,N,N,1,1,99,,A,,N,N,N,N,,0,,,,,,,N,AAAAA,,O
68137,O,DANONE ACTIVA YAOURT,DANONE ACTIVA YAOURT 125G X 6,,PCS,PCS,PCS,I,1,0,0,0,0,0,0,0,0,,,N,,,,,2018-02-21 10:54:19.000,KAMAL,,,M,,N,N,1,1,99,,A,,N,N,N,N,,0,,,,,,,N,AAAAA,,O
19786,O,ET.RIZ BASMATI 500GR,ET.RIZ BASMATI 500GR.  BF  X9,,PCS,CTN,PCS,I,1,0,0,0,0,0,0,0,0,1950,,N,,,,3258561120416,2015-04-11 13:43:08.000,KAMAL,2017-01-08 18:14:53.000,KAMAL,M,,N,N,9,1,99,,A,2,N,N,N,N,,SNIW,1219.5122,,,,185769,,N,AAAAA,,O
19787,O,RIZ LONG ETUVE 1KG,RIZ LONG ETUVE 1KG    EP*  X6,,PCS,CTN,PCS,I,1,0,0,0,0,0,0,0,0,,,N,,,,8000483154827,2015-04-11 13:43:08.000,KAMAL,,,M,,N,N,6,1,99,,I,,N,N,N,N,,SNIW,,,,,189324,,N,AAAAA,,O
19788,O,RLX.10 SACS POUBELLE,10 SACS POUBELLE 130L B.F,,PCS,CTN,PCS,I,1,0,0,0,0,0,0,0,0,2500,,N,,,,3258561541839,2015-04-11 13:43:08.000,KAMAL,2022-05-02 08:47:28.000,KAMAL,M,,N,N,18,1,99,,A,,N,N,N,N,,SARLC,2481.0765,,,,750786,,N,AAAAA,,O
19789,O,POLY KG GROS SEL CAM,POLY KG GROS SEL CAMARGUE  X12,,PCS,CTN,PCS,I,1,0,0,0,0,0,0,0,0,950,,N,,,,3183280012103,2015-04-11 13:43:08.000,KAMAL,2017-01-08 18:14:53.000,KAMAL,M,,N,N,12,1,99,,I,,N,N,N,N,,SNIW,,,,,296228,,N,AAAAA,,O
19790,O,MOULIN A SEL 180G BA,MOULIN A SEL 180G BALEINE  X6,,PCS,CTN,PCS,I,1,0,0,0,0,0,0,0,0,1950,,N,,,,3183280008144,2015-04-11 13:43:08.000,KAMAL,2017-01-08 18:14:53.000,KAMAL,M,,N,N,6,1,99,,I,,N,N,N,N,,SNIW,,,,,299065,,N,AAAAA,,O
19791,O,VINAI.FRAMBOIS.25C.D,VINAI.FRAMBOIS.25C.DEL.BF  X6,,PCS,CTN,PCS,I,1,0,0,0,0,0,0,0,0,950,,N,,,,3258563180364,2015-04-11 13:43:08.000,KAMAL,2017-01-08 18:14:53.000,KAMAL,M,,N,N,6,1,99,,I,,N,N,N,N,,SNIW,,,,,310920,,N,AAAAA,,O
19792,O,VINAIGRE VIN 6DG.100,VINAIGRE VIN 6DG.100CL  *  X15,,PCS,CTN,PCS,I,1,0,0,0,0,0,0,0,0,1250,,N,,,,3170592602368,2015-04-11 13:43:08.000,KAMAL,2017-01-08 18:14:53.000,KAMAL,M,,N,N,15,1,99,,A,,N,N,N,N,,SNIW,798.9907,,,,311589,,N,AAAAA,,O
19793,O,VINAIG.BALSAM.25CL.D,VINAIG.BALSAM.25CL.DEL.BF  X6,,PCS,CTN,PCS,I,1,0,0,0,0,0,0,0,0,2950,,N,,,,3258563180333,2015-04-11 13:43:08.000,KAMAL,2017-01-08 18:14:53.000,KAMAL,M,,N,N,6,1,99,,I,,N,N,N,N,,SNIW,,,,,311860,,N,AAAAA,,O
19794,O,PINOT GRIS J.V.SCHUT,PINOT GRIS J.V.SCHUTZ  13  X6,,PCS,CTN,PCS,I,1,0,0,0,0,0,0,0,0,3950,,N,,,,3760039902511,2015-04-11 13:43:08.000,KAMAL,2017-01-08 18:14:53.000,KAMAL,M,,N,N,6,1,99,,I,,N,N,N,N,,SNIW,,,,,622167,,N,AAAAA,,O
19795,O,BORDEAUX BERGER BARO,BORDEAUX BERGER BARON  13  X6,,PCS,CTN,PCS,I,1,0,0,0,0,0,0,0,0,,,N,,,,3262151544759,2015-04-11 13:43:08.000,KAMAL,,,M,,N,N,6,1,99,,A,,N,N,N,N,,SNIW,,,,,622886,,N,AAAAA,,O
19796,O,MUSCADET ROCHE LINIE,MUSCADET ROCHE LINIERE 13  X6,,PCS,CTN,PCS,I,1,0,0,0,0,0,0,0,0,5950,,N,,,,3180280449984,2015-04-11 13:43:08.000,KAMAL,2017-01-08 18:14:53.000,KAMAL,M,,N,N,6,1,99,,I,,N,N,N,N,,SNIW,,,,,625061,,N,AAAAA,,O
19797,O,CT.PROVENCE MONCIGAL,CT.PROVENCE MONCIGALE  13  X6,,PCS,CTN,PCS,I,1,0,0,0,0,0,0,0,0,5950,1950,O,2020-12-08 00:00:00.000,2021-01-31 00:00:00.000,,3262850033028,2015-04-11 13:43:08.000,KAMAL,2020-12-08 00:00:00.000,RGCML,M,,N,N,6,1,99,,A,,N,N,N,N,,SNIW,,,,,627703,,N,AAAAA,,O
19798,O,CT.BERGERAC MOELLEUX,CT.BERGERAC MOELLEUX 75CL  X6,,PCS,CTN,PCS,I,1,0,0,0,0,0,0,0,0,,,N,,,,3760077982919,2015-04-11 13:43:08.000,KAMAL,,,M,,N,N,6,1,99,,I,,N,N,N,N,,SNIW,,,,,630707,,N,AAAAA,,O
19799,O,SAUMUR CHAMPIGNY 201,SAUMUR CHAMPIGNY 2013  BF  X6,,PCS,CTN,PCS,I,1,0,0,0,0,0,0,0,0,5950,,N,,,,3258561330143,2015-04-11 13:43:08.000,KAMAL,2017-01-08 18:14:53.000,KAMAL,M,,N,N,6,1,99,,I,,N,N,N,N,,SNIW,,,,,654483,,N,AAAAA,,O
19800,O,CHABLIS CH C.VAULICH,CHABLIS CH C.VAULICHERE13  X6,,PCS,CTN,PCS,I,1,0,0,0,0,0,0,0,0,14500,,N,,,,3760166769025,2015-04-11 13:43:08.000,KAMAL,2017-01-08 18:14:53.000,KAMAL,M,,N,N,6,1,99,,I,,N,N,N,N,,SNIW,,,,,655480,,N,AAAAA,,O
19801,O,VIN PORTUGAL MATEUS,VIN PORTUGAL MATEUS ROSE  X6,,PCS,CTN,PCS,I,1,0,0,0,0,0,0,0,0,,,N,,,,,2015-04-11 13:43:08.000,KAMAL,2016-01-11 00:00:00.000,KAMAL,M,,N,N,6,1,99,,I,,N,N,N,N,,SNIW,,,,,657445,,N,AAAAA,,O
21512,O,15 SACS POUBELLE NOI,15 SACS POUBELLE NOIRS 35 LITR,ES,PCS,CTN,PCS,I,1,0,0,0,0,0,0,0,0,1250,,N,,,,3142766941009,2015-05-28 12:31:31.000,KAMAL,2018-07-16 00:00:00.000,DHARM,M,,N,N,25,1,99,,A,,N,N,N,N,,ROZBL,1387.7208,,,,R694100,,N,AAAAA,,O
20756,O,DIA CREMA DE MANOS B,DIA CREMA DE MANOS BONTE 150ML,,PCS,CTN,PCS,I,1,0,0,0,0,0,0,0,0,,,N,,,,8480017670380,2015-05-11 22:01:42.000,KAMAL,,,M,,N,N,12,1,99,,I,,N,N,N,N,,DIA12,,,,,67038,,N,AAAAA,,O
20757,O,DIA FILM TRANSPARENT,DIA FILM TRANSPARENTE 10MT,,PCS,CTN,PCS,I,1,0,0,0,0,0,0,0,0,2950,,N,,,,8480017772695,2015-05-11 22:01:42.000,KAMAL,2017-01-08 18:15:02.000,KAMAL,M,,N,N,24,1,99,,A,,N,N,N,N,,DIA12,,,,,77269,,N,AAAAA,,O
20758,O,DIA AMB DEOBARQUETAS,DIA AMB DEOBARQUETAS BMX  PACK,2,PCS,CTN,PCS,I,1,0,0,0,0,0,0,0,0,1450,,N,,,,8480017816283,2015-05-11 22:01:42.000,KAMAL,2017-01-08 18:15:02.000,KAMAL,M,,N,N,9,1,99,,I,,N,N,N,N,,DIA12,,,,,81625,,N,AAAAA,,O
20759,O,DIA ALIMENTO PERRO S,DIA ALIMENTO PERRO SENIO  R3KG,,PCS,CTN,PCS,I,1,0,0,0,0,0,0,0,0,3950,,N,,,,8480017107572,2015-05-11 22:01:42.000,KAMAL,2017-01-08 18:15:02.000,KAMAL,M,,N,N,4,1,99,,I,,N,N,N,N,,DIA12,,,,,102630,,N,AAAAA,,O
20760,O,DIA CREMA DEPILATORI,DIA CREMA DEPILATORIA BONTE 20,0ML,PCS,CTN,PCS,I,1,0,0,0,0,0,0,0,0,,,N,,,,8480017036438,2015-05-11 22:01:42.000,KAMAL,,,M,,N,N,12,1,99,,I,,N,N,N,N,,DIA12,,,,,103856,,N,AAAAA,,O
20761,O,DIA CEREALS CUAD C/M,DIA CEREALS CUAD C/MIEL 500G,,PCS,CTN,PCS,I,1,0,0,0,0,0,0,0,0,2450,,N,,,,8480017038821,2015-05-11 22:01:42.000,KAMAL,2017-01-08 18:15:02.000,KAMAL,M,,N,N,5,1,99,,I,,N,N,N,N,,DIA12,,,,,105427,,N,AAAAA,,O
20762,O,DIA PREPARDO PARA CR,DIA PREPARDO PARA CREPE 190G,,PCS,CTN,PCS,I,1,0,0,0,0,0,0,0,0,,,N,,,,8480017039934,2015-05-11 22:01:42.000,KAMAL,,,M,,N,N,8,1,99,,I,,N,N,N,N,,DIA12,,,,,106037,,N,AAAAA,,O
20763,O,DIA BAYETA CRISTALES,DIA BAYETA CRISTALES PACK 3,,PCS,CTN,PCS,I,1,0,0,0,0,0,0,0,0,2950,,N,,,,8480017044853,2015-05-11 22:01:42.000,KAMAL,2017-01-08 18:15:02.000,KAMAL,M,,N,N,29,1,99,,A,,N,N,N,N,,DIA12,,,,,108509,,N,AAAAA,,O
20764,O,DIA GALLETAS HUESO P,DIA GALLETAS HUESO PERRO AS 50,0G,PCS,CTN,PCS,I,1,0,0,0,0,0,0,0,0,,,N,,,,8480017051998,2015-05-11 22:01:42.000,KAMAL,,,M,,N,N,6,1,99,,I,,N,N,N,N,,DIA12,,,,,112498,,N,AAAAA,,O
20765,O,DIA GEL ALCHOOL ANTI,DIA GEL ALCHOOL ANTISEPT BONTE, 100ML,PCS,CTN,PCS,I,1,0,0,0,0,0,0,0,0,,,N,,,,8480017055545,2015-05-11 22:01:42.000,KAMAL,,,M,,N,N,18,1,99,,I,,N,N,N,N,,DIA12,,,,,114527,,N,AAAAA,,O
20766,O,DIA BANDS DEPIL CERA,DIA BANDS DEPIL CERA FRI BONTE, 20+2,PCS,CTN,PCS,I,1,0,0,0,0,0,0,0,0,1500,950,O,2017-09-21 00:00:00.000,2017-10-27 00:00:00.000,,8480017066848,2015-05-11 22:01:42.000,KAMAL,2017-09-21 00:00:00.000,DHARM,M,,N,N,12,1,99,,I,,N,N,N,N,,DIA12,,,,,120619,,N,AAAAA,,O
20767,O,DIA BANDS DEPILT FAC,DIA BANDS DEPILT FACIALS BONTE, 12+2,PCS,CTN,PCS,I,1,0,0,0,0,0,0,0,0,1950,,N,,,,8480017070272,2015-05-11 22:01:42.000,KAMAL,2017-01-08 18:15:02.000,KAMAL,M,,N,N,12,1,99,,I,,N,N,N,N,,DIA12,,,,,123718,,N,AAAAA,,O
20768,O,DIA CR. PROTEC BEBE,DIA CR. PROTEC BEBE IRRIT 100M,L,PCS,CTN,PCS,I,1,0,0,0,0,0,0,0,0,,,N,,,,8480017072269,2015-05-11 22:01:42.000,KAMAL,,,M,,N,N,12,1,99,,A,,N,N,N,N,,DIA12,,,,,125795,,N,AAAAA,,O
20769,O,DIA REL QUES /PIZZ B,DIA REL QUES /PIZZ BM 60G,,PCS,CTN,PCS,I,1,0,0,0,0,0,0,0,0,950,,N,,,,8480017074614,2015-05-11 22:01:42.000,KAMAL,2017-01-08 18:15:02.000,KAMAL,M,,N,N,16,1,99,,I,,N,N,N,N,,DIA12,,,,,128065,,N,AAAAA,,O
20770,O,DIA PETALOS TRIGO C/,DIA PETALOS TRIGO C/CHOC 375G,,PCS,CTN,PCS,I,1,0,0,0,0,0,0,0,0,2500,,N,,,,8480017087232,2015-05-11 22:01:42.000,KAMAL,2017-01-08 18:15:02.000,KAMAL,M,,N,N,6,1,99,,A,,N,N,N,N,,DIA12,,,,,135897,,N,AAAAA,,O
20771,O,DIA MUESLI 50% FRUTA,DIA MUESLI 50% FRUTA 750G,,PCS,CTN,PCS,I,1,0,0,0,0,0,0,0,0,4950,,N,,,,8480017087256,2015-05-11 22:01:42.000,KAMAL,2017-01-08 18:15:02.000,KAMAL,M,,N,N,10,1,99,,I,,N,N,N,N,,DIA12,,,,,135899,,N,AAAAA,,O
20772,O, DIA BAYETA POSAVAJI, DIA BAYETA POSAVAJILLAS,,PCS,CTN,PCS,I,1,0,0,0,0,0,0,0,0,1950,,N,,,,8480017089618,2015-05-11 22:01:42.000,KAMAL,2017-01-08 18:15:02.000,KAMAL,M,,N,N,25,1,99,,A,,N,N,N,N,,DIA12,,,,,140635,,N,AAAAA,,O
20773,O,DIA CHAMPU NATURAL N,DIA CHAMPU NATURAL NORM BONTE,500ML,PCS,CTN,PCS,I,1,0,0,0,0,0,0,0,0,,,N,,,,8480017093837,2015-05-11 22:01:42.000,KAMAL,,,M,,N,N,15,1,99,,I,,N,N,N,N,,DIA12,,,,,142134,,N,AAAAA,,O
20774,O,DIA CHAMPU NATURAL S,DIA CHAMPU NATURAL SECO BONTE,500ML,PCS,CTN,PCS,I,1,0,0,0,0,0,0,0,0,,,N,,,,8480017093844,2015-05-11 22:01:42.000,KAMAL,,,M,,N,N,15,1,99,,I,,N,N,N,N,,DIA12,,,,,142135,,N,AAAAA,,O
20775,O, DIA CHAMPU NATURAL, DIA CHAMPU NATURAL GRASO BONT,E 500ML,PCS,CTN,PCS,I,1,0,0,0,0,0,0,0,0,,,N,,,,8480017093851,2015-05-11 22:01:42.000,KAMAL,,,M,,N,N,15,1,99,,A,,N,N,N,N,,DIA12,,,,,142136,,N,AAAAA,,O
20776,O,DIA GRAGS CHICL EUCA,DIA GRAGS CHICL EUCALIPT 70UDS,,PCS,CTN,PCS,I,1,0,0,0,0,0,0,0,0,1250,,N,,,,8480017096142,2015-05-11 22:01:42.000,KAMAL,2017-01-08 18:15:02.000,KAMAL,M,,N,N,16,1,99,,I,,N,N,N,N,,DIA12,,,,,145829,,N,AAAAA,,O
20777,O,DIA CHAMP CABEL NORM,DIA CHAMP CABEL NORM FAM BONTE, 1LT,PCS,CTN,PCS,I,1,0,0,0,0,0,0,0,0,,,N,,,,8480017096258,2015-05-11 22:01:42.000,KAMAL,,,M,,N,N,12,1,99,,I,,N,N,N,N,,DIA12,,,,,145849,,N,AAAAA,,O
20778,O,DIA COLGAD BLOCK AGU,DIA COLGAD BLOCK AGUA AZ PACK,2,PCS,CTN,PCS,I,1,0,0,0,0,0,0,0,0,1950,,N,,,,8480017064387,2015-05-11 22:01:42.000,KAMAL,2017-01-08 18:15:02.000,KAMAL,M,,N,N,18,1,99,,I,,N,N,N,N,,DIA12,,,,,147711,,N,AAAAA,,O
20779,O,DIA ACONDIC COLOR BO,DIA ACONDIC COLOR BONTE 300ML,,PCS,CTN,PCS,I,1,0,0,0,0,0,0,0,0,1950,,N,,,,8480017101310,2015-05-11 22:01:42.000,KAMAL,2017-01-08 18:15:02.000,KAMAL,M,,N,N,14,1,99,,A,,N,N,N,N,,DIA12,,,,,151271,,N,AAAAA,,O
20780,O,DIA ACONDIC RIZOS VO,DIA ACONDIC RIZOS VOLUME BONTE, 300ML,PCS,CTN,PCS,I,1,0,0,0,0,0,0,0,0,,,N,,,,8480017101358,2015-05-11 22:01:42.000,KAMAL,,,M,,N,N,14,1,99,,I,,N,N,N,N,,DIA12,,,,,151274,,N,AAAAA,,O
20781,O,DIA GEL LAVA TODO EN,DIA GEL LAVA TODO EN 1 720ML,,PCS,CTN,PCS,I,1,0,0,0,0,0,0,0,0,4950,,N,,,,8480017102492,2015-05-11 22:01:42.000,KAMAL,2017-01-08 18:15:02.000,KAMAL,M,,N,N,12,1,99,,A,,N,N,N,N,,DIA12,,,,,157704,,N,AAAAA,,O
20782,O,DIA SIROPE DE FRESA,DIA SIROPE DE FRESA 350G,,PCS,CTN,PCS,I,1,0,0,0,0,0,0,0,0,1950,,N,,,,8480017106698,2015-05-11 22:01:42.000,KAMAL,2017-01-08 18:15:02.000,KAMAL,M,,N,N,12,1,99,,I,,N,N,N,N,,DIA12,,,,,161789,,N,AAAAA,,O
20783,O,DIA SIROPE DE CHOCOL,DIA SIROPE DE CHOCOLATE 350G,,PCS,CTN,PCS,I,1,0,0,0,0,0,0,0,0,1950,,N,,,,8480017106704,2015-05-11 22:01:42.000,KAMAL,2017-01-08 18:15:02.000,KAMAL,M,,N,N,12,1,99,,I,,N,N,N,N,,DIA12,,,,,161790,,N,AAAAA,,O
20784,O,DIA SUAVIZ CB NORMAL,DIA SUAVIZ CB NORMALES BONTE 1,LTR,PCS,CTN,PCS,I,1,0,0,0,0,0,0,0,0,,,N,,,,8480017123527,2015-05-11 22:01:42.000,KAMAL,,,M,,N,N,12,1,99,,I,,N,N,N,N,,DIA12,,,,,175089,,N,AAAAA,,O
20785,O,DIA LIMPIADOR ACETIC,DIA LIMPIADOR ACETICO 1LTR,,PCS,CTN,PCS,I,1,0,0,0,0,0,0,0,0,,,N,,,,,2015-05-11 22:01:42.000,KAMAL,,,M,,N,N,15,1,99,,A,,N,N,N,N,,DIA12,,,,,177415,,N,AAAAA,,O
20786,O, DIA ACEITE CORPO AR, DIA ACEITE CORPO ARGAN BONTE,400ML,PCS,CTN,PCS,I,1,0,0,0,0,0,0,0,0,,,N,,,,8480017138880,2015-05-11 22:01:42.000,KAMAL,,,M,,N,N,14,1,99,,I,,N,N,N,N,,DIA12,,,,,182891,,N,AAAAA,,O
20787,O, DIA CANELA MOLIDA 3, DIA CANELA MOLIDA 38G,,PCS,CTN,PCS,I,1,0,0,0,0,0,0,0,0,1950,,N,,,,8480017012944,2015-05-11 22:01:42.000,KAMAL,2017-01-08 18:15:02.000,KAMAL,M,,N,N,16,1,99,,I,,N,N,N,N,,DIA12,,,,,1294,,N,AAAAA,,O
20788,O, DIA GALLETAS PERRO, DIA GALLETAS PERRO CARNE AS 5,00G,PCS,CTN,PCS,I,1,0,0,0,0,0,0,0,0,,,N,,,,8480017275691,2015-05-11 22:01:42.000,KAMAL,,,M,,N,N,6,1,99,,I,,N,N,N,N,,DIA12,,,,,27569,,N,AAAAA,,O
170196,O,FSDS183,FSDS183,,PCS,PCS,PCS,I,1,0,0,0,0,0,0,0,0,195000,,N,,,,,2024-01-25 20:57:25.000,MANOJ,,,M,,N,N,1,1,,,A,,N,N,N,N,,AIRP,,,,,,,N,AAAAA,,O
21973,O,SWISS SELECTION BOIT,SWISS SELECTION BOITE 230G,,PCS,CTN,PCS,I,1,0,0,0,0,0,0,0,0,10950,,N,,,,7610400075503,2015-06-01 20:59:39.000,KAMAL,2017-01-08 18:15:11.000,KAMAL,M,,N,N,6,1,99,,A,,N,N,N,N,,SOFRA,,,,,LP728863,,N,AAAAA,,O
21974,O,1/2 CHAMP.1.CHOIX,1/2 CHAMP.1.CHOIX   WINNY,,PCS,CTN,PCS,I,1,0,0,0,0,0,0,0,0,1500,,N,,,,5400247009319,2015-06-02 19:26:58.000,KAMAL,2017-10-14 19:53:30.000,KAMAL,M,,N,N,12,1,99,,I,,N,N,N,N,,SARLC,,,,,464404,,N,AAAAA,,O
21975,O,1/2 CHAMP.PDS&MCX  W,1/2 CHAMP.PDS&MCX  WINNY*,,PCS,CTN,PCS,I,1,0,0,0,0,0,0,0,0,,,N,,,,5400247008701,2015-06-02 19:26:58.000,KAMAL,,,M,,N,N,12,1,99,,A,,N,N,N,N,,SARLC,,,,,464420,,N,AAAAA,,O
21976,O,1/2 CAROTTES EXT.FIN,1/2 CAROTTES EXT.FIN. B.F,,PCS,CTN,PCS,I,1,0,0,0,0,0,0,0,0,750,,N,,,,3258561211855,2015-06-02 19:26:58.000,KAMAL,2017-10-21 00:00:00.000,DHARM,M,,N,N,12,1,99,,I,,N,N,N,N,,SARLC,,,,,484204,,N,AAAAA,,O
21977,O,4/4 EPINARDS BRANCHE,4/4 EPINARDS BRANCHES B.F,,PCS,CTN,PCS,I,1,0,0,0,0,0,0,0,0,1500,,N,,,,3258561211688,2015-06-02 19:26:58.000,KAMAL,2017-10-25 00:00:00.000,DHARM,M,,N,N,12,1,99,,A,,N,N,N,N,,SARLC,,,,,492421,,N,AAAAA,,O
21978,O,1/2 EPINARDS BRANCHE,1/2 EPINARDS BRANCHES B.F,,PCS,CTN,PCS,I,1,0,0,0,0,0,0,0,0,850,,N,,,,3258561211664,2015-06-02 19:26:58.000,KAMAL,2017-01-08 18:15:11.000,KAMAL,M,,N,N,12,1,99,,I,,N,N,N,N,,SARLC,,,,,493601,,N,AAAAA,,O
21979,O,LOT 3.1/4 MAIS DOUX,LOT 3.1/4 MAIS DOUX   B.F,,PCS,CTN,PCS,I,1,0,0,0,0,0,0,0,0,,,N,,,,3258561211794,2015-06-02 19:26:58.000,KAMAL,,,M,,N,N,8,1,99,,A,,N,N,N,N,,SARLC,,,,,495945,,N,AAAAA,,O
68139,O,GESIERS DE POULET 1K,GESIERS DE POULET 1KG LP,,PCS,CTN,PCS,I,1,0,0,0,0,0,0,0,0,,,N,,,,,2018-02-21 10:54:19.000,KAMAL,2022-11-04 00:00:00.000,KAMAL,M,,N,N,10,1,99,,A,EXO,N,N,N,N,,LOCAL,,,,,,,N,AAAAA,,O
21981,O,CORNED BEEF 340G   W,CORNED BEEF 340G   WINNY*,,PCS,CTN,PCS,I,1,0,0,0,0,0,0,0,0,,,N,,,,5400247009203,2015-06-02 19:26:58.000,KAMAL,,,M,,N,N,12,1,99,,I,,N,N,N,N,,SARLC,,,,,527945,,N,AAAAA,,O
21982,O,SAUCIS.COCKTAIL 120,SAUCIS.COCKTAIL 120 WINNY,,PCS,CTN,PCS,I,1,0,0,0,0,0,0,0,0,950,,N,,,,5400247009890,2015-06-02 19:26:58.000,KAMAL,2017-01-08 18:15:12.000,KAMAL,M,,N,N,24,1,99,,A,,N,N,N,N,,SARLC,,,,,528927,,N,AAAAA,,O
21983,O,4/4 PETIT SALE LENTI,4/4 PETIT SALE LENTIL.B.F,,PCS,CTN,PCS,I,1,0,0,0,0,0,0,0,0,4750,,O,2025-09-08 00:00:00.000,2025-12-31 00:00:00.000,,3258561240350,2015-06-02 19:26:58.000,KAMAL,2025-09-08 00:00:00.000,RGCML,M,,N,N,12,1,99,15,A,,N,N,N,N,,SARLC,,,,,534586,,N,AAAAA,,O
21984,O,1/2 TRIPES CATALANE,1/2 TRIPES CATALANE   P&L,,PCS,CTN,PCS,I,1,0,0,0,0,0,0,0,0,2500,,N,,,,3379671129288,2015-06-02 19:26:58.000,KAMAL,2017-06-12 00:00:00.000,DHARM,M,,N,N,12,1,99,,I,,N,N,N,N,,SARLC,,,,,535583,,N,AAAAA,,O
21985,O,1/2 TRIPES MODE CAEN,1/2 TRIPES MODE CAEN  P&L,,PCS,CTN,PCS,I,1,0,0,0,0,0,0,0,0,2500,,N,,,,3379671110286,2015-06-02 19:26:58.000,KAMAL,2017-01-08 18:15:12.000,KAMAL,M,,N,N,12,1,99,,A,,N,N,N,N,,SARLC,,,,,535666,,N,AAAAA,,O
21986,O,4/4 TRIPES M.DE CAEN,4/4 TRIPES M.DE CAEN  P&L,,PCS,CTN,PCS,I,1,0,0,0,0,0,0,0,0,4950,,N,,,,3379671110378,2015-06-02 19:26:58.000,KAMAL,2017-01-08 18:15:12.000,KAMAL,M,,N,N,6,1,99,,A,,N,N,N,N,,SARLC,,,,,535708,,N,AAAAA,,O
21987,O,1/2 BLANQUETTE VEAU,1/2 BLANQUETTE VEAU   B.F,,PCS,CTN,PCS,I,1,0,0,0,0,0,0,0,0,3950,,N,,,,3258561240343,2015-06-02 19:26:58.000,KAMAL,2017-01-08 18:15:12.000,KAMAL,M,,N,N,12,1,99,,A,,N,N,N,N,,SARLC,,,,,536029,,N,AAAAA,,O
21988,O,1/2 SAUTE VEAU NIVER,1/2 SAUTE VEAU NIVERN.R&R,,PCS,CTN,PCS,I,1,0,0,0,0,0,0,0,0,3950,,N,,,,3021690003673,2015-06-02 19:26:58.000,KAMAL,2017-01-08 18:15:12.000,KAMAL,M,,N,N,6,1,99,,I,,N,N,N,N,,SARLC,,,,,536060,,N,AAAAA,,O
21989,O,1/2 SAUT.MOUTON FLAG,1/2 SAUT.MOUTON FLAG. R&R,,PCS,CTN,PCS,I,1,0,0,0,0,0,0,0,0,,,N,,,,3021690102567,2015-06-02 19:26:58.000,KAMAL,,,M,,N,N,6,1,99,,I,,N,N,N,N,,SARLC,,,,,536102,,N,AAAAA,,O
21990,O,1/2 LAPIN.ROTI MOUT.,1/2 LAPIN.ROTI MOUT.  R&R,,PCS,CTN,PCS,I,1,0,0,0,0,0,0,0,0,3950,,N,,,,3021690006049,2015-06-02 19:26:58.000,KAMAL,2017-01-08 18:15:12.000,KAMAL,M,,N,N,6,1,99,,A,,N,N,N,N,,SARLC,,,,,536144,,N,AAAAA,,O
21991,O,BQ.LASAG BOLOG.HALAL,BQ.LASAG BOLOG.HALAL.300G,,PCS,CTN,PCS,I,1,0,0,0,0,0,0,0,0,,,N,,,,3021690019612,2015-06-02 19:26:58.000,KAMAL,,,M,,N,N,7,1,99,,I,,N,N,N,N,,SARLC,,,,,537209,,N,AAAAA,,O
20904,O,CABLE RJ11 TORSADE 0,CABLE RJ11 TORSADE 0.70A5M M/M,,PCS,PCS,PCS,I,1,0,0,0,0,0,0,0,0,,,N,,,,3303170037331,2015-05-13 20:55:10.000,KAMAL,,,M,,N,N,1,1,99,,I,,N,N,N,N,,T&B,,,,,CRJ45RF11M3,,N,AAAAA,,O
20905,O,CABLE RJ11-RJ45 MALE,CABLE RJ11-RJ45 MALE-MALE 3M,,PCS,PCS,PCS,I,1,0,0,0,0,0,0,0,0,3950,,N,,,,3303170047958,2015-05-13 20:55:10.000,KAMAL,,,M,,N,N,1,1,99,,A,,N,N,N,N,,T&B,,,,,CRJ45RJ11M5,,N,AAAAA,,O
20906,O,CABLE RJ11-RJ45 MALE,CABLE RJ11-RJ45 MALE-MALE 5M,,PCS,PCS,PCS,I,1,0,0,0,0,0,0,0,0,5000,,N,,,,3303170047965,2015-05-13 20:55:10.000,KAMAL,,,M,,N,N,1,1,99,,I,,N,N,N,N,,T&B,,,,,UTABFOLBL7,,N,AAAAA,,O
20907,O,BOBBER-FOLIO UNIV TA,"BOBBER-FOLIO UNIV TABLETTE 7""""",BLEU,PCS,PCS,PCS,I,1,0,0,0,0,0,0,0,0,,,N,,,,3303170067734,2015-05-13 20:55:10.000,KAMAL,,,M,,N,N,1,1,99,,I,,N,N,N,N,,T&B,,,,,UTABFOLBL10,,N,AAAAA,,O
20908,O,BOBBER-FOLIO UNIV TA,"BOBBER-FOLIO UNIV TABLETTE 10""","""BLEU",PCS,PCS,PCS,I,1,0,0,0,0,0,0,0,0,,,N,,,,3303170067710,2015-05-13 20:55:10.000,KAMAL,,,M,,N,N,1,1,99,,I,,N,N,N,N,,T&B,,,,,CRUSBI,,N,AAAAA,,O
20909,O,COMBO PORT USB + LEC,COMBO PORT USB + LECTEUR SD,,PCS,PCS,PCS,I,1,0,0,0,0,0,0,0,0,9500,,N,,,,3303170066133,2015-05-13 20:55:10.000,KAMAL,2017-01-11 00:00:00.000,ROOT,M,,N,N,1,1,99,,A,,N,N,N,N,,T&B,,,,,CHAMPHOMEI,,N,AAAAA,,O
22171,O,NDEO RLL-ON DRY_COMF,NDEO RLL_ON DRY_CMF_FML 50ML,,PCS,CTN,PCS,I,1,0,0,0,0,0,0,0,0,1950,,O,2024-11-22 00:00:00.000,2024-12-22 00:00:00.000,,4005900088383,2015-06-08 20:56:40.000,KAMAL,2024-11-22 00:00:00.000,RGCML,M,,N,N,30,1,99,10,A,,N,N,N,N,,NIVEA,1682.0858,,,,81611-05640-64,,N,AAAAA,,O
22172,O,NDEO RLL-ON B&W_CLR_,NDEO RLL_ON B&W_CLR_FML 50ML,,PCS,CTN,PCS,I,1,0,0,0,0,0,0,0,0,1950,,O,2024-11-22 00:00:00.000,2024-12-22 00:00:00.000,,4005900088246,2015-06-08 20:56:40.000,KAMAL,2024-11-22 00:00:00.000,RGCML,M,,N,N,30,1,99,10,A,,N,N,N,N,,NIVEA,1682.0858,,,,82240-05600-64,,N,AAAAA,,O
22173,O,NDEO RLL-ON B&W_PWR_,NDEO RLL_ON B&W_PWR_ML 50ML,,PCS,CTN,PCS,I,1,0,0,0,0,0,0,0,0,1950,,O,2024-11-22 00:00:00.000,2024-12-22 00:00:00.000,,4005900088185,2015-06-08 20:56:41.000,KAMAL,2024-11-22 00:00:00.000,RGCML,M,,N,N,30,1,99,10,A,,N,N,N,N,,NIVEA,1682.0858,,,,82245-05600-64,,N,AAAAA,,O
22174,O,NDEO RLL-ON FRS_ML 5,NDEO RLL_ON FRS_ML 50ML,,PCS,CTN,PCS,I,1,0,0,0,0,0,0,0,0,1950,,N,2018-12-26 00:00:00.000,2019-05-31 00:00:00.000,,4005900088062,2015-06-08 20:56:41.000,KAMAL,2024-07-31 00:00:00.000,JT,M,,N,N,30,1,99,20,A,,N,N,N,N,,NIVEA,1682.0858,,,,82808-05600-64,,N,AAAAA,,O
22175,O,NDEO RLL-ON FRS_NTR_,NDEO RLL_ON FRS_FML 50ML,,PCS,CTN,PCS,I,1,0,0,0,0,0,0,0,0,1950,,O,2024-11-22 00:00:00.000,2024-12-22 00:00:00.000,,4005900088031,2015-06-08 20:56:41.000,KAMAL,2024-11-22 00:00:00.000,RGCML,M,,N,N,30,1,99,10,A,,N,N,N,N,,NIVEA,1682.0858,,,,82809-05640-64,,N,AAAAA,,O
22176,O,NDEO RLL-ON CL_KCK 5,NDEO RLL-ON CL_KCK 50ML,,PCS,CTN,PCS,I,1,0,0,0,0,0,0,0,0,1950,,O,2024-11-22 00:00:00.000,2024-12-22 00:00:00.000,,4005900087973,2015-06-08 20:56:41.000,KAMAL,2024-11-22 00:00:00.000,RGCML,M,,N,N,30,1,99,10,A,,N,N,N,N,,NIVEA,,,,,82886-05600-28,,N,AAAAA,,O
22177,O,NDEO RLL-ON PRL&BTY,NDEO RLL_ON PRL&BTY_FML 50ML,,PCS,CTN,PCS,I,1,0,0,0,0,0,0,0,0,1950,,O,2024-11-22 00:00:00.000,2024-12-22 00:00:00.000,,4005900098177,2015-06-08 20:56:41.000,KAMAL,2024-11-22 00:00:00.000,RGCML,M,,N,N,30,1,99,10,A,,N,N,N,N,,NIVEA,1682.0858,,,,83735-05600-64,,N,AAAAA,,O
22178,O,NDEO RLL-ON SLV_PRTT,NDEO RLL-ON SLV_PRTT 50ML MALE,,PCS,CTN,PCS,I,1,0,0,0,0,0,0,0,0,1950,,N,2018-12-26 00:00:00.000,2019-06-30 00:00:00.000,,4005900098269,2015-06-08 20:56:41.000,KAMAL,2019-05-16 00:00:00.000,RGCML,M,,N,N,30,1,99,20,A,,N,N,N,N,,NIVEA,1682.0858,,,, 83778-05600-29,,N,AAAAA,,O
170198,O,JBL T125BT BLUETOOTH,JBL T125BT BLUETOOTH HEADPHONE,,PCS,PCS,PCS,I,1,0,0,0,0,0,0,0,0,145000,,N,,,,6925281979705,2024-01-25 20:57:25.000,MANOJ,,,M,,N,N,1,1,,,A,,N,N,N,N,,AIRP,,,,,,,N,AAAAA,,O
19802,O,ENTRE 2 MERS ROUSSEA,ENTRE 2 MERS ROUSSEAU  13  X6,,PCS,CTN,PCS,I,1,0,0,0,0,0,0,0,0,4950,,N,,,,3433330055957,2015-04-11 13:43:08.000,KAMAL,2017-01-08 18:14:53.000,KAMAL,M,,N,N,6,1,99,,A,,N,N,N,N,,SNIW,,,,,657502,,N,AAAAA,,O
19803,O,BORD.BL.MOELLEUX TER,BORD.BL.MOELLEUX TERTRE13  X6,,PCS,CTN,PCS,I,1,0,0,0,0,0,0,0,0,,,N,,,,3433330055971,2015-04-11 13:43:08.000,KAMAL,,,M,,N,N,6,1,99,,I,,N,N,N,N,,SNIW,,,,,725747,,N,AAAAA,,O
19804,O,RAUCH RED GRAUCHPE 3,RAUCH RED GRAUCHPE 355ML,,PCS,CTN,PCS,I,1,0,0,0,0,0,0,0,0,,,N,,,,,2015-04-11 20:34:37.000,KAMAL,,,M,,N,N,24,1,99,,A,,N,N,N,N,,RAUCH,,,,,36630,,N,AAAAA,,O
19805,O,70CLTULLAMORE DEW OR,70CLTULLAMORE DEW ORIGINAL 6X7,0CL AVEC VERRE,PCS,CTN,PCS,I,1,0,0,0,0,0,0,0,0,19500,,N,,,,5011026108903,2015-04-13 19:31:34.000,KAMAL,2017-01-08 18:14:53.000,KAMAL,M,,N,N,6,1,99,,A,,N,N,N,N,,WGR,12195.122,,,,P208335,,N,AAAAA,,O
19806,O,GRANTS SIGNATURE C&M,GRANTS SIGNATURE C&M 75CL,,PCS,CTN,PCS,I,1,0,0,0,0,0,0,0,0,7500,,N,,,,5010327206172,2015-04-13 19:31:34.000,KAMAL,2018-06-30 19:50:21.000,KAMAL,M,,N,N,12,1,99,,A,,N,N,N,N,,WGR,6307.8217,,,,174433,,N,AAAAA,,O
19807,O,GESIER 1KG- SADIA,GESIER 1KG- SADIA,,PCS,CTN,PCS,I,1,0,0,0,0,0,0,0,0,1250,,N,,,,7893000062887,2015-04-13 19:58:19.000,KAMAL,2022-11-21 13:39:37.000,KAMAL,M,,N,N,10,1,99,,A,EXO,N,N,N,N,,BRF,,,,,169847,,N,AAAAA,,O
19808,O,FROZEN CHICKEN THIGH,FROZEN CHICKEN THIGHS - 60/180,G - SADIA,PCS,CTN,PCS,I,1,0,0,0,0,0,0,0,0,3500,,N,,,,7893000054585,2015-04-13 19:58:19.000,KAMAL,2021-04-29 19:12:13.000,MANNU,M,,N,N,12,1,99,,A,EXO,N,N,N,N,,BRF,1640.0336,,,,348683,,N,AAAAA,,O
19810,O,FROZEN CHICKEN WINGS,FROZEN CHICKEN WINGS - 50 G UP, - 12 TRAYS X 900G,PCS,CTN,PCS,I,1,0,0,0,0,0,0,0,0,2950,,N,,,,7893000054592,2015-04-13 19:58:19.000,KAMAL,2017-01-08 18:14:53.000,KAMAL,M,,N,N,12,1,99,,A,,N,N,N,N,,BRF,,,,,348684,,N,AAAAA,,O
19811,O,FROZEN CHICKEN DRUMS,FROZEN CHICKEN DRUMSTICK40/140,G,PCS,CTN,PCS,I,1,0,0,0,0,0,0,0,0,,,N,,,,,2015-04-13 19:58:19.000,KAMAL,,,M,,N,N,10.8,1,99,,I,,N,N,N,N,,PRDG,,,,,348682,,N,AAAAA,,O
19812,O,FROZEN CHIICKEN HALF,FROZEN CHIICKEN HALF BREAST BO,NELESS,PCS,CTN,PCS,I,1,0,0,0,0,0,0,0,0,,,N,,,,,2015-04-13 19:58:19.000,KAMAL,,,M,,N,N,12,1,99,,A,,N,N,N,N,,PRDG,,,,,119584,,N,AAAAA,,O
19813,O,FROZEN CRUMBED CHICK,FROZEN CRUMBED CHICKEN NUGGETS, N.W. 4.80 KGS SADIA,PCS,CTN,PCS,I,1,0,0,0,0,0,0,0,0,1950,,N,,,,7893000072015,2015-04-13 19:58:19.000,KAMAL,2021-04-29 19:12:13.000,MANNU,M,,N,N,16,1,99,,A,,N,N,N,N,,BRF,2481.0765,,,,545596,,N,AAAAA,,O
19814,O,SADIA FROZEN CRUMBED,FROZEN CRUMBED CHICKEN NUGGETS, PACK 300G SADIA BRAND,PCS,CTN,PCS,I,1,0,0,0,0,0,0,0,0,1500,1000,O,2019-02-07 00:00:00.000,2019-03-14 00:00:00.000,,7893000071995,2015-04-13 19:58:19.000,KAMAL,2021-04-29 19:12:13.000,MANNU,M,,N,N,16,1,99,,A,,N,N,N,N,,BRF,2481.0765,,,,545576,,N,AAAAA,,O
19815,O,FROZEN CHICKEN NUGGE,FROZEN CHICKEN NUGGETS,,PCS,CTN,PCS,I,1,0,0,0,0,0,0,0,0,,,N,,,,,2015-04-13 19:58:19.000,KAMAL,2017-01-14 00:00:00.000,KAMAL,M,,N,N,4.8,1,99,,I,EXO,N,N,N,N,,PRDG,,,,,305906,,N,AAAAA,,O
19816,O,BONDUELLE EPINARDS B,BONDUELLE EPINARDS BRANCHES 1/,2   X12,PCS,CTN,PCS,I,1,0,0,0,0,0,0,0,0,1150,,N,,,,3083680001151,2015-04-13 21:15:00.000,KAMAL,2024-01-18 19:17:17.000,MANOJ,M,,N,N,12,1,99,,A,,N,N,N,N,,BOUDU,,,,,,,N,AAAAA,,O
19817,O,BONDUELLE JARDINIERE,BONDUELLE 4/4 JARDINIERE 4 LEG,  800G,PCS,CTN,PCS,I,1,0,0,0,0,0,0,0,0,2500,,N,,,,3083680001557,2015-04-13 21:15:00.000,KAMAL,2024-01-18 19:17:17.000,MANOJ,M,,N,N,12,1,99,,A,,N,N,N,N,,PIER,,,,,,,N,AAAAA,,O
19818,O,BONDUELLE LENTILLES,LENTILLES PREPAREES TOMATE 4/4,,PCS,CTN,PCS,I,1,0,0,0,0,0,0,0,0,1750,,N,,,,3083680002790,2015-04-13 21:15:00.000,KAMAL,2019-12-24 20:28:21.000,MANNU,M,,N,N,12,1,99,,A,,N,N,N,N,,BOUDU,,,,,,,N,AAAAA,,O
19819,O,BOUDUELLE MACEDOINE,BONDUELLE 1/2 MACEDOINE LEGUME, 400G,PCS,CTN,PCS,I,1,0,0,0,0,0,0,0,0,2950,2750,O,2024-05-08 00:00:00.000,2024-05-30 00:00:00.000,,3083680002929,2015-04-13 21:15:00.000,KAMAL,2024-05-08 00:00:00.000,RGCML,M,,N,N,12,1,99,,A,,N,N,N,N,,PIER,,,,,,,N,AAAAA,,O
19820,O,BOUDUELLE HAR VERTS,BOUDUELLE HAR VETS TF COUPES 1,/4,PCS,CTN,PCS,I,1,0,0,0,0,0,0,0,0,,,N,,,,3083680002653,2015-04-13 21:15:00.000,KAMAL,,,M,,N,N,8,1,99,,A,,N,N,N,N,,PIER,,,,,,,N,AAAAA,,O
19821,O,BOUDUELLE MAIS SWEET,BONDUELLE 1/4 MAIS SWEET GRAIN,S 150G,PCS,CTN,PCS,I,1,0,0,0,0,0,0,0,0,950,,N,,,,3083680015394,2015-04-13 21:15:00.000,KAMAL,2023-02-06 00:00:00.000,GIRIS,M,,N,N,24,1,99,,A,,N,N,N,N,,PIER,,,,,,,N,AAAAA,,O
19822,O,BOUDUELLE MACEDOINE,BONDUELLE 1/4 MACEDOINE LEGUME, 200G,PCS,CTN,PCS,I,1,0,0,0,0,0,0,0,0,950,,N,,,,3083680002943,2015-04-13 21:15:00.000,KAMAL,2023-01-28 00:00:00.000,DHARM,M,,N,N,24,1,99,,A,,N,N,N,N,,PIER,,,,,,,N,AAAAA,,O
19823,O,BOUDUELLE POIS XF CA,BONDUELLE 1/4 PETITS POIS XF C,AROTTES 200G,PCS,CTN,PCS,I,1,0,0,0,0,0,0,0,0,850,,N,,,,3083680003346,2015-04-13 21:15:00.000,KAMAL,2023-02-16 00:00:00.000,GIRIS,M,,N,N,24,1,99,,A,,N,N,N,N,,PIER,,,,,,,N,AAAAA,,O
19824,O,BOUDUELLE POIS XF AR,BOUDUELLE POIS XF AROM 1/4   X,8,PCS,CTN,PCS,I,1,0,0,0,0,0,0,0,0,650,,N,,,,3083680003964,2015-04-13 21:15:00.000,KAMAL,2019-12-10 20:01:37.000,MANNU,M,,N,N,24,1,99,,A,,N,N,N,N,,BOUDU,,,,,,,N,AAAAA,,O
20449,O,BL STD 6X2 P+T 1.5M,BL STD 6X2 P+T 1.5M SSTINER F,,PCS,PCS,PCS,I,1,0,0,0,0,0,0,0,0,,,N,,,,,2015-05-05 20:21:03.000,KAMAL,2015-09-24 00:00:00.000,KAMAL,M,,N,N,1,1,99,,A,,N,N,N,N,,LEG,,,,,LG050061,,N,AAAAA,,O
20450,O,BL CFT 4X2 P+T 1.5M,RALLONGE 4X2P+T 1.5M + INTER,,PCS,PCS,PCS,I,1,0,0,0,0,0,0,0,0,14500,,N,,,,3245060500757,2015-05-05 20:21:03.000,KAMAL,2021-09-15 19:33:48.000,MANOJ,M,,N,N,1,1,99,,A,,N,N,N,N,,LEG,,,,,LE050075,,N,AAAAA,,O
20451,O,BL CFT 4X2 P+T 3M AV,BL CFT 4X2 P+T 3M AV INT FR B,,PCS,PCS,PCS,I,1,0,0,0,0,0,0,0,0,,,N,,,,,2015-05-05 20:21:03.000,KAMAL,2015-09-24 00:00:00.000,KAMAL,M,,N,N,1,1,99,,A,,N,N,N,N,,LEG,,,,,LG050076,,N,AAAAA,,O
20452,O,BL.CFT 5X2 P+T 3M AV,RALLONGE 5X2P+T 3M +INTER,,PCS,PCS,PCS,I,1,0,0,0,0,0,0,0,0,19500,,N,,,,3245060500801,2015-05-05 20:21:03.000,KAMAL,2021-06-30 20:50:22.000,KAMAL,M,,N,N,1,1,99,,A,,N,N,N,N,,LEG,,,,,LE050080,,N,AAAAA,,O
20453,O,ADAPT 2 P+T BS/FISCH,ADAPT 2 P+T BS/FICHE,,PCS,PCS,PCS,I,1,0,0,0,0,0,0,0,0,6950,,N,,,,LG050383,2015-05-05 20:21:03.000,KAMAL,2017-01-08 18:14:57.000,KAMAL,M,,N,N,1,1,99,,A,,N,N,N,N,,LEG,,,,,LG050383,,N,AAAAA,,O
20455,O,ENDROULEUR 4X2 P+T V,LEGRAND ENROULIER 4X2 P+T VOY,25M CABL,PCS,PCS,PCS,I,1,0,0,0,0,0,0,0,0,295000,,N,,,,3245060507589,2015-05-05 20:21:03.000,KAMAL,2015-09-24 00:00:00.000,KAMAL,M,,N,N,1,1,99,,A,,N,N,N,N,,LEG,,,,,50758,,N,AAAAA,,O
20456,O,RALL PVC 2P+T 16A EC,RALL PVC 2P+T 16A ECL 5M BLA,,PCS,PCS,PCS,I,1,0,0,0,0,0,0,0,0,22500,,N,,,,3245060516017,2015-05-05 20:21:03.000,KAMAL,2021-06-30 20:50:22.000,KAMAL,M,,N,N,1,1,99,,A,,N,N,N,N,,LEG,,,,,LG 051601,,N,AAAAA,,O
20457,O,DOUILLE B22 MET PAST,DOUILLE B22 MET. PASTILLE NYL,,PCS,PCS,PCS,I,1,0,0,0,0,0,0,0,0,,,N,,,,LG060006,2015-05-05 20:21:03.000,KAMAL,2016-09-02 20:24:34.000,KAMAL,M,,N,N,1,1,99,,A,,N,N,N,N,,LEG,,,,,LG060006,,N,AAAAA,,O
20458,O,DOUILLE E27 PLAST BO,DOUILLE E27 PLAST. BRONE A V,,PCS,PCS,PCS,I,1,0,0,0,0,0,0,0,0,,,N,,,,LG060121,2015-05-05 20:21:03.000,KAMAL,2016-09-02 20:24:34.000,KAMAL,M,,N,N,1,1,99,,A,,N,N,N,N,,LEG,,,,,LG060121,,N,AAAAA,,O
20459,O,APPLIQUE+ INTER,APPLIQUE+ INTER,,PCS,PCS,PCS,I,1,0,0,0,0,0,0,0,0,,,N,,,,3245060606213,2015-05-05 20:21:03.000,KAMAL,2015-09-24 00:00:00.000,KAMAL,M,,N,N,1,1,99,,A,,N,N,N,N,,LEG,,,,,LG060621,,N,AAAAA,,O
20460,O,PRMOSAIC POUSSOIR 6A,PRMOSAIC POUSSOIR 6A (2M),,PCS,PCS,PCS,I,1,0,0,0,0,0,0,0,0,,,N,,,,,2015-05-05 20:21:03.000,KAMAL,2015-09-24 00:00:00.000,KAMAL,M,,N,N,1,1,99,,A,,N,N,N,N,,LEG,,,,,LG077040,,N,AAAAA,,O
20461,O,PRMOSAIC TV SIMPLE M,PRMOSAIC TV SIMPLE MALE,,PCS,PCS,PCS,I,1,0,0,0,0,0,0,0,0,,,N,,,,,2015-05-05 20:21:03.000,KAMAL,2015-09-24 00:00:00.000,KAMAL,M,,N,N,1,1,99,,I,,N,N,N,N,,LEG,,,,,LG078782,,N,AAAAA,,O
170193,O,FLUXO 3 NOIRE,FLUXO 3 NOIRE,,PCS,PCS,PCS,I,1,0,0,0,0,0,0,0,0,,,N,,,,,2024-01-25 00:00:00.000,MANOJ,,,M,,N,N,1,1,,,A,,N,N,N,N,,LS,,,,,,,N,AAAAA,,O
20789,O, DIA ATUN CLA REDUCI, DIA ATUN CLA REDUCID SAL DIA,156G,PCS,CTN,PCS,I,1,0,0,0,0,0,0,0,0,2950,,N,,,,8480017501721,2015-05-11 22:01:42.000,KAMAL,2017-01-08 18:15:02.000,KAMAL,M,,N,N,30,1,99,,A,,N,N,N,N,,DIA12,,,,,50172,,N,AAAAA,,O
20790,O,DIA COPOS DE AVENA 5,DIA COPOS DE AVENA 500G,,PCS,CTN,PCS,I,1,0,0,0,0,0,0,0,0,950,,N,,,,8480017038845,2015-05-11 22:01:42.000,KAMAL,2017-04-14 00:00:00.000,DHARM,M,,N,N,15,1,99,,A,,N,N,N,N,,DIA12,,,,,105429,,N,AAAAA,,O
20171,O,250G LUCIOLE ACID GD,250G LUCIOLE ACID GDJ  X24,,PCS,CTN,PCS,I,1,0,0,0,0,0,0,0,0,1250,,N,,,,3560070880805,2015-04-23 16:20:35.000,KAMAL,2017-01-08 18:14:55.000,KAMAL,M,,N,N,24,1,99,,I,,N,N,N,N,,CACI,,,,,,,N,AAAAA,,O
20172,O,1KG FARINE BLE NOIR,1KG FARINE DE BLÃ NOIR DE BRET,AGNE RDF,PCS,CTN,PCS,I,1,0,0,0,0,0,0,0,0,2950,,N,,,,3245390072832,2015-04-23 16:20:35.000,KAMAL,2021-12-20 15:25:37.000,MANOJ,M,,N,N,10,1,99,,A,,N,N,N,N,,CARRE,,,,,970324,,N,AAAAA,,O
20173,O,90G CACAHUETTES CROU,90G CACAHUETTES CROUSTI.GDJ  X,16,PCS,CTN,PCS,I,1,0,0,0,0,0,0,0,0,,,N,,,,3245390203441,2015-04-23 16:20:35.000,KAMAL,,,M,,N,N,16,1,99,,I,,N,N,N,N,,CACI,,,,,,,N,AAAAA,,O
20831,O,MARQUEUR PERMANENT O,MARQUEUR PERMANENT OGIVE BLEU,,PCS,PCS,PCS,I,1,0,0,0,0,0,0,0,0,500,,N,,,,5705831260467,2015-05-13 20:50:29.000,KAMAL,2017-01-11 00:00:00.000,ROOT,M,,N,N,1,1,99,,A,,N,N,N,N,,CAR,,,,,KF26046,,N,AAAAA,,O
20832,O,MARQUEUR PERMANENT O,MARQUEUR PERMANENT OGIVE ROUGE,,PCS,PCS,PCS,I,1,0,0,0,0,0,0,0,0,,,N,,,,,2015-05-13 20:50:29.000,KAMAL,,,M,,N,N,1,1,99,,A,,N,N,N,N,,CAR,,,,,KF26047,,N,AAAAA,,O
20833,O,STYLO BILLE SUR SOCL,STYLO BILLE SUR SOCLE,,PCS,PCS,PCS,I,1,0,0,0,0,0,0,0,0,,,N,,,,,2015-05-13 20:50:29.000,KAMAL,,,M,,N,N,1,1,99,,I,,N,N,N,N,,CAR,,,,,STYLO BILLE,,N,AAAAA,,O
20834,O,RECHARGE BILLE SUR S,RECHARGE BILLE SUR SOCLE BLEU,,PCS,PCS,PCS,I,1,0,0,0,0,0,0,0,0,,,N,,,,,2015-05-13 20:50:29.000,KAMAL,,,M,,N,N,1,1,99,,I,,N,N,N,N,,CAR,,,,,KF11048,,N,AAAAA,,O
20835,O,RECHARGE POUR STYLO,RECHARGE POUR STYLO BILLE  SUR,,PCS,PCS,PCS,I,1,0,0,0,0,0,0,0,0,,,N,,,,,2015-05-13 20:50:29.000,KAMAL,,,M,,N,N,1,1,99,,I,,N,N,N,N,,CAR,,,,,KF15394,,N,AAAAA,,O
20837,O,PQT 3 BLOCS 100F PAP,PQT 3 BLOCS 100F PAPIER REPOSI,,PCS,PCS,PCS,I,1,0,0,0,0,0,0,0,0,,,N,,,,,2015-05-13 20:50:29.000,KAMAL,,,M,,N,N,1,1,99,,I,,N,N,N,N,,CAR,,,,,KF10500,,N,AAAAA,,O
20838,O,PAUET 100F NOTES REP,PAUET 100F NOTES REPO 75X75MM,,PCS,PCS,PCS,I,1,0,0,0,0,0,0,0,0,,,N,,,,,2015-05-13 20:50:29.000,KAMAL,,,M,,N,N,1,1,99,,I,,N,N,N,N,,CAR,,,,,KF10502,,N,AAAAA,,O
20839,O,PAQUET 100F NOTES RE,PAQUET 100F NOTES REPO 75X125M,,PCS,PCS,PCS,I,1,0,0,0,0,0,0,0,0,,,N,,,,,2015-05-13 20:50:29.000,KAMAL,,,M,,N,N,1,1,99,,I,,N,N,N,N,,CAR,,,,,KF10503,,N,AAAAA,,O
20840,O,PQT 12 BLOCS 80F QUI,PQT 12 BLOCS 80F QUICK NOTES N,,PCS,PCS,PCS,I,1,0,0,0,0,0,0,0,0,,,N,,,,,2015-05-13 20:50:29.000,KAMAL,,,M,,N,N,1,1,99,,A,,N,N,N,N,,CAR,,,,,KF10508,,N,AAAAA,,O
20841,O,BTE 100 POCHET PERF,BTE 100 POCHET PERF A4 PP STD,,PCS,PCS,PCS,I,1,0,0,0,0,0,0,0,0,2500,,N,,,,5706002153373,2015-05-13 20:50:29.000,KAMAL,2017-01-08 18:15:03.000,KAMAL,M,,N,N,1,1,99,,I,,N,N,N,N,,CAR,,,,,KF01628,,N,AAAAA,,O
20842,O,SACH 100 POCHET PERF,SACH 100 POCHET PERF PP 5/100E,,PCS,PCS,PCS,I,1,0,0,0,0,0,0,0,0,,,N,,,,,2015-05-13 20:50:29.000,KAMAL,,,M,,N,N,1,1,99,,I,,N,N,N,N,,CAR,,,,,KF01955,,N,AAAAA,,O
20843,O,CHEMISES A LAMELLE B,CHEMISES A LAMELLE BLEU,,PCS,PCS,PCS,I,1,0,0,0,0,0,0,0,0,,,N,,,,,2015-05-13 20:50:29.000,KAMAL,,,M,,N,N,1,1,99,,A,,N,N,N,N,,CAR,,,,,KF01454,,N,AAAAA,,O
20844,O,CHEMISES A LAMELLE N,CHEMISES A LAMELLE NOIR,,PCS,PCS,PCS,I,1,0,0,0,0,0,0,0,0,,,N,,,,,2015-05-13 20:50:29.000,KAMAL,,,M,,N,N,1,1,99,,A,,N,N,N,N,,CAR,,,,,KF01453,,N,AAAAA,,O
20845,O,CHEMISES A LAMELLE R,CHEMISES A LAMELLE ROUGE,,PCS,PCS,PCS,I,1,0,0,0,0,0,0,0,0,,,N,,,,,2015-05-13 20:50:29.000,KAMAL,,,M,,N,N,1,1,99,,A,,N,N,N,N,,CAR,,,,,KF01455,,N,AAAAA,,O
20846,O,CHEMISES A LAMELLE V,CHEMISES A LAMELLE VERT,,PCS,PCS,PCS,I,1,0,0,0,0,0,0,0,0,,,N,,,,,2015-05-13 20:50:29.000,KAMAL,,,M,,N,N,1,1,99,,A,,N,N,N,N,,CAR,,,,,KF01456,,N,AAAAA,,O
20847,O,INTERCAL CARTE LUST,INTERCAL CARTE LUST A4 3/10E 6,,PCS,PCS,PCS,I,1,0,0,0,0,0,0,0,0,,,N,,,,5705831154063,2015-05-13 20:50:29.000,KAMAL,2017-01-08 18:15:03.000,KAMAL,M,,N,N,1,1,99,,A,,N,N,N,N,,CAR,,,,,J1500,,N,AAAAA,,O
20848,O,INTERCAL CARTE LUST,INTERCAL CARTE LUST A4 3/10E 1,,PCS,PCS,PCS,I,1,0,0,0,0,0,0,0,0,1950,,N,,,,5705831154070,2015-05-13 20:50:29.000,KAMAL,2026-04-07 00:00:00.000,JT,M,,N,N,1,1,99,,A,,N,N,N,N,,CAR,,,,,KF15407,,N,AAAAA,,O
20849,O,CHEMISE A4 POLYPRO B,CHEMISE A4 POLYPRO BLEU,,PCS,PCS,PCS,I,1,0,0,0,0,0,0,0,0,,,N,,,,,2015-05-13 20:50:29.000,KAMAL,,,M,,N,N,1,1,99,,A,,N,N,N,N,,CAR,,,,,KF02312,,N,AAAAA,,O
20850,O,CHEMISE A4 POLYPRO V,CHEMISE A4 POLYPRO VERT,,PCS,PCS,PCS,I,1,0,0,0,0,0,0,0,0,,,N,,,,,2015-05-13 20:50:29.000,KAMAL,,,M,,N,N,1,1,99,,A,,N,N,N,N,,CAR,,,,,KF02313,,N,AAAAA,,O
20851,O,CHEMISE A4 POLYPRO N,CHEMISE A4 POLYPRO NOIR,,PCS,PCS,PCS,I,1,0,0,0,0,0,0,0,0,,,N,,,,,2015-05-13 20:50:29.000,KAMAL,,,M,,N,N,1,1,99,,A,,N,N,N,N,,CAR,,,,,KF02314,,N,AAAAA,,O
20852,O,CHEMISE A4 POLYPRO T,CHEMISE A4 POLYPRO TRANSPARENT,,PCS,PCS,PCS,I,1,0,0,0,0,0,0,0,0,,,N,,,,,2015-05-13 20:50:29.000,KAMAL,,,M,,N,N,1,1,99,,A,,N,N,N,N,,CAR,,,,,KF02315,,N,AAAAA,,O
20853,O,CHEMISES 3 RABATS CA,CHEMISES 3 RABATS CARTE LUSTRE,,PCS,PCS,PCS,I,1,0,0,0,0,0,0,0,0,,,N,,,,,2015-05-13 20:50:29.000,KAMAL,,,M,,N,N,1,1,99,,A,,N,N,N,N,,CAR,,,,,KF02165,,N,AAAAA,,O
20854,O,CHEMISES 3 RABATS CA,CHEMISES 3 RABATS CARTE LUSTRE,,PCS,PCS,PCS,I,1,0,0,0,0,0,0,0,0,,,N,,,,,2015-05-13 20:50:29.000,KAMAL,,,M,,N,N,1,1,99,,A,,N,N,N,N,,CAR,,,,,KF02166,,N,AAAAA,,O
20855,O,CHEMISES 3 RABATS CA,CHEMISES 3 RABATS CARTE LUSTRE,,PCS,PCS,PCS,I,1,0,0,0,0,0,0,0,0,,,N,,,,,2015-05-13 20:50:29.000,KAMAL,,,M,,N,N,1,1,99,,A,,N,N,N,N,,CAR,,,,,KF02167,,N,AAAAA,,O
20856,O,CHEMISES 3 RABATS CA,CHEMISES 3 RABATS CARTE LUSTRE,,PCS,PCS,PCS,I,1,0,0,0,0,0,0,0,0,,,N,,,,,2015-05-13 20:50:29.000,KAMAL,,,M,,N,N,1,1,99,,A,,N,N,N,N,,CAR,,,,,KF02168,,N,AAAAA,,O
20857,O,CHEMISES 3 RABATS CA,CHEMISES 3 RABATS CARTE LUSTRE,,PCS,PCS,PCS,I,1,0,0,0,0,0,0,0,0,,,N,,,,,2015-05-13 20:50:29.000,KAMAL,,,M,,N,N,1,1,99,,A,,N,N,N,N,,CAR,,,,,KF02169,,N,AAAAA,,O
20858,O,CHEMISES 3 RABATS CA,CHEMISES 3 RABATS CARTE LUSTRE,,PCS,PCS,PCS,I,1,0,0,0,0,0,0,0,0,,,N,,,,,2015-05-13 20:50:29.000,KAMAL,,,M,,N,N,1,1,99,,A,,N,N,N,N,,CAR,,,,,KF02170,,N,AAAAA,,O
20859,O,CHEMISES 3 RABATS CA,CHEMISES 3 RABATS CARTE LUSTRE,,PCS,PCS,PCS,I,1,0,0,0,0,0,0,0,0,,,N,,,,,2015-05-13 20:50:29.000,KAMAL,,,M,,N,N,1,1,99,,A,,N,N,N,N,,CAR,,,,,KF02171,,N,AAAAA,,O
20860,O,CHEMISES 3 RABATS CA,CHEMISES 3 RABATS CARTE LUSTRE,,PCS,PCS,PCS,I,1,0,0,0,0,0,0,0,0,,,N,,,,,2015-05-13 20:50:29.000,KAMAL,,,M,,N,N,1,1,99,,I,,N,N,N,N,,CAR,,,,,KF02172,,N,AAAAA,,O
20861,O,CHEMISES 3 RABATS CA,CHEMISES 3 RABATS CARTE LUSTRE,,PCS,PCS,PCS,I,1,0,0,0,0,0,0,0,0,,,N,,,,,2015-05-13 20:50:29.000,KAMAL,,,M,,N,N,1,1,99,,A,,N,N,N,N,,CAR,,,,,KF02173,,N,AAAAA,,O
20862,O,TRIEUR A ENVELOPPES,TRIEUR A ENVELOPPES MESH NOIR,,PCS,PCS,PCS,I,1,0,0,0,0,0,0,0,0,,,N,,,,,2015-05-13 20:50:29.000,KAMAL,,,M,,N,N,1,1,99,,A,,N,N,N,N,,CAR,,,,,KF00876,,N,AAAAA,,O
20863,O,CORBEILLE A COURRIER,CORBEILLE A COURRIER TRIPLE ME,,PCS,PCS,PCS,I,1,0,0,0,0,0,0,0,0,17500,,N,,,,5705831008236,2015-05-13 20:50:29.000,KAMAL,,,M,,N,N,1,1,99,,A,,N,N,N,N,,CAR,,,,,KF00823,,N,AAAAA,,O
20864,O,CORBEILLE A COURRIER,CORBEILLE A COURRIER MESH NOIR,,PCS,PCS,PCS,I,1,0,0,0,0,0,0,0,0,,,N,,,,,2015-05-13 20:50:29.000,KAMAL,,,M,,N,N,1,1,99,,A,,N,N,N,N,,CAR,,,,,KF00858,,N,AAAAA,,O
22179,O,NIVEA DEO ROLL-ON ST,NIVEA DEO ROLL-ON STRESS_PROTE,CT_FEMALE 50ML,PCS,CTN,PCS,I,1,0,0,0,0,0,0,0,0,1750,,O,2018-12-26 00:00:00.000,2019-06-30 00:00:00.000,,4005900088123,2015-06-08 20:56:41.000,KAMAL,2019-05-02 00:00:00.000,RGCML,M,,N,N,30,1,99,20,A,,N,N,N,N,,NIVEA,1682.0858,,,,82260,,N,AAAAA,,O
22180,O,NIVEA DEO STICK DRY_,NIVEA DEO STICK DRY_FEMALE 40M,L,PCS,CTN,PCS,I,1,0,0,0,0,0,0,0,0,2250,,N,2018-12-26 00:00:00.000,2019-01-15 00:00:00.000,,4005900087942,2015-06-08 20:56:41.000,KAMAL,2019-01-30 00:00:00.000,RGCML,M,,N,N,18,1,99,20,I,,N,N,N,N,,NIVEA,1892.3465,,,,82894,,N,AAAAA,,O
22181,O,NIVEA DEO SPRAY EXTR,NIVEA DEO SPRAY EXTRA_WHITENIN,G_FEMALE 150ML,PCS,CTN,PCS,I,1,0,0,0,0,0,0,0,0,1950,950,O,2017-08-17 00:00:00.000,2017-09-30 00:00:00.000,,4005900087881,2015-06-08 20:56:41.000,KAMAL,2017-08-17 00:00:00.000,DHARM,M,,N,N,30,1,99,,A,,N,N,N,N,,NIVEA,,,,,82967,,N,AAAAA,,O
22182,O,NIVEA DEO SPRAY SPOR,NIVEA DEO SPRAY SPORT_FOR_MEN,150ML,PCS,CTN,PCS,I,1,0,0,0,0,0,0,0,0,1750,,O,2018-12-26 00:00:00.000,2019-01-15 00:00:00.000,,4005900087720,2015-06-08 20:56:41.000,KAMAL,2018-12-26 00:00:00.000,RGCML,M,,N,N,30,1,99,20,A,,N,N,N,N,,NIVEA,,,,,83770,,N,AAAAA,,O
22183,O,VAHINE BOUGIE CHIFFR,BLIS.BOUGIE CHIFFRE 8X12-VAHIN,E,PCS,CTN,PCS,I,1,0,0,0,0,0,0,0,0,1250,,N,,,,3179142710102,2015-06-09 21:02:14.000,KAMAL,2024-09-24 00:00:00.000,RGCML,M,,N,N,12,1,99,,A,,N,N,N,N,,MCM,,,,,273390,,N,AAAAA,,O
22185,O,S/BGNE ALIGOTE BLC N,S/BGNE ALIGOTE BLC NOBLECO75CL,,PCS,CTN,PCS,I,1,0,0,0,0,0,0,0,0,3500,,N,,,,3343380025605,2015-06-09 21:02:14.000,KAMAL,2017-01-08 18:15:14.000,KAMAL,M,,N,N,6,1,99,,I,,N,N,N,N,,GEP,7989.9075,,,,,,N,AAAAA,,O
22186,O,S/AOC PETIT CHABLIS,S/AOC PETIT CHABLIS BL J.D,,PCS,CTN,PCS,I,1,0,0,0,0,0,0,0,0,,,N,,,,3343380025254,2015-06-09 21:02:14.000,KAMAL,,,M,,N,N,6,1,99,,I,,N,N,N,N,,GEP,,,,,,,N,AAAAA,,O
22187,O,TOP BUDGET BOULES DE,TOP BUDGET BOULES DE MIEL 750G,,PCS,CTN,PCS,I,1,0,0,0,0,0,0,0,0,2950,,N,,,,3410280107578,2015-06-09 21:02:14.000,KAMAL,2017-01-08 18:15:14.000,KAMAL,M,,N,N,8,1,99,,A,,N,N,N,N,,GEP,,,,,,,N,AAAAA,,O
22188,O,T.BUDGET RIZ SOUFFLE,T.BUDGET RIZ SOUFFLE CHOCO 750,,PCS,CTN,PCS,I,1,0,0,0,0,0,0,0,0,2950,,N,,,,3410280107516,2015-06-09 21:02:14.000,KAMAL,2017-01-08 18:15:14.000,KAMAL,M,,N,N,8,1,99,,A,,N,N,N,N,,GEP,,,,,17310005,,N,AAAAA,,O
22191,O,VICHY ST YORRE BLLE,VICHY ST YORRE BLLE 6X1L25,,PCS,PCS,PCS,I,1,0,0,0,0,0,0,0,0,6250,,N,,,,3100880266255,2015-06-09 21:02:14.000,KAMAL,,,M,,N,N,1,1,99,,A,,N,N,N,N,,GEP,,,,,,,N,AAAAA,,O
22192,O,S/T.POTAGER HAR.ROUG,S/T.POTAGER HAR.ROUGES 250G,,PCS,CTN,PCS,I,1,0,0,0,0,0,0,0,0,850,,N,,,,3030212302330,2015-06-09 21:02:14.000,KAMAL,2017-01-08 18:15:14.000,KAMAL,M,,N,N,12,1,99,,I,,N,N,N,N,,GEP,,,,,,,N,AAAAA,,O
22193,O,VAHINE RAISINS SECS,VAHINE RAISINS SECS 125G,,PCS,CTN,PCS,I,1,0,0,0,0,0,0,0,0,,,N,,,,,2015-06-09 21:02:14.000,KAMAL,,,M,,N,N,12,1,99,,A,,N,N,N,N,,GEP,,,,,,,N,AAAAA,,O
22194,O,T.BUDGET CHAMP.PD&MO,T.BUDGET CHAMP.PD&MOR.4/4 460G,,PCS,CTN,PCS,I,1,0,0,0,0,0,0,0,0,2950,2250,N,2019-03-20 00:00:00.000,2019-04-27 00:00:00.000,,3410280020723,2015-06-09 21:02:14.000,KAMAL,2019-04-24 00:00:00.000,RGCML,M,,N,N,6,1,99,,A,,N,N,N,N,,GEP,,,,,,,N,AAAAA,,O
22195,O,"DESK, 25 MM THICKNES","DESK, 25 MM THICKNESS, , 120X8",0XH72,SET,SET,SET,I,1,0,0,0,0,0,0,0,0,,,N,,,,,2015-06-09 21:48:43.000,KAMAL,,,M,,N,N,1,1,99,,I,,N,N,N,N,,BRALC,,,,,BA 1208 00,,N,AAAAA,,O
22196,O,"DESK, 25 MM THICKNES","DESK, 25 MM THICKNESS, , 140X8",0XH72,SET,SET,SET,I,1,0,0,0,0,0,0,0,0,,,N,,,,,2015-06-09 21:48:43.000,KAMAL,,,M,,N,N,1,1,99,,A,,N,N,N,N,,BRALC,,,,,BA 1408 00,,N,AAAAA,,O
22197,O,"DESK, 25 MM THICKNES","DESK, 25 MM THICKNESS, CM 160X",80XH72,SET,SET,SET,I,1,0,0,0,0,0,0,0,0,,,N,,,,,2015-06-09 21:48:43.000,KAMAL,,,M,,N,N,1,1,99,,I,,N,N,N,N,,BRALC,,,,,BA 1608 00,,N,AAAAA,,O
22198,O,2 WAYS 90Â° CONNECTIO,2 WAYS 90Â° CONNECTION TOP WITH, BRACKETS. CM 80X60,SET,SET,SET,I,1,0,0,0,0,0,0,0,0,,,N,,,,,2015-06-09 21:48:43.000,KAMAL,,,M,,N,N,1,1,99,,I,,N,N,N,N,,BRALC,,,,,BA 0806 90,,N,AAAAA,,O
22199,O,HANGING SIDE EXTENSI,HANGING SIDE EXTENSION D LEG.,CM 80X60XH72,SET,SET,SET,I,1,0,0,0,0,0,0,0,0,,,N,,,,,2015-06-09 21:48:43.000,KAMAL,,,M,,N,N,1,1,99,,I,,N,N,N,N,,BRALC,,,,,BA 0806 B0,,N,AAAAA,,O
22200,O,RH COMPACT DESK WITH,RH COMPACT DESK WITH 25MM . CM, 140X120XH72,SET,SET,SET,I,1,0,0,0,0,0,0,0,0,,,N,,,,,2015-06-09 21:48:43.000,KAMAL,,,M,,N,N,1,1,99,,I,,N,N,N,N,,BRALC,,,,,XP 1412 0D,,N,AAAAA,,O
22056,O,7UP CHERRY CAN 33 CL,7UP CHERRY CAN 33 CL,,PCS,CTN,PCS,I,1,0,0,0,0,0,0,0,0,500,,N,,,,3502110005311,2015-06-02 21:00:20.000,KAMAL,2026-02-12 00:00:00.000,MANOJ,M,,N,N,24,1,99,,A,,N,N,N,N,,PIER,,,,,,,N,AAAAA,,O
22058,O,EV DL PRUNEAU 125GX4,EV DL PRUNEAU 125GX4X6,,PCS,CTN,PCS,I,1,0,0,0,0,0,0,0,0,,,N,,,,,2015-06-03 21:30:58.000,KAMAL,2016-07-22 00:00:00.000,KAMAL,M,,N,N,24,1,99,,I,,N,N,N,N,,ELV,,,,,26736701,,N,AAAAA,,O
22059,O,EV YAGGO DL FRAISE 1,EV YAGGO DL FRAISE 125G,,PCS,CTN,PCS,I,1,0,0,0,0,0,0,0,0,425,250,N,2023-11-03 00:00:00.000,2023-11-10 00:00:00.000,,3451790404085,2015-06-03 21:30:58.000,KAMAL,2025-01-07 00:00:00.000,MANOJ,M,,N,N,24,1,99,,A,,N,N,N,N,,ELV,399.4954,,,,26730001,,N,AAAAA,,O
22060,O,EV YAGGO DL BANANE 1,EV YAGGO DL BANANE 125G,,PCS,CTN,PCS,I,1,0,0,0,0,0,0,0,0,425,250,N,2023-11-03 00:00:00.000,2023-11-09 00:00:00.000,,3451790404108,2015-06-03 21:30:58.000,KAMAL,2025-01-07 00:00:00.000,MANOJ,M,,N,N,24,1,99,,A,,N,N,N,N,,ELV,399.4954,,,,26730101,,N,AAAAA,,O
22061,O,EV CREME DESSERT CHO,EV CREME DESSERT CHOCOLAT 100G,,PCS,CTN,PCS,I,1,0,0,0,0,0,0,0,0,450,,N,,,,3451790400810,2015-06-03 21:30:58.000,KAMAL,2021-08-23 20:13:58.000,GJ,M,,N,N,48,1,99,,A,,N,N,N,N,,ELV,399.4954,,,,26729906,,N,AAAAA,,O
22062,O,EV CREME DESSERT CAR,EV CREME DESSERT CARAMEL 100G,,PCS,CTN,PCS,I,1,0,0,0,0,0,0,0,0,450,,N,,,,3451790431647,2015-06-03 21:30:58.000,KAMAL,2021-08-23 20:13:58.000,GJ,M,,N,N,48,1,99,,A,,N,N,N,N,,ELV,399.4954,,,,26731105,,N,AAAAA,,O
22063,O,EV YAGGO DL ABRICOT,EV YAGGO DL ABRICOT 125G,,PCS,CTN,PCS,I,1,0,0,0,0,0,0,0,0,425,250,N,2023-11-03 00:00:00.000,2023-11-09 00:00:00.000,,3451790458804,2015-06-03 21:30:58.000,KAMAL,2025-01-07 00:00:00.000,MANOJ,M,,N,N,24,1,99,,A,,N,N,N,N,,ELV,,,,,26731601,,N,AAAAA,,O
22064,O,EV YAGGO DL FRAMBOIS,EV YAGGO DL FRAMBOISE 125G,,PCS,CTN,PCS,I,1,0,0,0,0,0,0,0,0,425,250,N,2023-09-21 00:00:00.000,2023-09-30 00:00:00.000,,3451790459795,2015-06-03 21:30:58.000,KAMAL,2025-01-07 00:00:00.000,MANOJ,M,,N,N,24,1,99,,A,,N,N,N,N,,ELV,399.4954,,,,26731703,,N,AAAAA,,O
22065,O,75CL SPARKLING WHITE,75CL SPARKLING WHITE GRAPE JUI,"CE """"FIESTA""""",PCS,CTN,PCS,I,1,0,0,0,0,0,0,0,0,2250,,N,,,,8436015880146,2015-06-04 19:51:28.000,KAMAL,2017-01-08 18:15:13.000,KAMAL,M,,N,N,12,1,99,,A,,N,N,N,N,,JUICE,1892.3465,,,,,,N,AAAAA,,O
22068,O,DIA FILS PARFUM POMM,DIA FILS PARFUM POMME 100G,X24,PCS,CTN,PCS,I,1,0,0,,,,,,,1250,,N,,,,8480017037329,2015-06-04 00:00:00.000,KAMAL,2017-01-08 18:15:13.000,KAMAL,,,N,N,24,1,99,0,I,,N,N,N,N,,DIA12,,,,,104615,,N,AAAAA,,O
22069,O,BRETON MADELEINES LO,BRETON MADELEINES LONGUES,RAISINS 250GM,PCS,CTN,PCS,I,1,0,0,,,,,,,1250,850,O,2018-08-10 00:00:00.000,2018-09-15 00:00:00.000,,3700157513190,2015-06-04 00:00:00.000,KAMAL,2018-08-10 00:00:00.000,RGCML,M,,N,N,12,1,99,,A,,N,N,N,N,,AIBC,,,,,722,,N,AAAAA,,O
22070,O,BRETON MADELEINES MA,BRETON MADELEINES MARBREES,RAISINS 250GM,PCS,CTN,PCS,I,1,0,0,,,,,,,1250,,N,,,,3700157513169,2015-06-04 00:00:00.000,KAMAL,2017-01-08 18:15:13.000,KAMAL,M,,N,N,12,1,99,0,A,,N,N,N,N,,AIBC,,,,,172,,N,AAAAA,,O
22170,O,NIVEA DEO ROLL_ON DR,NDEO RLL_ON DRY_ML 50ML,,PCS,CTN,PCS,I,1,0,0,0,0,0,0,0,0,1950,,O,2024-11-22 00:00:00.000,2024-12-22 00:00:00.000,,4005900088413,2015-06-08 20:56:40.000,KAMAL,2024-11-22 00:00:00.000,RGCML,M,,N,N,30,1,99,10,A,,N,N,N,N,,NIVEA,1682.0858,,,,81610-05600-64,,N,AAAAA,,O
19708,O,DIXAN ACTIVE POWER 5,DIXAN ACTIVE POWER 5.5KG LOT D,E 3,PCS,CTN,PCS,I,1,0,0,0,0,0,0,0,0,,,N,,,,,2015-04-11 13:19:37.000,KAMAL,,,M,,N,N,3,1,99,,I,,N,N,N,N,,ICI,,,,,,,N,AAAAA,,O
19711,O,XTRA FINO FB& SAVON,XTRA FINO FB& SAVON 400G CT  X,20,PCS,CTN,PCS,I,1,0,0,0,0,0,0,0,0,,,N,,,,,2015-04-11 13:19:37.000,KAMAL,,,M,,N,N,20,1,99,,I,,N,N,N,N,,ICI,,,,,,,N,AAAAA,,O
20462,O,BT SOL H GRISE 12M C,BT SOL H GRISE 12M CV INOX,,PCS,PCS,PCS,I,1,0,0,0,0,0,0,0,0,,,N,,,,,2015-05-05 20:21:03.000,KAMAL,2015-09-24 00:00:00.000,KAMAL,M,,N,N,1,1,99,,A,,N,N,N,N,,LEG,,,,,LG089605,,N,AAAAA,,O
20463,O,2P+T STD F/B AUTO 2M,2P+T STD F/B AUTO 2M BLANC,,PCS,PCS,PCS,I,1,0,0,0,0,0,0,0,0,,,N,,,,,2015-05-05 20:21:03.000,KAMAL,2015-09-24 00:00:00.000,KAMAL,M,,N,N,1,1,99,,I,,N,N,N,N,,LEG,,,,,LG177111,,N,AAAAA,,O
20464,O,UPS NIKY 1 KVA IEC U,UPS NIKY 1 KVA IEC USB,,PCS,PCS,PCS,I,1,0,0,0,0,0,0,0,0,,,N,,,,,2015-05-05 20:21:03.000,KAMAL,2017-11-10 00:00:00.000,KAMAL,M,,N,N,1,1,99,,A,,N,N,N,N,,LEG,,,,,LG310004,,N,AAAAA,,O
20465,O,UPS NIKY S2 KVA 1EC,UPS NIKY S2 KVA 1EC,,PCS,PCS,PCS,I,1,0,0,0,0,0,0,0,0,425000,,N,,,,,2015-05-05 20:21:03.000,KAMAL,2015-09-24 00:00:00.000,KAMAL,M,,N,N,1,1,99,,I,,N,N,N,N,,LEG,,,,,LG310007,,N,AAAAA,,O
20466,O,UPS NIKY S3 KVA 1EC,UPS NIKY S3 KVA 1EC,,PCS,PCS,PCS,I,1,0,0,0,0,0,0,0,0,595000,,N,,,,,2015-05-05 20:21:03.000,KAMAL,2015-09-24 00:00:00.000,KAMAL,M,,N,N,1,1,99,,I,,N,N,N,N,,LEG,,,,,LG310008,,N,AAAAA,,O
20467,O,UPS NIKY 600VA IEC S,UPS NIKY 600VA IEC SHK USB,,PCS,PCS,PCS,I,1,0,0,0,0,0,0,0,0,69500,,N,,,,2014035373,2015-05-05 20:21:03.000,KAMAL,2015-09-24 00:00:00.000,KAMAL,M,,N,N,1,1,99,,A,,N,N,N,N,,LEG,,,,,LG310009,,N,AAAAA,,O
20468,O,ASI KEOR MULTIPLUG 6,ASI KEOR MULTIPLUG 600 VA FR,,PCS,PCS,PCS,I,1,0,0,0,0,0,0,0,0,79500,,N,,,,3414970373083,2015-05-05 20:21:03.000,KAMAL,2018-07-06 00:00:00.000,DHARM,M,,N,N,1,1,99,,A,,N,N,N,N,,LEG,,,,,LG310040,,N,AAAAA,,O
68140,O,TOYOTA HILUX WHITE,TOYOTA HILUX WHITE,,PCS,PCS,PCS,I,1,0,0,0,0,0,0,0,0,,,N,,,,,2018-02-21 00:00:00.000,KAMAL,,,M,,N,N,1,1,99,,I,,N,N,N,N,,DIN,,,,,,,N,AAAAA,,O
20470,O,DNX3 1P+NG C20 4.5/6,DNX3 1P+NG C20 4.5/6K AC 30MA,,PCS,PCS,PCS,I,1,0,0,0,0,0,0,0,0,,,N,,,,,2015-05-05 20:21:03.000,KAMAL,2015-09-24 00:00:00.000,KAMAL,M,,N,N,1,1,99,,A,,N,N,N,N,,LEG,,,,,LG410706,,N,AAAAA,,O
20471,O,DLP FLUIDS COUVERCLE,DLP FLUIDS COUVERCLE 40X70,,MTR,MTR,MTR,I,1,0,0,0,0,0,0,0,0,,,N,,,,,2015-05-05 20:21:03.000,KAMAL,2015-10-15 00:00:00.000,KAMAL,M,,N,N,1,1,99,,I,,N,N,N,N,,LEG,,,,,LG611260,,N,AAAAA,,O
20472,O,MOULURE 20X12 MM 2M,MOULURE 20X12 MM 2M,,PCS,PCS,PCS,I,1,0,0,0,0,0,0,0,0,,,N,,,,,2015-05-05 20:21:04.000,KAMAL,2015-09-24 00:00:00.000,KAMAL,M,,N,N,1,1,99,,A,,N,N,N,N,,LEG,,,,,LG638120,,N,AAAAA,,O
20473,O,MOULURE 32X16 MM 2MM,MOULURE 32X16 MM 2MM,,PCS,PCS,PCS,I,1,0,0,0,0,0,0,0,0,1500,,N,,,,,2015-05-05 20:21:04.000,KAMAL,2015-09-24 00:00:00.000,KAMAL,M,,N,N,1,1,99,,A,,N,N,N,N,,LEG,,,,,LG638140,,N,AAAAA,,O
20474,O,CONDUIT CINTRABLE 34,CONDUIT CINTRABLE 3422 D20,,MTR,MTR,MTR,I,1,0,0,0,0,0,0,0,0,,,N,,,,LG651220,2015-05-05 20:21:04.000,KAMAL,2016-09-02 20:24:34.000,KAMAL,M,,N,N,1,1,99,,I,,N,N,N,N,,LEG,,,,,LG651220,,N,AAAAA,,O
20475,O,HUBLOT ROND ETANCHE,HUBLOT ROND ETANCHE 100W E27,,PCS,PCS,PCS,I,1,0,0,0,0,0,0,0,0,7500,,N,,,,3245060604516,2015-05-05 20:21:04.000,KAMAL,2017-02-25 00:00:00.000,JIN,M,,N,N,1,1,99,,A,,N,N,N,N,,LEG,,,,,LG060451,,N,AAAAA,,O
20476,O,BOITE 100 CRAIES BLA,BOITE 100 CRAIES GIOTTO ROBERC,OLOR BLANC,PCS,CTN,PCS,I,1,0,0,0,0,0,0,0,0,950,,O,,,,8000825538407,2015-05-05 20:21:04.000,KAMAL,2025-09-02 00:00:00.000,RGCML,M,,N,N,16,1,99,,A,,N,N,N,N,,CNSON,,,,,F538800,,N,AAAAA,,O
20477,O,ECRAN FUN COURBE L 1,ECRAN FUN COURBE L 100 BLEU LI,VRAISON AVEC MONTAGE,PCS,PCS,PCS,I,1,0,0,0,0,0,0,0,0,,,N,,,,,2015-05-05 20:30:06.000,KAMAL,,,M,,N,N,1,1,99,,A,,N,N,N,N,,ODP,,,,,5095197,,N,AAAAA,,O
20478,O,CPT CB 60 INTERMEDIA,CPT CB 60 INTERMEDIAIRE CONCAV,E BL,PCS,PCS,PCS,I,1,0,0,0,0,0,0,0,0,,,N,,,,,2015-05-05 20:30:06.000,KAMAL,,,M,,N,N,1,1,99,,I,,N,N,N,N,,ODP,,,,,5079375,,N,AAAAA,,O
20479,O,PANNEAU COTE HAUT TE,PANNEAU COTE HAUT TERMINAL GAU,CHE,PCS,PCS,PCS,I,1,0,0,0,0,0,0,0,0,,,N,,,,,2015-05-05 20:30:06.000,KAMAL,,,M,,N,N,1,1,99,,I,,N,N,N,N,,ODP,,,,,5980014,,N,AAAAA,,O
20480,O,PANNEAU COTE HAUT TE,PANNEAU COTE HAUT TERMINAL DRO,ITE,PCS,PCS,PCS,I,1,0,0,0,0,0,0,0,0,,,N,,,,,2015-05-05 20:30:06.000,KAMAL,,,M,,N,N,1,1,99,,I,,N,N,N,N,,ODP,,,,,5979987,,N,AAAAA,,O
20481,O,FAUTEUIL DIRECTION N,FAUTEUIL DIRECTION NOIR RS PRO, LIM,PCS,PCS,PCS,I,1,0,0,0,0,0,0,0,0,,,N,,,,,2015-05-05 20:30:06.000,KAMAL,,,M,,N,N,1,1,99,,I,,N,N,N,N,,ODP,,,,,7044956,,N,AAAAA,,O
20482,O,BUREAU DIRECTION SAN,BUREAU DIRECTION SANTOS,,PCS,PCS,PCS,I,1,0,0,0,0,0,0,0,0,,,N,,,,,2015-05-05 20:30:06.000,KAMAL,,,M,,N,N,1,1,99,,I,,N,N,N,N,,ODP,,,,,5078826,,N,AAAAA,,O
20483,O,PLAN CONVIVIALITE SA,PLAN CONVIVIALITE SANTOS,,PCS,PCS,PCS,I,1,0,0,0,0,0,0,0,0,,,N,,,,,2015-05-05 20:30:06.000,KAMAL,,,M,,N,N,1,1,99,,I,,N,N,N,N,,ODP,,,,,5078853,,N,AAAAA,,O
20484,O,RGT MI-HAUT 2 PT PLN,RGT MI-HAUT 2 PT PLN SANTOS,,PCS,PCS,PCS,I,1,0,0,0,0,0,0,0,0,,,N,,,,,2015-05-05 20:30:06.000,KAMAL,,,M,,N,N,1,1,99,,I,,N,N,N,N,,ODP,,,,,5077350,,N,AAAAA,,O
20485,O,ARMOIRE 2 PORTES SAN,ARMOIRE 2 PORTES SANTOS,,PCS,PCS,PCS,I,1,0,0,0,0,0,0,0,0,,,N,,,,,2015-05-05 20:30:06.000,KAMAL,,,M,,N,N,1,1,99,,A,,N,N,N,N,,ODP,,,,,5077377,,N,AAAAA,,O
20486,O,CAISSON MOBILE 2 T S,CAISSON MOBILE 2 T SANTOS,,PCS,PCS,PCS,I,1,0,0,0,0,0,0,0,0,,,N,,,,,2015-05-05 20:30:06.000,KAMAL,,,M,,N,N,1,1,99,,A,,N,N,N,N,,ODP,,,,,5077323,,N,AAAAA,,O
20487,O,TABLE RONDE SANTOS,TABLE RONDE SANTOS,,PCS,PCS,PCS,I,1,0,0,0,0,0,0,0,0,,,N,,,,,2015-05-05 20:30:06.000,KAMAL,,,M,,N,N,1,1,99,,A,,N,N,N,N,,ODP,,,,,5428881,,N,AAAAA,,O
21146,O,DECOLOR STOP INTENSE,DECOLOR STOP INTENSE X20 LINGE,TTES,PCS,CTN,PCS,I,1,0,0,0,0,0,0,0,0,4950,,N,,,,3152210008127,2015-05-23 16:55:45.000,KAMAL,2019-03-31 14:59:32.000,KAMAL,M,,N,N,12,1,99,,A,,N,N,N,N,,PIER,,,,,,,N,AAAAA,,O
21147,O,DECOLOR STOP REUTILI,DECOLOR STOP REUTILISABLE X1 L,INGETTES,PCS,CTN,PCS,I,1,0,0,0,0,0,0,0,0,3950,,N,,,,3152210006857,2015-05-23 16:55:45.000,KAMAL,2018-05-23 20:49:49.000,MANNU,M,,N,N,12,1,99,,A,,N,N,N,N,,PIER,,,,,,,N,AAAAA,,O
21148,O,2 EN 1 DECOLOR STOP,DECOLORSTOP SACHETS 2EN1 X12 N,EW,PCS,CTN,PCS,I,1,0,0,0,0,0,0,0,0,5500,,N,,,,3152210008301,2015-05-23 16:55:45.000,KAMAL,2019-03-31 14:59:32.000,KAMAL,M,,N,N,12,1,99,,A,,N,N,N,N,,HENKL,,,,,,,N,AAAAA,,O
21149,O,2 EN 1 DECOLOR STOP,DECOLORSTOP DETACHEUR 2EN1 X22,,PCS,CTN,PCS,I,1,0,0,0,0,0,0,0,0,8950,,N,,,,3152210008318,2015-05-23 16:55:45.000,KAMAL,2023-01-30 21:23:26.000,DIVYA,M,,N,N,8,1,99,,A,,N,N,N,N,,HENKL,,,,,2053133,,N,AAAAA,,O
21150,O,2 EN 1 DECOLOR STOP,2 EN 1 DECOLOR STOP + ANTI-CAL,CAIRE X12 SACHETS,PCS,CTN,PCS,I,1,0,0,0,0,0,0,0,0,,,N,,,,3152210008387,2015-05-23 16:55:45.000,KAMAL,,,M,,N,N,12,1,99,,I,,N,N,N,N,,PIER,,,,,,,N,AAAAA,,O
21151,O,2 EN 1 DECOLOR STOP,2 EN 1 DECOLOR STOP + ASSOUPLI,"SSANT """"ETE"""" X12 SACHETS",PCS,CTN,PCS,I,1,0,0,0,0,0,0,0,0,,,N,,,,3152210008523,2015-05-23 16:55:45.000,KAMAL,2015-09-22 18:57:44.000,KAMAL,M,,N,N,8,1,99,,I,,N,N,N,N,,PIER,,,,,,,N,AAAAA,,O
21152,O,BLANC INTENSE + DETA,SACHETS SUBLIMBLANC 2EN1 X12,,PCS,CTN,PCS,I,1,0,0,0,0,0,0,0,0,5500,,N,,,,3152210008400,2015-05-23 16:55:45.000,KAMAL,2019-03-31 14:59:32.000,KAMAL,M,,N,N,12,1,99,,A,,N,N,N,N,,HENKL,,,,,,,N,AAAAA,,O
21153,O,REBLANCHISSEUR  500G,EAU ECARLATE REBLANCH PDRE 500,G,PCS,CTN,PCS,I,1,0,0,0,0,0,0,0,0,2950,,N,,,,3152210008042,2015-05-23 16:55:45.000,KAMAL,2019-08-01 21:15:46.000,KAMAL,M,,N,N,12,1,99,,A,,N,N,N,N,,HENKL,,,,,2426058,,N,AAAAA,,O
21154,O,REBLANCHISSEUR  500G,REBLANCHISSEUR  500G + 20%,,PCS,CTN,PCS,I,1,0,0,0,0,0,0,0,0,,,N,,,,3152210008059,2015-05-23 16:55:45.000,KAMAL,,,M,,N,N,12,1,99,,I,,N,N,N,N,,PIER,,,,,,,N,AAAAA,,O
21155,O,REBLANCHISSEUR LIQUI,REBLANCHISSEUR LIQUIDE 1L,,PCS,CTN,PCS,I,1,0,0,0,0,0,0,0,0,2500,,N,,,,3152210008073,2015-05-23 16:55:45.000,KAMAL,2019-03-31 14:59:32.000,KAMAL,M,,N,N,12,1,99,,I,,N,N,N,N,,PIER,,,,,,,N,AAAAA,,O
170194,O,FLUXO 7 BLANC,FLUXO 7 BLANC,,PCS,PCS,PCS,I,1,0,0,0,0,0,0,0,0,,,N,,,,,2024-01-25 00:00:00.000,MANOJ,,,M,,N,N,1,1,,,A,,N,N,N,N,,LS,,,,,,,N,AAAAA,,O
20865,O,CORBEILLE A PAPIER M,CORBEILLE A PAPIER MESH NOIR,,PCS,PCS,PCS,I,1,0,0,0,0,0,0,0,0,,,N,,,,,2015-05-13 20:50:29.000,KAMAL,,,M,,N,N,1,1,99,,I,,N,N,N,N,,CAR,,,,,KF00873,,N,AAAAA,,O
20866,O,POT A CRAYONS MESH N,POT A CRAYONS MESH NOIR,,PCS,PCS,PCS,I,1,0,0,0,0,0,0,0,0,,,N,,,,,2015-05-13 20:50:29.000,KAMAL,,,M,,N,N,1,1,99,,A,,N,N,N,N,,CAR,,,,,KF00864,,N,AAAAA,,O
20867,O,BOITE DE 100 ANNEAUX,BOITE DE 100 ANNEAUX PLAST 6 M,,PCS,PCS,PCS,I,1,0,0,0,0,0,0,0,0,,,N,,,,,2015-05-13 20:50:29.000,KAMAL,,,M,,N,N,1,1,99,,I,,N,N,N,N,,CAR,,,,,KF24017,,N,AAAAA,,O
20938,O,EV CREAMY TOUCH PLAI,EV CREAMY TOUCH PLAIN 100X4X12,,PCS,CTN,PCS,I,1,0,0,0,0,0,0,0,0,500,,N,,,,3451790944888,2015-05-17 12:21:57.000,KAMAL,2017-01-08 18:15:03.000,KAMAL,M,,N,N,48,1,99,,A,,N,N,N,N,,ELV,399.4954,,,,29638701,,N,AAAAA,,O
20939,O,ARMCHAIRE ART. BURBI,ARMCHAIRE ART. BURBIK PLYWOOD,,PCS,PCS,PCS,I,1,0,0,0,0,0,0,0,0,,,N,,,,,2015-05-17 12:37:33.000,KAMAL,,,M,,N,N,1,1,99,,I,,N,N,N,N,,MNI,,,,,RUBIK RUB 1,,N,AAAAA,,O
20940,O,2 PLACES SOFAS ART.,2 PLACES SOFAS ART. RUBIK,,PCS,PCS,PCS,I,1,0,0,0,0,0,0,0,0,,,N,,,,,2015-05-17 12:37:33.000,KAMAL,,,M,,N,N,1,1,99,,A,,N,N,N,N,,MNI,,,,,RUBIK RUB 2,,N,AAAAA,,O
20941,O,3 PLACES SOFAS ART R,3 PLACES SOFAS ART RUBIK PLYWO,OD,PCS,PCS,PCS,I,1,0,0,0,0,0,0,0,0,,,N,,,,,2015-05-17 12:37:33.000,KAMAL,,,M,,N,N,1,1,99,,A,,N,N,N,N,,MNI,,,,,RUBIK RUB 3,,N,AAAAA,,O
20942,O,HIGH BACK OPERATIVE,HIGH BACK OPERATIVE CHIAR MOD,KARIN,PCS,PCS,PCS,I,1,0,0,0,0,0,0,0,0,,,N,,,,,2015-05-17 12:37:33.000,KAMAL,,,M,,N,N,1,1,99,,A,,N,N,N,N,,MNI,,,,,KAR-L A132 TB 55,,N,AAAAA,,O
20943,O,ARMCHAIR ART. RUBIK,ARMCHAIR ART. RUBIK,,PCS,PCS,PCS,I,1,0,0,0,0,0,0,0,0,,,N,,,,,2015-05-17 12:37:33.000,KAMAL,,,M,,N,N,1,1,99,,I,,N,N,N,N,,MNI,,,,,RUBIK_RUB 1,,N,AAAAA,,O
20944,O,3 SEATER BENCH MOD I,3 SEATERS BENCHE,,PCS,PCS,PCS,I,1,0,0,0,0,0,0,0,0,195000,,N,,,,20944,2015-05-17 12:37:33.000,KAMAL,2023-09-23 19:13:27.000,MANOJ,M,,N,N,1,1,99,,A,,N,N,N,N,,STSY,,,,,BENCH 3,,N,AAAAA,,O
20945,O,PALETTE OF 12 WATWEC,PALETTE OF 12 WATWECOLOR TABLE,TS25MM,PCS,PCS,PCS,I,1,0,0,0,0,0,0,0,0,,,N,,,,,2015-05-17 15:57:44.000,KAMAL,,,M,,N,N,1,1,99,,I,,N,N,N,N,,FACTI,,,,,53412,,N,AAAAA,,O
20946,O,BOX 5 CONE TIPPED WA,BOX 5 CONE TIPPED WATER BASED,FIBREPENS,PCS,PCS,PCS,I,1,0,0,0,0,0,0,0,0,,,N,,,,,2015-05-17 15:57:44.000,KAMAL,,,M,,N,N,1,1,99,,I,,N,N,N,N,,FACTI,,,,,612305,,N,AAAAA,,O
20947,O,BRIEFCASE OF 50 CONI,BRIEFCASE OF 50 CONIC  TIPPED,FIBREPENS,PCS,PCS,PCS,I,1,0,0,0,0,0,0,0,0,,,N,,,,,2015-05-17 15:57:44.000,KAMAL,,,M,,N,N,1,1,99,,I,,N,N,N,N,,FACTI,,,,,615350Y,,N,AAAAA,,O
22208,O,MEDIUM HEIGHT CABINE,MEDIUM HEIGHT CABINET . CM 200,X46XH160,SET,SET,SET,I,1,0,0,0,0,0,0,0,0,,,N,,,,,2015-06-09 21:48:43.000,KAMAL,,,M,,N,N,1,1,99,,I,,N,N,N,N,,BRALC,,,,,2AM 1016 B,,N,AAAAA,,O
22209,O,4 DRAWERS MOBILE PED,"4 DRAWERS MOBILE PEDESTAL, WIT",H LOCK.,SET,SET,SET,I,1,0,0,0,0,0,0,0,0,,,N,,,,,2015-06-09 21:48:43.000,KAMAL,,,M,,N,N,1,1,99,,I,,N,N,N,N,,BRALC,,,,,CM 0406 M4,,N,AAAAA,,O
22210,O,SERVICE CABINET ON 3,"SERVICE CABINET ON 3 DRAWERS,",1 DOOR CM 92X56X59,SET,SET,SET,I,1,0,0,0,0,0,0,0,0,,,N,,,,,2015-06-09 21:48:43.000,KAMAL,,,M,,N,N,1,1,99,,A,,N,N,N,N,,BRALC,,,,,TC 0806 OP,,N,AAAAA,,O
22211,O,BOOKSHELF CM 90X46XH,BOOKSHELF CM 90X46XH200,,SET,SET,SET,I,1,0,0,0,0,0,0,0,0,,,N,,,,,2015-06-09 21:48:43.000,KAMAL,,,M,,N,N,1,1,99,,A,,N,N,N,N,,BRALC,,,,,AA 0920 00,,N,AAAAA,,O
22212,O,"CABINET WITH DOORS,","CABINET WITH DOORS, . CM 90X46",XH200,SET,SET,SET,I,1,0,0,0,0,0,0,0,0,,,N,,,,,2015-06-09 21:48:43.000,KAMAL,,,M,,N,N,1,1,99,,I,,N,N,N,N,,BRALC,,,,,AA 0920 C0,,N,AAAAA,,O
22213,O,CABINET WITH UPPER V,CABINET WITH UPPER VG GLASS  C,M 90X46XH200,SET,SET,SET,I,1,0,0,0,0,0,0,0,0,,,N,,,,,2015-06-09 21:48:43.000,KAMAL,,,M,,N,N,1,1,99,,I,,N,N,N,N,,BRALC,,,,,AA 0920 B0,,N,AAAAA,,O
22214,O,ROUND MEETING TABLE,"ROUND MEETING TABLE , 25MM THI",CK. CM 120XH72,SET,SET,SET,I,1,0,0,0,0,0,0,0,0,,,N,,,,,2015-06-09 21:48:43.000,KAMAL,,,M,,N,N,1,1,99,,I,,N,N,N,N,,BRALC,,,,,MP 1212 P0,,N,AAAAA,,O
22215,O,"OVAL MEETING TABLE ,","OVAL MEETING TABLE , 25MM THIC",K. CM 240X120XH72,SET,SET,SET,I,1,0,0,0,0,0,0,0,0,,,N,,,,,2015-06-09 21:48:43.000,KAMAL,,,M,,N,N,1,1,99,,I,,N,N,N,N,,BRALC,,,,,MM 2412 CP,,N,AAAAA,,O
22216,O,"OVAL MEETING TABLE ,","OVAL MEETING TABLE , 25MM THIC",K. CM 360X120XH72,SET,SET,SET,I,1,0,0,0,0,0,0,0,0,,,N,,,,,2015-06-09 21:48:43.000,KAMAL,,,M,,N,N,1,1,99,,I,,N,N,N,N,,BRALC,,,,,MM 3612 0P,,N,AAAAA,,O
22217,O,LH DESK CM 180X100XH,"LH DESK CM 180X100XH72,  FINIS","HING WE, CM 137X62XH56,7",SET,SET,SET,I,1,0,0,0,0,0,0,0,0,,,N,,,,,2015-06-09 21:48:43.000,KAMAL,,,M,,N,N,1,1,99,,A,,N,N,N,N,,BRALC,,,,,JS 1810 S0,,N,AAAAA,,O
22218,O,RH DESK CM 180X100XH,"RH DESK CM 180X100XH72,  FINIS","HING WE, CM 137X62XH56,7",SET,SET,SET,I,1,0,0,0,0,0,0,0,0,,,N,,,,,2015-06-09 21:48:43.000,KAMAL,,,M,,N,N,1,1,99,,I,,N,N,N,N,,BRALC,,,,,JS 1810 D0,,N,AAAAA,,O
22219,O,HEIGHT CABINET WITH,HEIGHT CABINET WITH UPPER VG G,LASS DOORS. CM 1500X46XH200,SET,SET,SET,I,1,0,0,0,0,0,0,0,0,,,N,,,,,2015-06-09 21:48:43.000,KAMAL,,,M,,N,N,1,1,99,,A,,N,N,N,N,,BRALC,,,,,JM 1020 P0,,N,AAAAA,,O
22220,O,RH COMPACK WORKSTATI,RH COMPACK WORKSTATION CM 180X,162 CM,SET,SET,SET,I,1,0,0,0,0,0,0,0,0,,,N,,,,,2015-06-09 21:48:43.000,KAMAL,,,M,,N,N,1,1,99,,I,,N,N,N,N,,BRALC,,,,,PM 1817 0D,,N,AAAAA,,O
22221,O,LH COMPACK WORKSTATI,LH COMPACK WORKSTATION  CM 180,X162 CM,SET,SET,SET,I,1,0,0,0,0,0,0,0,0,,,N,,,,,2015-06-09 21:48:43.000,KAMAL,,,M,,N,N,1,1,99,,I,,N,N,N,N,,BRALC,,,,,PM 1817 0S,,N,AAAAA,,O
22222,O,RECTANGULAR DESK 3 D,RECTANGULAR DESK 3 DRAWERS PED,"ESTAL, 140X60XH72",SET,SET,SET,I,1,0,0,0,0,0,0,0,0,,,N,,,,,2015-06-09 21:48:43.000,KAMAL,,,M,,N,N,1,1,99,,A,,N,N,N,N,,BRALC,,,,,PM 1406 00,,N,AAAAA,,O
22223,O,L SHAPED RECEPTION C,L SHAPED RECEPTION COUNTER FUL,L SET,SET,SET,SET,I,1,0,0,0,0,0,0,0,0,,,N,,,,,2015-06-09 21:48:43.000,KAMAL,,,M,,N,N,1,1,99,,A,,N,N,N,N,,BRALC,,,,,RB 1605 00 FULL SET,,N,AAAAA,,O
22224,O,STRAIGHT RECEPTION C,STRAIGHT RECEPTION COUNTER FUL,L SET,SET,SET,SET,I,1,0,0,0,0,0,0,0,0,,,N,,,,,2015-06-09 21:48:43.000,KAMAL,,,M,,N,N,1,1,99,,A,,N,N,N,N,,BRALC,,,,,YF 1010 FC FULL SET,,N,AAAAA,,O
22225,O,RECTANGULAR DESK WIT,RECTANGULAR DESK WITH PANEL LE,"GS, 120X80XH72",SET,SET,SET,I,1,0,0,0,0,0,0,0,0,,,N,,,,,2015-06-09 21:48:43.000,KAMAL,,,M,,N,N,1,1,99,,I,,N,N,N,N,,BRALC,,,,,BA 1208 00,,N,AAAAA,,O
22226,O,RECTANGULAR DESK WIT,RECTANGULAR DESK WITH PANEL LE,"GS, 140X80XH72",SET,SET,SET,I,1,0,0,0,0,0,0,0,0,,,N,,,,,2015-06-09 21:48:43.000,KAMAL,,,M,,N,N,1,1,99,,I,,N,N,N,N,,BRALC,,,,,BA 1408 00,,N,AAAAA,,O
22227,O,RECTANGULAR DESK WIT,RECTANGULAR DESK WITH PANEL LE,"GS, 160X80XH72",SET,SET,SET,I,1,0,0,0,0,0,0,0,0,,,N,,,,,2015-06-09 21:48:43.000,KAMAL,,,M,,N,N,1,1,99,,A,,N,N,N,N,,BRALC,,,,,BA 1608 00,,N,AAAAA,,O
22228,O,RECTANGULAR DESK WIT,RECTANGULAR DESK WITH PANEL LE,"GS, 180X80XH72",SET,SET,SET,I,1,0,0,0,0,0,0,0,0,,,N,,,,,2015-06-09 21:48:43.000,KAMAL,,,M,,N,N,1,1,99,,A,,N,N,N,N,,BRALC,,,,,BA 1808 00,,N,AAAAA,,O
22229,O,FRONTAL RECTANGULAR,"FRONTAL RECTANGULAR SCREEN, 14","0X1,8XH40",SET,SET,SET,I,1,0,0,0,0,0,0,0,0,,,N,,,,,2015-06-09 21:48:43.000,KAMAL,,,M,,N,N,1,1,99,,A,,N,N,N,N,,BRALC,,,,,SH 1404 A0,,N,AAAAA,,O
22230,O,LATERAL SHAPED SCREE,LATERAL SHAPED SCREEN WITH SPE,"CIAL BRACKETS, 60X1,8XH32",SET,SET,SET,I,1,0,0,0,0,0,0,0,0,,,N,,,,,2015-06-09 21:48:43.000,KAMAL,,,M,,N,N,1,1,99,,I,,N,N,N,N,,BRALC,,,,,XP 0604 B0,,N,AAAAA,,O
19712,O,PRIL LEMON 650ML CTS,PRIL LEMON 650ML CTS DE 12,,PCS,CTN,PCS,I,1,0,0,0,0,0,0,0,0,,,N,,,,,2015-04-11 13:19:37.000,KAMAL,,,M,,N,N,12,1,99,,I,,N,N,N,N,,ICI,,,,,,,N,AAAAA,,O
19713,O,PRIL LIME 650ML CTS,PRIL LIME 650ML CTS DE 12,,PCS,CTN,PCS,I,1,0,0,0,0,0,0,0,0,,,N,,,,,2015-04-11 13:19:37.000,KAMAL,,,M,,N,N,12,1,99,,I,,N,N,N,N,,ICI,,,,,,,N,AAAAA,,O
19715,O,PRIL TRIPLE POWER LI,PRIL TRIPLE POWER LIME 1.25L C,TS DE 12,PCS,CTN,PCS,I,1,0,0,0,0,0,0,0,0,,,N,,,,,2015-04-11 13:19:37.000,KAMAL,,,M,,N,N,12,1,99,,I,,N,N,N,N,,ICI,,,,,,,N,AAAAA,,O
19716,O,PRIL TRIPLE POWER AP,PRIL TRIPLE POWER APPLE 1.25L,CT 12,PCS,CTN,PCS,I,1,0,0,0,0,0,0,0,0,,,N,,,,,2015-04-11 13:19:37.000,KAMAL,,,M,,N,N,12,1,99,,I,,N,N,N,N,,ICI,,,,,,,N,AAAAA,,O
19717,O,PRIL TRIPLE POWER LE,PRIL TRIPLE POWER LEMON 1.25L,CT 12,PCS,CTN,PCS,I,1,0,0,0,0,0,0,0,0,,,N,,,,,2015-04-11 13:19:37.000,KAMAL,,,M,,N,N,12,1,99,,I,,N,N,N,N,,ICI,,,,,,,N,AAAAA,,O
19720,O,BX165G PIMENT VERT K,BX165G PIMENT VERT KUHNE  X10,,PCS,CTN,PCS,I,1,0,0,0,0,0,0,0,0,1950,,N,,,,40804361,2015-04-11 13:43:08.000,KAMAL,,,M,,N,N,10,1,99,,A,,N,N,N,N,,SNIW,,,,,226340,,N,AAAAA,,O
19721,O,BX165G PIMENT ROUGE,BX165G PIMENT ROUGE KUHNE  X10,,PCS,CTN,PCS,I,1,0,0,0,0,0,0,0,0,1950,,N,,,,3104710007261,2015-04-11 13:43:08.000,KAMAL,2017-01-08 18:14:51.000,KAMAL,M,,N,N,10,1,99,,A,,N,N,N,N,,SNIW,,,,,226688,,N,AAAAA,,O
19722,O,HUILE PIZZA 25CL   C,25CL HUILE SPEC.PIZZA CAU,,PCS,CTN,PCS,I,1,0,0,0,0,0,0,0,0,2950,,N,,,,3336590101221,2015-04-11 13:43:08.000,KAMAL,2017-01-08 18:14:51.000,KAMAL,M,,N,N,8,1,99,,A,,N,N,N,N,,SARLC,,,,,306787,,N,AAAAA,,O
19724,O,TEQUILA   MAYA  70CL,TEQUILA   MAYA  70CL 35Ã*  X6,,PCS,CTN,PCS,I,1,0,0,0,0,0,0,0,0,7950,,N,,,,3132590049309,2015-04-11 13:43:08.000,KAMAL,2017-01-08 18:14:52.000,KAMAL,M,,N,N,6,1,99,,A,,N,N,N,N,,SNIW,,,,,642140,,N,AAAAA,,O
19725,O,BOURBON JIM BEAM 70C,JIM BEAM BOURBON 40D 70CL,,PCS,CTN,PCS,I,1,0,0,0,0,0,0,0,0,10950,,N,,,,5010196091008,2015-04-11 13:43:08.000,KAMAL,2022-07-11 21:09:55.000,KAMAL,M,,N,N,6,1,99,,A,,N,N,N,N,,GEP,,,,,414,,N,AAAAA,,O
19726,O,EAU DE VIE POIRE 70C,EAU DE VIE POIRE 70C.40D*  X6,,PCS,CTN,PCS,I,1,0,0,0,0,0,0,0,0,8950,,N,,,,5411353020006,2015-04-11 13:43:08.000,KAMAL,2017-01-08 18:14:52.000,KAMAL,M,,N,N,6,1,99,,A,,N,N,N,N,,SNIW,,,,,645408,,N,AAAAA,,O
19727,O,BOURBON 3 ANS 40Ã 70,BOURBON 3 ANS 40Ã 70C OLD  X6,,PCS,CTN,PCS,I,1,0,0,0,0,0,0,0,0,11950,,N,,,,3132593000710,2015-04-11 13:43:08.000,KAMAL,2017-01-08 18:14:52.000,KAMAL,M,,N,N,6,1,99,,I,,N,N,N,N,,SNIW,,,,,719807,,N,AAAAA,,O
19729,O,PICON BIERE 18DG LIT,PICON BIERE 18DG LITRE  X6,,PCS,CTN,PCS,I,1,0,0,0,0,0,0,0,0,8950,,N,,,,5010103925709,2015-04-11 13:43:08.000,KAMAL,2017-01-08 18:14:52.000,KAMAL,M,,N,N,6,1,99,,I,,N,N,N,N,,SNIW,,,,,636464,,N,AAAAA,,O
19730,O,LEFFE 9DG 25CL,LEFFE 9DG 25CL,,PCS,CTN,PCS,I,1,0,0,0,0,0,0,0,0,1500,,N,,,,5410228191551,2015-04-11 13:43:08.000,KAMAL,2022-06-29 00:00:00.000,GIRIS,M,,N,N,4,1,99,,A,,N,N,N,N,,SNIW,,,,,591644,,N,AAAAA,,O
19731,O,LEFFEE 9DG 75CL,LEFFEE 9DG 75CL,,PCS,CTN,PCS,I,1,0,0,0,0,0,0,0,0,4500,,N,,,,5410228191568,2015-04-11 13:43:08.000,KAMAL,2022-06-29 00:00:00.000,GIRIS,M,,N,N,6,1,99,,A,,N,N,N,N,,SNIW,,,,,591685,,N,AAAAA,,O
19733,O,BTE. 50CL GUINESS  X,GUINNESS DRAUGHT CAN 4.2% 24X0,.5L,PCS,CTN,PCS,I,1,0,0,0,0,0,0,0,0,1350,,N,,,,5000213101223,2015-04-11 13:43:08.000,KAMAL,2024-07-18 20:10:37.000,JT,M,,N,N,24,1,99,,A,,N,N,N,N,,OVERS,2060.5551,,,,610527,,N,AAAAA,,O
21992,O,1/2 GARNITURE BOUCHE,1/2 GARNITURE BOUCHEE R&R,,PCS,CTN,PCS,I,1,0,0,0,0,0,0,0,0,,,N,,,,3021690301120,2015-06-02 19:26:58.000,KAMAL,,,M,,N,N,12,1,99,,A,,N,N,N,N,,SARLC,,,,,541201,,N,AAAAA,,O
21993,O,1/2 QUENEL.VEAU FINA,1/2 QUENEL.VEAU FINAN.P.J,,PCS,CTN,PCS,I,1,0,0,0,0,0,0,0,0,2950,,N,,,,3038353912203,2015-06-02 19:26:58.000,KAMAL,,,M,,N,N,12,1,99,,A,,N,N,N,N,,SARLC,,,,,541268,,N,AAAAA,,O
32341,O,MDH JAL JEERA MASALA,MDH JAL JEERA MASALA 60X100GM,,PCS,CTN,PCS,I,1,0,0,0,0,0,0,0,0,1250,,N,,,,6291103750181,2016-03-16 20:30:57.000,KAMAL,2017-01-08 18:16:13.000,KAMAL,M,,N,N,60,1,99,,A,,N,N,N,N,,DIN,,,,,,,N,AAAAA,,O
32342,O,SENSODYNE T/PASTE OR,SENSODYNE T/PASTE ORIGINAL FLA,VOUR 72X100GM,PCS,CTN,PCS,I,1,0,0,0,0,0,0,0,0,2500,,N,,,,9310042627501,2016-03-16 20:30:57.000,KAMAL,2017-01-08 18:16:13.000,KAMAL,M,,N,N,72,1,99,,A,,N,N,N,N,,DIN,,,,,,,N,AAAAA,,O
32343,O,GILLETTE SHAVING GEL,GILLETTE SHAVING GEL COOL CLEA,NSING 6X200ML,PCS,CTN,PCS,I,1,0,0,0,0,0,0,0,0,3950,,N,,,,7702018001767,2016-03-16 20:30:57.000,KAMAL,2017-01-08 18:16:13.000,KAMAL,M,,N,N,6,1,99,,A,,N,N,N,N,,DIN,2943.6501,,,,,,N,AAAAA,,O
32344,O,GILLETTE SHAVING GEL,GILLETTE SHAVING GEL SENSITIVE, SKIN 6X200ML,PCS,CTN,PCS,I,1,0,0,0,0,0,0,0,0,2950,,N,,,,3014260214692,2016-03-16 20:30:57.000,KAMAL,2017-11-06 21:37:38.000,KAMAL,M,,N,N,6,1,99,,A,,N,N,N,N,,DIN,2943.6501,,,,,,N,AAAAA,,O
32345,O,GILLETTE MATCH 3 RAZ,GILLETTE MATCH 3 RAZER II BLAD,E 1X36,PCS,CTN,PCS,I,1,0,0,0,0,0,0,0,0,8950,,N,,,,47400179318,2016-03-16 20:30:58.000,KAMAL,2017-01-08 18:16:13.000,KAMAL,M,,N,N,36,1,99,,A,,N,N,N,N,,DIN,,,,,,,N,AAAAA,,O
32346,O,AL BAKAR CHAKKI ATTA,AL BAKAR CHAKKI ATTA 4X5KG,,PCS,CTN,PCS,I,1,0,0,0,0,0,0,0,0,,,N,,,,,2016-03-16 20:30:58.000,KAMAL,,,M,,N,N,4,1,99,,A,,N,N,N,N,,DIN,,,,,,,N,AAAAA,,O
32347,O,AL BAKAR CHAKKI ATTA,AL BAKAR CHAKKI ATTA 4X6KG,,PCS,CTN,PCS,I,1,0,0,0,0,0,0,0,0,,,N,,,,,2016-03-16 20:30:58.000,KAMAL,,,M,,N,N,4,1,99,,I,,N,N,N,N,,DIN,,,,,,,N,AAAAA,,O
32349,O,FARMAR TAMARIND 40X5,FARMAR TAMARIND 40X500GM,,PCS,CTN,PCS,I,1,0,0,0,0,0,0,0,0,,,N,,,,,2016-03-16 20:30:58.000,KAMAL,,,M,,N,N,40,1,99,,I,,N,N,N,N,,DIN,,,,,,,N,AAAAA,,O
32350,O,GIRNAR MASALA TEA 30,GIRNAR MASALA TEA 30X141GM,,PCS,CTN,PCS,I,1,0,0,0,0,0,0,0,0,2950,,N,,,,8901037255086,2016-03-16 20:30:58.000,KAMAL,2017-01-08 18:16:13.000,KAMAL,M,,N,N,30,1,99,,I,,N,N,N,N,,DIN,,,,,,,N,AAAAA,,O
32351,O,NUCREAMA CHCOCOLATE,NUCREAMA CHCOCOLATE SPREAD 12X,400GM,PCS,CTN,PCS,I,1,0,0,0,0,0,0,0,0,2950,,N,,,,5201127097552,2016-03-16 20:30:58.000,KAMAL,2017-01-08 18:16:13.000,KAMAL,M,,N,N,12,1,99,,A,,N,N,N,N,,DIN,,,,,,,N,AAAAA,,O
32352,O,V/G FRUIT COCKTAIL 2,V/G FRUIT COCKTAIL 24X420GM,,PCS,CTN,PCS,I,1,0,0,0,0,0,0,0,0,,,N,,,,6905005404256,2016-03-16 20:30:58.000,KAMAL,,,M,,N,N,24,1,99,,A,,N,N,N,N,,DIN,,,,,,,N,AAAAA,,O
32353,O,S-1 HONEY 12X400GM,S-1 HONEY 12X400GM,,PCS,CTN,PCS,I,1,0,0,0,0,0,0,0,0,,,N,,,,8906021921848,2016-03-16 20:30:58.000,KAMAL,,,M,,N,N,12,1,99,,I,,N,N,N,N,,DIN,,,,,,,N,AAAAA,,O
32354,O,S-1 HONEY 12X500GM,S-1 HONEY 12X500GM,,PCS,CTN,PCS,I,1,0,0,0,0,0,0,0,0,,,N,,,,8906021921831,2016-03-16 20:30:58.000,KAMAL,,,M,,N,N,12,1,99,,I,,N,N,N,N,,DIN,,,,,,,N,AAAAA,,O
32355,O,THAI CHOICE RED CURR,THAI CHOICE RED CURRY PASTE 12,X110GM,PCS,CTN,PCS,I,1,0,0,0,0,0,0,0,0,,,N,,,,8851978814074,2016-03-16 20:30:58.000,KAMAL,,,M,,N,N,12,1,99,,I,,N,N,N,N,,DIN,,,,,,,N,AAAAA,,O
32356,O,SULTAN COCONUT MILK,SULTAN COCONUT MILK POWDER 24X,300GM,PCS,CTN,PCS,I,1,0,0,0,0,0,0,0,0,,,N,,,,9501100129048,2016-03-16 20:30:58.000,KAMAL,,,M,,N,N,24,1,99,,I,,N,N,N,N,,DIN,,,,,,,N,AAAAA,,O
32357,O,FLORA PAPER NAPKIN 4,SMILEY NAPKIN WHITE 30X30,,PCS,CTN,PCS,I,1,0,0,0,0,0,0,0,0,750,,N,,,,6009661841162,2016-03-16 20:30:58.000,KAMAL,2017-04-24 00:00:00.000,DHARM,M,,N,N,40,1,99,,A,,N,N,N,N,,FOODS,,,,,,,N,AAAAA,,O
32358,O,ALU CONTAINER W/LID#,ALU CONTAINER W/LID# 8389 +5 L,ID 1X1000,PCS,CTN,PCS,I,1,0,0,0,0,0,0,0,0,,,N,,,,,2016-03-16 20:30:58.000,KAMAL,,,M,,N,N,1000,1,99,,A,,N,N,N,N,,DIN,,,,,,,N,AAAAA,,O
32359,O,ALU CONTAINER W/LID#,ALU CONTAINER W/LID# 8342+5 LI,D 1X1000,PCS,CTN,PCS,I,1,0,0,0,0,0,0,0,0,,,N,,,,,2016-03-16 20:30:58.000,KAMAL,,,M,,N,N,1000,1,99,,I,,N,N,N,N,,DIN,,,,,,,N,AAAAA,,O
21156,O,S.O.S LINGERIE,S.O.S LINGERIE,,PCS,CTN,PCS,I,1,0,0,0,0,0,0,0,0,,,N,,,,3152210005034,2015-05-23 16:55:45.000,KAMAL,,,M,,N,N,12,1,99,,I,,N,N,N,N,,PIER,,,,,,,N,AAAAA,,O
21157,O,RENOVATEUR DE LINGE,RENOVATEUR DE LINGE NOIR,,PCS,CTN,PCS,I,1,0,0,0,0,0,0,0,0,3950,,N,,,,3152210008783,2015-05-23 16:55:45.000,KAMAL,2019-03-31 14:59:33.000,KAMAL,M,,N,N,6,1,99,,A,,N,N,N,N,,PIER,,,,,,,N,AAAAA,,O
68141,O,MIX GOODS BOVIDA PNS,MIX GOODS BOVIDA PNS2 PNR, LIST NO. 7284,PCS,PCS,PCS,I,1,0,0,0,0,0,0,0,0,,,N,,,,,2018-02-21 00:00:00.000,KAMAL,,,M,,N,N,1,1,99,,I,,N,N,N,N,,0,,,,,,,N,AAAAA,,O
68212,O,LPM DEO GRENADE 200M,LPM DEO GRENADE 200MLX6,,PCS,CTN,PCS,I,1,0,0,0,0,0,0,0,0,2250,,N,,,,3574661327464,2018-03-01 11:43:38.000,KAMAL,2023-03-16 13:39:14.000,KAMAL,M,,N,N,6,1,99,,A,,N,N,N,N,,AIBC,,,,,,,N,AAAAA,,O
21160,O,JAVEL DOSE NATURE X4,JAVEL DOSE NATURE X42,,PCS,CTN,PCS,I,1,0,0,0,0,0,0,0,0,,,N,,,,3152211000442,2015-05-23 16:55:45.000,KAMAL,,,M,,N,N,24,1,99,,I,,N,N,N,N,,PIER,,,,,,,N,AAAAA,,O
21162,O,VU EXPERT X20 POCHET,VU EXPERT POCHETTES X20,,PCS,CTN,PCS,I,1,0,0,0,0,0,0,0,0,2250,,N,,,,3152210000558,2015-05-23 16:55:45.000,KAMAL,2019-03-31 14:59:33.000,KAMAL,M,,N,N,12,1,99,,A,,N,N,N,N,,HENKL,,,,,2629823,,N,AAAAA,,O
21163,O,VU VAPO COMPACT 20ML,VU NETTOYANT OPTIQUE VAPORISAT,EUR,PCS,CTN,PCS,I,1,0,0,0,0,0,0,0,0,3500,,N,,,,3152210002422,2015-05-23 16:55:45.000,KAMAL,2024-02-15 20:11:35.000,MANOJ,M,,N,N,12,1,99,,A,,N,N,N,N,,HENKL,,,,,2555421,,N,AAAAA,,O
21164,O,VIGOR 1.25L A L'ORAN,VIGOR 1.25L A L'ORANGE + 250ML, GRT,PCS,CTN,PCS,I,1,0,0,0,0,0,0,0,0,2750,,N,,,,3152210051413,2015-05-23 16:55:45.000,KAMAL,2017-01-08 18:15:06.000,KAMAL,M,,N,N,12,1,99,,A,,N,N,N,N,,PIER,2481.0765,,,,,,N,AAAAA,,O
21165,O,VIGOR ULTRA BRILLANT,VIGOR ULTRA BRILLANT FRAICHEUR, ALPINE 1.250L + 250ML,PCS,CTN,PCS,I,1,0,0,0,0,0,0,0,0,2750,,N,,,,3152210051536,2015-05-23 16:55:45.000,KAMAL,2017-01-08 18:15:06.000,KAMAL,M,,N,N,12,1,99,,A,,N,N,N,N,,PIER,2481.0765,,,,,,N,AAAAA,,O
21166,O,VIGOR 1.25L SAVON NO,VIGOR 1.25L SAVON NOIR,,PCS,CTN,PCS,I,1,0,0,0,0,0,0,0,0,,,N,,,,3152210057033,2015-05-23 16:55:45.000,KAMAL,2016-01-11 11:02:59.000,KAMAL,M,,N,N,12,1,99,,I,,N,N,N,N,,PIER,,,,,,,N,AAAAA,,O
21167,O,VIGOR FORCE 5 1.25L,VIGOR FORCE 5 1.25L,,PCS,CTN,PCS,I,1,0,0,0,0,0,0,0,0,2950,,N,,,,3152210050799,2015-05-23 16:55:45.000,KAMAL,2017-01-08 18:15:06.000,KAMAL,M,,N,N,12,1,99,,A,,N,N,N,N,,PIER,,,,,,,N,AAAAA,,O
21168,O,VIGOR A L'HUILE DE L,VIGOR A L'HUILE DE LIN 1.25L,,PCS,CTN,PCS,I,1,0,0,0,0,0,0,0,0,2950,,N,,,,3152210050805,2015-05-23 16:55:45.000,KAMAL,2017-01-08 18:15:06.000,KAMAL,M,,N,N,12,1,99,,A,,N,N,N,N,,PIER,,,,,,,N,AAAAA,,O
21170,O,VIGOR FORCE 5 SPRAY,VIGOR FORCE 5 SPRAY 650ML,,PCS,CTN,PCS,I,1,0,0,0,0,0,0,0,0,3500,,N,,,,3152210050829,2015-05-23 16:55:45.000,KAMAL,2017-01-08 18:15:06.000,KAMAL,M,,N,N,8,1,99,,A,,N,N,N,N,,PIER,,,,,,,N,AAAAA,,O
21171,O,VIGOR MULTI-SURFACE,VIGOR MULTI-SURFACE + VITRES S,PRAY 650ML,PCS,CTN,PCS,I,1,0,0,0,0,0,0,0,0,2950,,N,,,,3152210050522,2015-05-23 16:55:45.000,KAMAL,2017-01-08 18:15:06.000,KAMAL,M,,N,N,8,1,99,,I,,N,N,N,N,,PIER,,,,,,,N,AAAAA,,O
21172,O,VIGOR ANTI-BACTERIEN,VIGOR ANTI-BACTERIEN AVEC JAVE,L SPRAY 650ML,PCS,CTN,PCS,I,1,0,0,0,0,0,0,0,0,2950,,N,,,,3152210055015,2015-05-23 16:55:45.000,KAMAL,2017-01-08 18:15:06.000,KAMAL,M,,N,N,8,1,99,,I,,N,N,N,N,,PIER,,,,,,,N,AAAAA,,O
21173,O,VIGOR SAVON NOIR SPR,VIGOR SAVON NOIR SPRAY 650ML,,PCS,CTN,PCS,I,1,0,0,0,0,0,0,0,0,3500,,N,,,,3152210057019,2015-05-23 16:55:45.000,KAMAL,2017-01-08 18:15:06.000,KAMAL,M,,N,N,8,1,99,,I,,N,N,N,N,,PIER,,,,,,,N,AAAAA,,O
21174,O,VIGOR LOT DE 2 X 1.5,VIGOR LOT DE 2 X 1.5L SAVON NO,IR,PCS,CTN,PCS,I,1,0,0,0,0,0,0,0,0,,,N,,,,3152210052052,2015-05-23 16:55:45.000,KAMAL,2016-01-11 11:02:59.000,KAMAL,M,,N,N,6,1,99,,A,,N,N,N,N,,PIER,,,,,,,N,AAAAA,,O
21175,O,VIGOR LOT DE 2 X 1.5,VIGOR LOT DE 2 X 1.5L FRAICHEU,R VERTE,PCS,CTN,PCS,I,1,0,0,0,0,0,0,0,0,2750,,N,,,,3152210051383,2015-05-23 16:55:45.000,KAMAL,2017-01-08 18:15:06.000,KAMAL,M,,N,N,6,1,99,,A,,N,N,N,N,,PIER,2481.0765,,,,,,N,AAAAA,,O
21176,O,VIGOR CANALISATIONS,VIGOR CANALISATIONS FRAICHEUR,CITRON 1L,PCS,CTN,PCS,I,1,0,0,0,0,0,0,0,0,3950,,N,,,,3152210050003,2015-05-23 16:55:45.000,KAMAL,2017-01-08 18:15:06.000,KAMAL,M,,N,N,12,1,99,,I,,N,N,N,N,,PIER,,,,,,,N,AAAAA,,O
21177,O,VIGOR CANALISATIONS,VIGOR CANALISATIONS FRAICHEUR,CITRON 1L + 50% GRATUIT,PCS,CTN,PCS,I,1,0,0,0,0,0,0,0,0,3500,,N,,,,3152210050010,2015-05-23 16:55:45.000,KAMAL,2017-01-08 18:15:06.000,KAMAL,M,,N,N,12,1,99,,I,,N,N,N,N,,PIER,,,,,,,N,AAAAA,,O
21178,O,KH-7 DEGRAISSANT SPR,KH-7 DEGRAISSANT SPRAY 750ML,,PCS,CTN,PCS,I,1,0,0,0,0,0,0,0,0,,,N,,,,3420822020383,2015-05-23 16:55:45.000,KAMAL,,,M,,N,N,12,1,99,,I,,N,N,N,N,,PIER,,,,,,,N,AAAAA,,O
21179,O,SEPTIFOS VIGOR GEL W,SEPTIFOS VIGOR GEL WC 750ML,,PCS,CTN,PCS,I,1,0,0,0,0,0,0,0,0,2950,,N,,,,3152210053100,2015-05-23 16:55:45.000,KAMAL,2017-01-08 18:15:06.000,KAMAL,M,,N,N,12,1,99,,A,,N,N,N,N,,PIER,,,,,,,N,AAAAA,,O
21180,O,EPARCYL BAC A GRAISS,EPARCYL BAC A GRAISSE 500ML,,PCS,CTN,PCS,I,1,0,0,0,0,0,0,0,0,,,N,,,,3152210301327,2015-05-23 16:55:45.000,KAMAL,2016-01-11 11:02:59.000,KAMAL,M,,N,N,12,1,99,,A,,N,N,N,N,,PIER,,,,,,,N,AAAAA,,O
21181,O,EPARCYL 2EN1 750ML,EPARCYL 2EN1 750ML,,PCS,CTN,PCS,I,1,0,0,0,0,0,0,0,0,3500,,N,,,,3152210301471,2015-05-23 16:55:45.000,KAMAL,2023-10-24 18:50:10.000,MANOJ,M,,N,N,12,1,99,,A,,N,N,N,N,,HENKL,,,,,2052927,,N,AAAAA,,O
21182,O,CLARCYL GEL WC FRAIC,EPARCYL GEL WC PIN 750ML,,PCS,CTN,PCS,I,1,0,0,0,0,0,0,0,0,2500,,N,,,,3144220301411,2015-05-23 16:55:45.000,KAMAL,2018-05-23 20:49:54.000,MANNU,M,,N,N,12,1,99,,A,,N,N,N,N,,HENKL,,,,,2052930,,N,AAAAA,,O
30936,O,WD 2TB RED PRO 7200,WD 2TB RED PRO 7200 RPM 64 MB,SATA WD2001FFSX,PCS,PCS,PCS,I,1,0,0,0,0,0,0,0,0,,,N,,,,,2016-01-28 21:43:29.000,KAMAL,,,M,,N,N,1,1,99,,I,,N,N,N,N,,DIN,,,,,,,N,AAAAA,,O
30937,O,WD MY CLOUD 3TB GIGA,WD MY CLOUD 3TB GIGABIT ETHERN,ET USB 3.0 WDBCTL0030HWT-EESN,PCS,PCS,PCS,I,1,0,0,0,0,0,0,0,0,,,N,,,,718037811116,2016-01-28 21:43:29.000,KAMAL,,,M,,N,N,1,1,99,,A,,N,N,N,N,,DIN,,,,,,,N,AAAAA,,O
30939,O,WD RED NAS HDD INTER,WD RED NAS HDD INTERNAL SATA 3,TB WD30EFRX,PCS,PCS,PCS,I,1,0,0,0,0,0,0,0,0,,,N,,,,,2016-01-28 21:43:29.000,KAMAL,,,M,,N,N,1,1,99,,I,,N,N,N,N,,DIN,,,,,,,N,AAAAA,,O
30940,O,WD RED NAS HDD INTER,WD RED NAS HDD INTERNAL SATA 4,TB WD40EFRX,PCS,PCS,PCS,I,1,0,0,0,0,0,0,0,0,,,N,,,,,2016-01-28 21:43:29.000,KAMAL,,,M,,N,N,1,1,99,,I,,N,N,N,N,,DIN,,,,,,,N,AAAAA,,O
30941,O,WD RED NAS HDD INTER,WD RED NAS HDD INTERNAL SATA 6,TB WD60EFRX,PCS,PCS,PCS,I,1,0,0,0,0,0,0,0,0,,,N,,,,,2016-01-28 21:43:29.000,KAMAL,,,M,,N,N,1,1,99,,I,,N,N,N,N,,DIN,,,,,,,N,AAAAA,,O
31170,O,POTATO CHIPPER,POTATO CHIPPER,,PCS,PCS,PCS,I,1,0,0,0,0,0,0,0,0,17500,,N,,,,5000263080141,2016-02-06 09:53:36.000,KAMAL,2017-08-22 00:00:00.000,DHARM,M,,N,N,1,1,99,,A,,N,N,N,N,,DIN,,,,,,,N,AAAAA,,O
31171,O,PLASTIC WINGED CORKS,WINGED CROKSCREW (54052),,PCS,PCS,PCS,I,1,0,0,0,0,0,0,0,0,7500,,N,,,,5000263541529,2016-02-06 09:53:36.000,KAMAL,2017-01-08 18:16:04.000,KAMAL,M,,N,N,1,1,99,,A,,N,N,N,N,,DIN,,,,,54152,,N,AAAAA,,O
31172,O,SET PEPPERMILL & SAL,SET PEPPERMILL & SALT BOX,,PCS,PCS,PCS,I,1,0,0,0,0,0,0,0,0,6950,,N,,,,5000263424082,2016-02-06 09:53:36.000,KAMAL,2017-01-08 18:16:04.000,KAMAL,M,,N,N,1,1,99,,A,,N,N,N,N,,DIN,,,,,,,N,AAAAA,,O
31173,O,TOOL RACK,TOOL RACK,,PCS,PCS,PCS,I,1,0,0,0,0,0,0,0,0,,,N,,,,,2016-02-06 09:53:36.000,KAMAL,,,M,,N,N,1,1,99,,I,,N,N,N,N,,DIN,,,,,,,N,AAAAA,,O
31174,O,PARING KNIFE -  ABS,PARING KNIFE -  ABS HANDLE,,PCS,PCS,PCS,I,1,0,0,0,0,0,0,0,0,4500,,N,,,,5000263560018,2016-02-06 09:53:36.000,KAMAL,2023-10-23 00:00:00.000,NIKHI,M,,N,N,1,1,99,,A,,N,N,N,N,,DIN,,,,,,,N,AAAAA,,O
31175,O,UTILITY KNIFE - ABS,UTILITY KNIFE - ABS HANDLE,,PCS,PCS,PCS,I,1,0,0,0,0,0,0,0,0,4750,,N,,,,5000263560025,2016-02-06 09:53:36.000,KAMAL,,,M,,N,N,1,1,99,,A,,N,N,N,N,,DIN,,,,,,,N,AAAAA,,O
22231,O,GROMMET   GZ 0008 A0,GROMMET   GZ 0008 A0,,SET,SET,SET,I,1,0,0,0,0,0,0,0,0,,,N,,,,,2015-06-09 21:48:43.000,KAMAL,,,M,,N,N,1,1,99,,I,,N,N,N,N,,BRALC,,,,,GZ 0008 A0,,N,AAAAA,,O
22259,O,HP 280 MT PENTIUM G2,HP 280 MT PENTIUM G2030 2GO 50,0GO,PCS,PCS,PCS,I,1,0,0,0,0,0,0,0,0,,,N,,,,,2015-06-10 14:00:42.000,KAMAL,,,M,,N,N,1,1,99,,I,,N,N,N,N,,DVA,,,,,K8K55EA,,N,AAAAA,,O
22260,O,70CL TALISKER PRTRGH,TALISKER PRTRGH 70CL,,PCS,CTN,PCS,I,1,0,0,0,0,0,0,0,0,32500,,N,,,,5000281033143,2015-06-10 14:43:13.000,KAMAL,2022-10-06 17:45:45.000,MANOJ,M,,N,N,6,1,99,,A,,N,N,N,N,,DIA,,,,,685553,,N,AAAAA,,O
22261,O,70CL TALISKER STORM,TALISKER STORM 70CL,,PCS,CTN,PCS,I,1,0,0,0,0,0,0,0,0,32500,,N,2019-11-11 00:00:00.000,2019-11-30 00:00:00.000,,22261,2015-06-10 14:43:13.000,KAMAL,2022-10-06 17:45:45.000,MANOJ,M,,N,N,6,1,99,17,A,,N,N,N,N,,DIA,24810.7653,,,,679073,,N,AAAAA,,O
20792,O,DIA PAELLA MARINERA,DIA PAELLA MARINERA MICR 250G,,PCS,CTN,PCS,I,1,0,0,0,0,0,0,0,0,,,N,,,,8480017119841,2015-05-11 22:01:42.000,KAMAL,,,M,,N,N,10,1,99,,I,,N,N,N,N,,DIA12,,,,,170744,,N,AAAAA,,O
21922,O,EXCELLENCE NOIR MENT,EXCELLENCE NOIR MENTHE INTENSE, 100G,PCS,CTN,PCS,I,1,0,0,0,0,0,0,0,0,,,N,,,,,2015-06-01 20:56:10.000,KAMAL,,,M,,N,N,20,1,99,,I,,N,N,N,N,,SOFRA,,,,,LP352780,,N,AAAAA,,O
21923,O,EXC NOIR AMANDES TAB,EXC NOIR AMANDES TAB 100 GRS,,PCS,CTN,PCS,I,1,0,0,0,0,0,0,0,0,2250,,N,,,,3046920029698,2015-06-01 20:56:10.000,KAMAL,2017-01-08 18:15:11.000,KAMAL,M,,N,N,20,1,99,,I,,N,N,N,N,,SOFRA,,,,,LP352969,,N,AAAAA,,O
21924,O,EXCELLENCE NOIR FLEU,EXCELLENCE NOIR FLEUR DE SEL T,ABLETTE 100G,PCS,CTN,PCS,I,1,0,0,0,0,0,0,0,0,,,N,,,,,2015-06-01 20:56:10.000,KAMAL,,,M,,N,N,20,1,99,,I,,N,N,N,N,,SOFRA,,,,,LP352791,,N,AAAAA,,O
21925,O,EXCELLENCE NOIR CARA,EXCELLENCE NOIR CARAMEL FLEUR,DE  SEL TAB 100 GRS,PCS,CTN,PCS,I,1,0,0,0,0,0,0,0,0,2250,,N,,,,3046920027281,2015-06-01 20:56:10.000,KAMAL,2017-01-08 18:15:11.000,KAMAL,M,,N,N,20,1,99,,A,,N,N,N,N,,SOFRA,,,,,LP352728,,N,AAAAA,,O
21926,O,EXCELLENCE NOIR NOIX,EXCELLENCE NOIR NOIX DE COCO T,AB 100 GRS,PCS,CTN,PCS,I,1,0,0,0,0,0,0,0,0,2250,,N,,,,3046920027267,2015-06-01 20:56:10.000,KAMAL,2017-01-08 18:15:11.000,KAMAL,M,,N,N,20,1,99,,I,,N,N,N,N,,SOFRA,,,,,LP352726,,N,AAAAA,,O
21927,O,EXCELLENCE NOIR MYRT,EXCELLENCE NOIR MYRTILLE 100 G,RS,PCS,CTN,PCS,I,1,0,0,0,0,0,0,0,0,2250,1950,N,2019-05-18 00:00:00.000,2019-06-30 00:00:00.000,,3046920029452,2015-06-01 20:56:10.000,KAMAL,2019-06-24 00:00:00.000,RGCML,M,,N,N,20,1,99,,I,,N,N,N,N,,SOFRA,,,,,LP405356,,N,AAAAA,,O
21928,O,LINDOR LAIT 150G,LINDOR LAIT 150G,,PCS,CTN,PCS,I,1,0,0,0,0,0,0,0,0,,,N,,,,,2015-06-01 20:56:10.000,KAMAL,,,M,,N,N,15,1,99,,A,,N,N,N,N,,SOFRA,,,,,LP354283,,N,AAAAA,,O
21929,O,LINDOR NOIR TAB 150G,LINDOR NOIR TAB 150 GRS,,PCS,CTN,PCS,I,1,0,0,0,0,0,0,0,0,3450,,N,,,,3046920041362,2015-06-01 20:56:10.000,KAMAL,2017-01-08 18:15:11.000,KAMAL,M,,N,N,15,1,99,,A,,N,N,N,N,,SOFRA,,,,,LP354136,,N,AAAAA,,O
21930,O,CARRES LINDOR LAIT E,CARRES LINDOR LAIT ETUI 145GRS,,PCS,CTN,PCS,I,1,0,0,0,0,0,0,0,0,4500,,N,,,,3046920041911,2015-06-01 20:56:10.000,KAMAL,2017-01-08 18:15:11.000,KAMAL,M,,N,N,12,1,99,,A,,N,N,N,N,,SOFRA,,,,,LP354191,,N,AAAAA,,O
21931,O,CREATION LAIT PRALIN,CREATION LAIT PRALINE ROCHER T,ABLETTE 150 GRS,PCS,CTN,PCS,I,1,0,0,0,0,0,0,0,0,,,N,,,,,2015-06-01 20:56:10.000,KAMAL,,,M,,N,N,15,1,99,,I,,N,N,N,N,,SOFRA,,,,,LP354579,,N,AAAAA,,O
21933,O,CREATIONS LAIT DE CA,CREATION LAIT LE CRAMEL TAB 15,0 GRS,PCS,CTN,PCS,I,1,0,0,0,0,0,0,0,0,2950,,N,,,,3046920045643,2015-06-01 20:56:10.000,KAMAL,2017-01-08 18:15:11.000,KAMAL,M,,N,N,15,1,99,,I,,N,N,N,N,,SOFRA,,,,,LP354564,,N,AAAAA,,O
21934,O,CREATION CRÃME BRULE,CREATION CRÃME BRULEE TABLETTE, 150 GRS,PCS,CTN,PCS,I,1,0,0,0,0,0,0,0,0,2750,,N,,,,3046920045773,2015-06-01 20:56:10.000,KAMAL,2017-01-08 18:15:11.000,KAMAL,M,,N,N,15,1,99,,A,,N,N,N,N,,SOFRA,,,,,LP354580,,N,AAAAA,,O
21935,O,CREATION MOUSSE NOIR,CREATION MOUSSE NOIR 140G,,PCS,CTN,PCS,I,1,0,0,0,0,0,0,0,0,,,N,,,,,2015-06-01 20:56:10.000,KAMAL,,,M,,N,N,11,1,99,,I,,N,N,N,N,,SOFRA,,,,,LP402565,,N,AAAAA,,O
21936,O,MOUSSE AU CHOCO BLAN,MOUSSE AU CHOCOLAT BLANC TAB 1,40 GRS,PCS,CTN,PCS,I,1,0,0,0,0,0,0,0,0,3450,,N,,,,7610400073967,2015-06-01 20:56:10.000,KAMAL,2017-01-08 18:15:11.000,KAMAL,M,,N,N,11,1,99,,A,,N,N,N,N,,SOFRA,,,,,LP727045,,N,AAAAA,,O
21937,O,CREATION LAIT NOUGHA,CREATION LAIT NOUGHAT TABLETTE, 150G,PCS,CTN,PCS,I,1,0,0,0,0,0,0,0,0,,,N,,,,,2015-06-01 20:56:10.000,KAMAL,,,M,,N,N,15,1,99,,I,,N,N,N,N,,SOFRA,,,,,LP354441,,N,AAAAA,,O
21939,O,CREATION LAIT RHUM R,CREATION LAIT RHUM RAISING TAB,LETTE 150 GRS,PCS,CTN,PCS,I,1,0,0,0,0,0,0,0,0,3450,,N,,,,3046920044714,2015-06-01 20:56:10.000,KAMAL,2017-01-08 18:15:11.000,KAMAL,M,,N,N,15,1,99,,A,,N,N,N,N,,SOFRA,,,,,LP354471,,N,AAAAA,,O
21940,O,CREATION LAIT PRALIN,CREATION LAIT PRALLNE FEULLETT,E 150 GRS,PCS,CTN,PCS,I,1,0,0,0,0,0,0,0,0,2750,,N,,,,3046920045711,2015-06-01 20:56:10.000,KAMAL,2017-01-08 18:15:11.000,KAMAL,M,,N,N,14,1,99,,A,,N,N,N,N,,SOFRA,,,,,LP354571,,N,AAAAA,,O
21941,O,CREATION NOIR GRENAC,CREATIOIN NOIR GRANCHE FRAMBOI,SE 150GR,PCS,CTN,PCS,I,1,0,0,0,0,0,0,0,0,2750,,N,,,,3046920045704,2015-06-01 20:56:10.000,KAMAL,2017-01-08 18:15:11.000,KAMAL,M,,N,N,14,1,99,,I,,N,N,N,N,,SOFRA,,,,,LP354570,,N,AAAAA,,O
21942,O,CREATION 70% COULIS,CREATION 70% COULIS DE CHOCO T,AB 150G,PCS,CTN,PCS,I,1,0,0,0,0,0,0,0,0,,,N,,,,,2015-06-01 20:56:10.000,KAMAL,,,M,,N,N,15,1,99,,I,,N,N,N,N,,SOFRA,,,,,LP354552,,N,AAAAA,,O
21943,O,CREATION 70%COULIS D,CREATION 70% COULIS D'ORANGE T,AB 150 GRS,PCS,CTN,PCS,I,1,0,0,0,0,0,0,0,0,2950,,N,,,,3046920045537,2015-06-01 20:56:10.000,KAMAL,2017-01-08 18:15:11.000,KAMAL,M,,N,N,15,1,99,,A,,N,N,N,N,,SOFRA,,,,,LP354553,,N,AAAAA,,O
21944,O,CREATION 70% COULIS,CREATION 70% COULIS DE MENTHE,TABLETTE 150 GRS,PCS,CTN,PCS,I,1,0,0,0,0,0,0,0,0,,,N,,,,,2015-06-01 20:56:10.000,KAMAL,,,M,,N,N,15,1,99,,I,,N,N,N,N,,SOFRA,,,,,LP354568,,N,AAAAA,,O
21945,O,CHOCOLETT LAIT PRALI,CHOCOLETT LEIT PRALANE NOISETT,ES ETUL 100 GRS,PCS,CTN,PCS,I,1,0,0,0,0,0,0,0,0,1450,,N,,,,3046920023009,2015-06-01 20:56:10.000,KAMAL,2017-01-08 18:15:11.000,KAMAL,M,,N,N,20,1,99,,A,,N,N,N,N,,SOFRA,,,,,LP727267,,N,AAAAA,,O
21946,O,LINDOR LAIT NOISETTE,LINDOR LAIT NOISETTES 150 GRS,,PCS,CTN,PCS,I,1,0,0,0,0,0,0,0,0,2950,,N,,,,3046920042802,2015-06-01 20:56:10.000,KAMAL,2017-01-08 18:15:11.000,KAMAL,M,,N,N,14,1,99,,A,,N,N,N,N,,SOFRA,,,,,LP354280,,N,AAAAA,,O
21947,O,LINDOR ASSORTIS COME,LINDOR ASSORTIS CORNET 200GRS,,PCS,CTN,PCS,I,1,0,0,0,0,0,0,0,0,8500,,N,,,,8003340097244,2015-06-01 20:56:10.000,KAMAL,2025-12-23 00:00:00.000,RGCML,M,,N,N,10,1,99,,A,,N,N,N,N,,SOFRA,,,,,LP859684,,N,AAAAA,,O
21948,O,BOULES LINDOR LAIT C,BOULES LINDOR LAIT CORNET 200G,RS,PCS,CTN,PCS,I,1,0,0,0,0,0,0,0,0,8500,,N,,,,8003340090177,2015-06-01 20:56:10.000,KAMAL,2017-01-08 18:15:11.000,KAMAL,M,,N,N,10,1,99,,A,,N,N,N,N,,SOFRA,,,,,LP859683,,N,AAAAA,,O
21949,O,BOULES LINDOR LAIT B,BOULES LINDOR LAIT BOITE COEUR, 160G,PCS,CTN,PCS,I,1,0,0,0,0,0,0,0,0,,,N,,,,,2015-06-01 20:56:10.000,KAMAL,,,M,,N,N,16,1,99,,A,,N,N,N,N,,SOFRA,,,,,LP859741,,N,AAAAA,,O
21950,O,BOULES LINDOR LAIT E,BOULES LINDOR LAIT ETUI ROSES,160G,PCS,CTN,PCS,I,1,0,0,0,0,0,0,0,0,,,N,,,,,2015-06-01 20:56:10.000,KAMAL,,,M,,N,N,9,1,99,,I,,N,N,N,N,,SOFRA,,,,,LP357262,,N,AAAAA,,O
21951,O,HELLO NOIR CREAM COO,HELLO NOIR CREAM COOKIES 100 G,RS,PCS,CTN,PCS,I,1,0,0,0,0,0,0,0,0,2950,1000,O,2016-12-07 00:00:00.000,2016-12-30 00:00:00.000,,3046920047326,2015-06-01 20:56:10.000,KAMAL,2017-01-08 18:15:11.000,KAMAL,M,,N,N,12,1,99,,A,,N,N,N,N,,SOFRA,,,,,LP354732,,N,AAAAA,,O
21952,O,HELLO LAIT CRUNCHY N,HELLO LAIT CRUNCHY NUTS 100GRS,,PCS,CTN,PCS,I,1,0,0,0,0,0,0,0,0,2950,,N,,,,4000539222108,2015-06-01 20:56:10.000,KAMAL,2017-01-08 18:15:11.000,KAMAL,M,,N,N,12,1,99,,A,,N,N,N,N,,SOFRA,,,,,LP422216,,N,AAAAA,,O
32360,O,JAGGERY 10X1KG,JAGGERY 10X1KG,,PCS,CTN,PCS,I,1,0,0,0,0,0,0,0,0,,,N,,,,32360,2016-03-16 20:30:58.000,KAMAL,2019-11-11 17:47:42.000,KAMAL,M,,N,N,10,1,99,,I,,N,N,N,N,,DIN,,,,,,,N,AAAAA,,O
32361,O,CARDAMOM JLG 1X5KG,CARDAMOM JLG 1X5KG,,PCS,PCS,PCS,I,1,0,0,0,0,0,0,0,0,,,N,,,,,2016-03-16 20:30:58.000,KAMAL,,,M,,N,N,1,1,99,,I,,N,N,N,N,,DIN,,,,,,,N,AAAAA,,O
32362,O,ASEEL VEG GHEE 12X1K,ASEEL VEG GHEE 12X1KG,,PCS,CTN,PCS,I,1,0,0,0,0,0,0,0,0,,,N,,,,631583101022,2016-03-16 20:30:58.000,KAMAL,,,M,,N,N,12,1,99,,I,,N,N,N,N,,DIN,,,,,,,N,AAAAA,,O
32363,O,CHARMAGAZ 1X10KG,CHARMAGAZ 1X10KG,,PCS,PCS,PCS,I,1,0,0,0,0,0,0,0,0,,,N,,,,,2016-03-16 20:30:58.000,KAMAL,,,M,,N,N,1,1,99,,I,,N,N,N,N,,DIN,,,,,,,N,AAAAA,,O
32364,O,CHILLI POWDER KASHMI,CHILLI POWDER KASHMIRI 1X15KG,,PCS,PCS,PCS,I,1,0,0,0,0,0,0,0,0,,,N,,,,,2016-03-16 20:30:58.000,KAMAL,,,M,,N,N,1,1,99,,A,,N,N,N,N,,DIN,,,,,,,N,AAAAA,,O
32365,O,TOOR DAL 777 1X15KG,TOOR DAL 777 1X15KG,,PCS,PCS,PCS,I,1,0,0,0,0,0,0,0,0,,,N,,,,,2016-03-16 20:30:58.000,KAMAL,,,M,,N,N,1,1,99,,I,,N,N,N,N,,DIN,,,,,,,N,AAAAA,,O
32366,O,HALDI POWDER 1X25KG,HALDI POWDER 1X25KG,,PCS,PCS,PCS,I,1,0,0,0,0,0,0,0,0,,,N,,,,,2016-03-16 20:30:58.000,KAMAL,,,M,,N,N,1,1,99,,I,,N,N,N,N,,DIN,,,,,,,N,AAAAA,,O
32367,O,JEERA POWDER 1X15KG,JEERA POWDER 1X15KG,,PCS,PCS,PCS,I,1,0,0,0,0,0,0,0,0,,,N,,,,,2016-03-16 20:30:58.000,KAMAL,,,M,,N,N,1,1,99,,A,,N,N,N,N,,DIN,,,,,,,N,AAAAA,,O
32368,O,BUSH COLOUR LEMON YE,BUSH COLOUR LEMON YELLOW 1X120,X100GM,PCS,CTN,PCS,I,1,0,0,0,0,0,0,0,0,,,N,,,,,2016-03-16 20:30:58.000,KAMAL,,,M,,N,N,120,1,99,,A,,N,N,N,N,,DIN,,,,,,,N,AAAAA,,O
32369,O,BUSH COLOUR ORANGE R,BUSH COLOUR ORANGE RED 1X120X1,00GM,PCS,CTN,PCS,I,1,0,0,0,0,0,0,0,0,,,N,,,,,2016-03-16 20:30:58.000,KAMAL,,,M,,N,N,120,1,99,,I,,N,N,N,N,,DIN,,,,,,,N,AAAAA,,O
32370,O,KASHMIRI METHI 72X50,KASHMIRI METHI 72X50GM,,PCS,CTN,PCS,I,1,0,0,0,0,0,0,0,0,,,N,,,,,2016-03-16 20:30:58.000,KAMAL,,,M,,N,N,72,1,99,,I,,N,N,N,N,,DIN,,,,,,,N,AAAAA,,O
32372,O,NATURES CHOICE AJWAN,NATURES CHOICE AJWAN SEED 5X1K,G,PCS,PCS,PCS,I,1,0,0,0,0,0,0,0,0,,,N,,,,6294004550911,2016-03-16 20:30:58.000,KAMAL,,,M,,N,N,1,1,99,,A,,N,N,N,N,,DIN,,,,,,,N,AAAAA,,O
32374,O,NATURES CHOICE BLACK,NATURES CHOICE BLACK SALT POWD,ER 1KG,PCS,PCS,PCS,I,1,0,0,0,0,0,0,0,0,,,N,,,,6294004541032,2016-03-16 20:30:58.000,KAMAL,2019-04-30 00:00:00.000,KAMAL,M,,N,N,1,1,99,,A,,N,N,N,N,,FOODS,,,,,,,N,AAAAA,,O
32375,O,NATURES CHOICE CHAT,NATURES CHIOCES CHAAT MASALA 1, KG,PCS,PCS,PCS,I,1,0,0,0,0,0,0,0,0,7000,,N,,,,6294004543258,2016-03-16 20:30:58.000,KAMAL,2019-05-17 00:00:00.000,RGCML,M,,N,N,1,1,99,,A,,N,N,N,N,,DIN,,,,,,,N,AAAAA,,O
32376,O,AL BAKAR CHAKKI ATTA,AL BAKAR CHAKKI ATTA 4X5KG,,PCS,CTN,PCS,I,1,0,0,0,0,0,0,0,0,,,N,,,,,2016-03-16 20:30:58.000,KAMAL,,,M,,N,N,4,1,99,,A,,N,N,N,N,,DIN,,,,,,,N,AAAAA,,O
32377,O,URAD WHOLE BLACK 1X1,URAD WHOLE BLACK 1X15KG,,PCS,PCS,PCS,I,1,0,0,0,0,0,0,0,0,,,N,,,,,2016-03-16 20:30:58.000,KAMAL,,,M,,N,N,1,1,99,,I,,N,N,N,N,,DIN,,,,,,,N,AAAAA,,O
32378,O,"LG LED 79"""" 79UF770T","LG LED 79"""" 79UF770T (AS PER I",NSTRUSCTION FROM PSD SIR),PCS,PCS,PCS,I,1,0,0,0,0,0,0,0,0,,,N,,,,,2016-03-16 21:14:55.000,KAMAL,,,M,,N,N,1,1,99,,I,,N,N,N,N,,DIN,,,,,,,N,AAAAA,,O
32379,O,ALMONDS,ALMONDS,,PCS,PCS,PCS,I,1,0,0,0,0,0,0,0,0,,,N,,,,,2016-03-16 21:14:55.000,KAMAL,,,M,,N,N,1,1,99,,A,,N,N,N,N,,DIN,,,,,,,N,AAAAA,,O
22201,O,LH COMPACT DESK WITH,LH COMPACT DESK WITH 25MM THIC,K . CM 140X120XH72,SET,SET,SET,I,1,0,0,0,0,0,0,0,0,,,N,,,,,2015-06-09 21:48:43.000,KAMAL,,,M,,N,N,1,1,99,,A,,N,N,N,N,,BRALC,,,,,XP 1412 0S,,N,AAAAA,,O
22202,O,RH COMPACT DESK WITH,RH COMPACT DESK WITH 25MM THIC,K . CM 160X120XH72,SET,SET,SET,I,1,0,0,0,0,0,0,0,0,,,N,,,,,2015-06-09 21:48:43.000,KAMAL,,,M,,N,N,1,1,99,,A,,N,N,N,N,,BRALC,,,,,XP 1612 0D,,N,AAAAA,,O
22203,O,LH COMPACT DESK WITH,LH COMPACT DESK WITH 25MM THIC,K . CM 160X120XH72,SET,SET,SET,I,1,0,0,0,0,0,0,0,0,,,N,,,,,2015-06-09 21:48:43.000,KAMAL,,,M,,N,N,1,1,99,,A,,N,N,N,N,,BRALC,,,,,XP 1612 0S,,N,AAAAA,,O
68116,O,VIN ROUGE CASANOVA 1,VIN ROUGE CASANOVA 10LTR TISSE,,PCS,PCS,PCS,I,1,0,0,0,0,0,0,0,0,19500,,N,,,,,2018-02-20 00:00:00.000,JACKY,2024-04-16 00:00:00.000,RGCML,M,,N,N,1,1,99,,A,,N,N,N,N,,LOCAL,,,,,,,N,AAAAA,,O
22205,O,DESK CM 180X100XH72,DESK CM 180X100XH72 1  CM 137X,"62XH56,7",SET,SET,SET,I,1,0,0,0,0,0,0,0,0,,,N,,,,,2015-06-09 21:48:43.000,KAMAL,,,M,,N,N,1,1,99,,I,,N,N,N,N,,BRALC,,,,,SR 1810 DZ,,N,AAAAA,,O
22206,O,DESK CM 180X100XH72,DESK CM 180X100XH72  CM 100X60,XH72,SET,SET,SET,I,1,0,0,0,0,0,0,0,0,,,N,,,,,2015-06-09 21:48:43.000,KAMAL,,,M,,N,N,1,1,99,,I,,N,N,N,N,,BRALC,,,,,SR 1810 A0,,N,AAAAA,,O
22207,O,DESK CM 180X100XH72,DESK CM 180X100XH72 137X62XH56,"0,7",SET,SET,SET,I,1,0,0,0,0,0,0,0,0,,,N,,,,,2015-06-09 21:48:43.000,KAMAL,,,M,,N,N,1,1,99,,A,,N,N,N,N,,BRALC,,,,,DS 1810 DZ,,N,AAAAA,,O
32568,O,BIC MINI COMFORT SEN,BIC MINI COMFORT SENS - CAN 90,ML,PCS,CTN,PCS,I,1,0,0,0,0,0,0,0,0,2250,,N,,,,3086126768687,2016-04-26 12:16:55.000,KAMAL,2019-09-27 08:06:11.000,MANNU,M,,N,N,6,1,99,,A,,N,N,N,N,,BIC,,,,,8731653,,N,AAAAA,,O
32569,O,BIC MINI COMFORT SEN,BIC MINI COMFORT GEL SENS - CA,N 75ML,PCS,CTN,PCS,I,1,0,0,0,0,0,0,0,0,2950,,N,,,,3086126799261,2016-04-26 12:16:55.000,KAMAL,2019-09-27 08:06:13.000,MANNU,M,,N,N,6,1,99,,A,,N,N,N,N,,BIC,,,,,8731673,,N,AAAAA,,O
32570,O,BIC MINI GEL SOLIEL,BIC MINI GEL SOLEIL LADY PINK,CAN 75ML,PCS,CTN,PCS,I,1,0,0,0,0,0,0,0,0,1950,,N,,,,3086126799254,2016-04-26 12:16:55.000,KAMAL,2020-12-08 19:50:13.000,KAMAL,M,,N,N,6,1,99,,A,,N,N,N,N,,BIC,,,,,8731693,,N,AAAAA,,O
32629,O,NICOLAS FEUILLATTE 7,NICOLAS FEUILLATTE 75CL BRUTRE,S BOITE X'PLORAT,PCS,CTN,PCS,I,1,0,0,0,0,0,0,0,0,19500,,N,,,,3282946049467,2016-04-27 22:08:15.000,KAMAL,2017-01-08 18:16:16.000,KAMAL,M,,N,N,6,1,99,,I,,N,N,N,N,,NFEU,22287.6367,,,,CC4629C062E,,N,AAAAA,,O
32630,O,NICOLAS FEUILLATTE,NICOLAS FEUILLATTE  RESERVE EX,CELLENCE BRUT 20CL,PCS,CTN,PCS,I,1,0,0,0,0,0,0,0,0,6950,,N,,,,3282946013529,2016-04-27 22:08:15.000,KAMAL,2021-06-16 00:00:00.000,GJ,M,,N,N,24,1,99,,A,,N,N,N,N,,NFEU,6307.8217,,,,CC4544C242E,,N,AAAAA,,O
32631,O,NICOLAS FEUILLATTE 2,NICOLAS FEUILLATTE 20CL ROSE,,PCS,CTN,PCS,I,1,0,0,0,0,0,0,0,0,7950,,N,,,,3282946013536,2016-04-27 22:08:15.000,KAMAL,2017-01-08 18:16:16.000,KAMAL,M,,N,N,24,1,99,,A,,N,N,N,N,,NFEU,7989.9075,,,,,,N,AAAAA,,O
32632,O,NICOLAS FEUILLATTE 1,NICOLAS FEUILLATTE 150CL EXP R,OSE,PCS,CTN,PCS,I,1,0,0,0,0,0,0,0,0,39500,,N,,,,3282946015400,2016-04-27 22:08:15.000,KAMAL,2019-03-11 00:00:00.000,RGCML,M,,N,N,6,1,99,,A,,N,N,N,N,,NFEU,44154.7519,,,,,,N,AAAAA,,O
32633,O,NICOLAS FEUILLATTE 7,NICOLAS FEUILLATTE 75CL EXP GC,RU,PCS,CTN,PCS,I,1,0,0,0,0,0,0,0,0,32500,,N,,,,3282946016124,2016-04-27 22:08:15.000,KAMAL,2018-06-27 00:00:00.000,RGCML,M,,N,N,6,1,99,,A,,N,N,N,N,,NFEU,,,,,,,N,AAAAA,,O
32634,O,NICOLAS FEUILLATTE 7,NICOLAS FEUILLATTE 75CL CHAR M,IL06,PCS,CTN,PCS,I,1,0,0,0,0,0,0,0,0,24500,,N,,,,88586004049,2016-04-27 22:08:15.000,KAMAL,,,M,,N,N,6,1,99,,A,,N,N,N,N,,NFEU,,,,,,,N,AAAAA,,O
32635,O,NICOLAS FEUILLATTE 7,NICOLAS FEUILLATTE 75CL CHENE,DEMI SES,PCS,CTN,PCS,I,1,0,0,0,0,0,0,0,0,24500,,N,,,,3282946049764,2016-04-27 22:08:15.000,KAMAL,2017-01-08 18:16:16.000,KAMAL,M,,N,N,6,1,99,,A,,N,N,N,N,,NFEU,18923.4651,,,,CC4425C062E,,N,AAAAA,,O
32636,O,NICOLAS FEUILLATTE 7,NICOLAS FEUILLATTE 75CL ROSE D,EMI-SEC,PCS,CTN,PCS,I,1,0,0,0,0,0,0,0,0,24500,,N,,,,3282946030045,2016-04-27 22:08:15.000,KAMAL,2017-01-08 18:16:16.000,KAMAL,M,,N,N,6,1,99,,A,,N,N,N,N,,NFEU,22287.6367,,,,CC4425C062E,,N,AAAAA,,O
32637,O,NICOLAS FEUILLATTE 7,NICOLAS FEUILLATTE 75CL ROSE,,PCS,CTN,PCS,I,1,0,0,0,0,0,0,0,0,19500,,N,,,,3282946100090,2016-04-27 22:08:15.000,KAMAL,2017-09-18 00:00:00.000,GIRIS,M,,N,N,6,1,99,,A,,N,N,N,N,,NFEU,22287.6367,,,,,,N,AAAAA,,O
31176,O,INFINITY 24 CM OPEN,INFINITY 24 CM OPEN FRYPAN,,PCS,PCS,PCS,I,1,0,0,0,0,0,0,0,0,19500,,N,,,,5000263773678,2016-02-06 09:53:36.000,KAMAL,2017-01-08 18:16:04.000,KAMAL,M,,N,N,1,1,99,,I,,N,N,N,N,,DIN,,,,,,,N,AAAAA,,O
31177,O,S/STEEL 24PC CUTLERY,S/STEEL 24PC CUTLERY SET MIRRO,R FINISH,PCS,PCS,PCS,I,1,0,0,0,0,0,0,0,0,29500,,N,,,,8429990300020,2016-02-06 09:53:36.000,KAMAL,2017-01-08 18:16:04.000,KAMAL,M,,N,N,1,1,99,,A,,N,N,N,N,,DIN,,,,,,,N,AAAAA,,O
21514,O,5 SACS POUR GRAVATS,5 SACS POUR GRAVATS 80 LITRES,,PCS,CTN,PCS,I,1,0,0,0,0,0,0,0,0,2250,,N,,,,3142766942006,2015-05-28 12:31:31.000,KAMAL,2018-07-16 00:00:00.000,DHARM,M,,N,N,18,1,99,,A,,N,N,N,N,,ROZBL,3574.4323,,,,R694200,,N,AAAAA,,O
21515,O,5 SACS POUR GRAVATS,5 SACS POUR GRAVATS 125LITRE,,PCS,CTN,PCS,I,1,0,0,0,0,0,0,0,0,3250,,N,,,,3142766942013,2015-05-28 12:31:31.000,KAMAL,2018-07-16 00:00:00.000,DHARM,M,,N,N,15,1,99,,A,,N,N,N,N,,ROZBL,2733.3894,,,,R694201,,N,AAAAA,,O
21516,O,8 SACS POUR GRAVATS,8 SACS POUR GRAVATS 240 LITRES,,PCS,CTN,PCS,I,1,0,0,0,0,0,0,0,0,4950,,N,,,,314276694202,2015-05-28 12:31:31.000,KAMAL,2020-11-19 19:50:38.000,KAMAL,M,,N,N,15,1,99,,A,,N,N,N,N,,ROZBL,4415.4752,,,,694202,,N,AAAAA,,O
21517,O,LOT 4 LAVETTES DÃCOR,LOT 4 LAVETTES DÃCOR BLISTER,,PCS,CTN,PCS,I,1,0,0,0,0,0,0,0,0,2950,,N,,,,3142762150993,2015-05-28 12:31:31.000,KAMAL,2017-02-27 19:51:22.000,KAMAL,M,,N,N,12,1,99,,I,,N,N,N,N,,ROZBL,,,,,R215099,,N,AAAAA,,O
21518,O,CITRONS CAL 45,CITRONS CAL 45,,PCS,CTN,PCS,I,1,0,0,0,0,0,0,0,0,,,N,,,,,2015-05-28 21:27:09.000,KAMAL,,,M,,N,N,10.8,1,99,,I,,N,N,N,N,,OLRON,,,,,5830025,,N,AAAAA,,O
21519,O,ORANGES VALENCIA CAL,ORANGES VALENCIA CAL 4-5,,PCS,CTN,PCS,I,1,0,0,0,0,0,0,0,0,,,N,,,,,2015-05-28 21:27:09.000,KAMAL,,,M,,N,N,14.8,1,99,,A,,N,N,N,N,,OLRON,,,,,5830040,,N,AAAAA,,O
21520,O,MANDARINE ORTANIQUE,MANDARINE ORTANIQUE 4/60,,PCS,CTN,PCS,I,1,0,0,0,0,0,0,0,0,,,N,,,,,2015-05-28 21:27:09.000,KAMAL,,,M,,N,N,11.5,1,99,,A,,N,N,N,N,,OLRON,,,,,5830040,,N,AAAAA,,O
21521,O,POMME GOLDEN CAL 125,POMME GOLDEN CAL 125/138BUCHEL, 18KG,PCS,CTN,PCS,I,1,0,0,0,0,0,0,0,0,,,N,,,,,2015-05-28 21:27:09.000,KAMAL,,,M,,N,N,18,1,99,,A,,N,N,N,N,,OLRON,,,,,58313719,,N,AAAAA,,O
21522,O,POMME GOLDEN CAL 70/,POMME GOLDEN CAL 70/75,,PCS,CTN,PCS,I,1,0,0,0,0,0,0,0,0,2450,,N,,,,21522,2015-05-28 21:27:09.000,KAMAL,2020-11-26 08:49:04.000,KAMAL,M,,N,N,13,1,99,,A,,N,N,N,N,,OLRON,,,,,58313719,,N,AAAAA,,O
21523,O,POMME GRANNY CAL 125,POMME GRANNY CAL 125/138 BUSCH,EL 18KG,PCS,CTN,PCS,I,1,0,0,0,0,0,0,0,0,,,N,,,,,2015-05-28 21:27:09.000,KAMAL,,,M,,N,N,18,1,99,,A,,N,N,N,N,,OLRON,,,,,5830500111,,N,AAAAA,,O
21524,O,POMME GRANNY CAL 70/,POMME GRANNY CAL 70/75,,PCS,CTN,PCS,I,1,0,0,0,0,0,0,0,0,3500,,N,,,,21524,2015-05-28 21:27:09.000,KAMAL,2023-06-09 19:34:34.000,MANOJ,M,,N,N,13,1,99,,A,,N,N,N,N,,OLRON,,,,,5830500111,,N,AAAAA,,O
21525,O,POMME BRAEBURN CAL 1,POMME BRAEBURN CAL 125/138 BUS,CHEL 18KG,PCS,CTN,PCS,I,1,0,0,0,0,0,0,0,0,,,N,,,,,2015-05-28 21:27:09.000,KAMAL,,,M,,N,N,18,1,99,,I,,N,N,N,N,,OLRON,,,,,58360392106,,N,AAAAA,,O
21526,O,POMME BRAEBURN CAL 7,POMME BRAEBURN CAL 70/75 PLATE,AU 13KG,PCS,CTN,PCS,I,1,0,0,0,0,0,0,0,0,3500,,N,,,,21526,2015-05-28 21:27:09.000,KAMAL,2023-03-13 20:26:41.000,DIVYA,M,,N,N,13,1,99,,A,,N,N,N,N,,OLRON,,,,,5830021,,N,AAAAA,,O
21527,O,POMME BRAEBURN CAL 7,POMME BRAEBURN CAL 75/80 PLATE,AU 7KG,PCS,CTN,PCS,I,1,0,0,0,0,0,0,0,0,,,N,,,,,2015-05-28 21:27:09.000,KAMAL,,,M,,N,N,7,1,99,,I,,N,N,N,N,,OLRON,,,,,5830021,,N,AAAAA,,O
21528,O,POMME ROYAL GALA CAL,POMME ROYAL GALA CAL 125/135 B,USCHEL 18KG,PCS,CTN,PCS,I,1,0,0,0,0,0,0,0,0,,,N,,,,,2015-05-28 21:27:09.000,KAMAL,,,M,,N,N,18,1,99,,I,,N,N,N,N,,OLRON,,,,,58311139,,N,AAAAA,,O
21529,O,POMME ROYAL GALA CAL,POMME ROYAL GALA CAL 70/75 BUS,CHEL 13KG,PCS,CTN,PCS,I,1,0,0,0,0,0,0,0,0,,,N,,,,,2015-05-28 21:27:09.000,KAMAL,,,M,,N,N,13,1,99,,A,,N,N,N,N,,OLRON,,,,,58311139,,N,AAAAA,,O
21530,O,RAISIN RED GLOBE 8KG,RAISIN RED GLOBE 8KG,,PCS,CTN,PCS,I,1,0,0,0,0,0,0,0,0,,,N,,,,,2015-05-28 21:27:09.000,KAMAL,,,M,,N,N,4.5,1,99,,I,,N,N,N,N,,OLRON,,,,,58314074,,N,AAAAA,,O
21531,O,BETTERAVES S/VIDE 50,BETTERAVES S/VIDE CARTON (SACH,ET 500 GR X 12) CAT.I,PCS,CTN,PCS,I,1,0,0,0,0,0,0,0,0,2950,,N,,,,21531,2015-05-28 21:27:09.000,KAMAL,2024-05-18 13:22:30.000,KAMAL,M,,N,N,12,1,99,,A,,N,N,N,N,,ATOM,,,,,5830520900,,N,AAAAA,,O
21532,O,CAROTTES VRAC 12KG B,CAROTTES VRAC 12KG B/1CRISTAL,,PCS,CTN,PCS,I,1,0,0,0,0,0,0,0,0,,,N,,,,,2015-05-28 21:27:09.000,KAMAL,,,M,,N,N,12,1,99,,I,,N,N,N,N,,OLRON,,,,,58313724,,N,AAAAA,,O
21533,O,CAROTTES 12KG S/1 CA,CAROTTES 12KG S/1 CAL 25/32,,PCS,CTN,PCS,I,1,0,0,0,0,0,0,0,0,,,N,,,,,2015-05-28 21:27:09.000,KAMAL,,,M,,N,N,12,1,99,,I,,N,N,N,N,,OLRON,,,,,58313724,,N,AAAAA,,O
21534,O,CHOU FLEUR 10KG,CHOU FLEUR 10KG,,PCS,CTN,PCS,I,1,0,0,0,0,0,0,0,0,,,N,,,,,2015-05-28 21:27:09.000,KAMAL,,,M,,N,N,10,1,99,,I,,N,N,N,N,,OLRON,,,,,58313720,,N,AAAAA,,O
21535,O,CHOU BLAN 10KG,CHOU BLAN 10KG,,PCS,CTN,PCS,I,1,0,0,0,0,0,0,0,0,,,N,,,,,2015-05-28 21:27:09.000,KAMAL,,,M,,N,N,10,1,99,,I,,N,N,N,N,,OLRON,,,,,5830521310,,N,AAAAA,,O
21536,O,CHOU ROUGE 10KG,CHOU ROUGE 10KG,,PCS,CTN,PCS,I,1,0,0,0,0,0,0,0,0,,,N,,,,,2015-05-28 21:27:09.000,KAMAL,,,M,,N,N,10,1,99,,I,,N,N,N,N,,OLRON,,,,,58313715,,N,AAAAA,,O
21537,O,NAVET ROND,NAVET ROND,,PCS,CTN,PCS,I,1,0,0,0,0,0,0,0,0,3950,,N,,,,21537,2015-05-28 21:27:09.000,KAMAL,2021-04-15 19:14:34.000,GJ,M,,N,N,5,1,99,,A,,N,N,N,N,,OLRON,,,,,58313769,,N,AAAAA,,O
21538,O,ECHALOTE FILET 250G,ECHALOTE FILET 250G,,PCS,CTN,PCS,I,1,0,0,0,0,0,0,0,0,,,N,,,,,2015-05-28 21:27:09.000,KAMAL,,,M,,N,N,20,1,99,,A,,N,N,N,N,,OLRON,,,,,58331648216,,N,AAAAA,,O
21539,O,OIGNON JAUNE CAL 60/,OIGNON JAUNE CAL 60/80SAC 10KG,,PCS,CTN,PCS,I,1,0,0,0,0,0,0,0,0,1950,,N,,,,21539,2015-05-28 21:27:09.000,KAMAL,2020-11-26 08:49:04.000,KAMAL,M,,N,N,10,1,99,,A,,N,N,N,N,,OLRON,,,,,5830015,,N,AAAAA,,O
21540,O,OIGNON CAL 60/80 SAC,OIGNON CAL 60/80 SAC 10KG F/1K,,PCS,CTN,PCS,I,1,0,0,0,0,0,0,0,0,,,N,,,,,2015-05-28 21:27:09.000,KAMAL,,,M,,N,N,10,1,99,,I,,N,N,N,N,,OLRON,,,,,5830015,,N,AAAAA,,O
21541,O,OIGNON ROUGE CAL 50/,OIGNON ROUGE CAL 50/70,,PCS,CTN,PCS,I,1,0,0,0,0,0,0,0,0,,,N,,,,,2015-05-28 21:27:09.000,KAMAL,,,M,,N,N,5,1,99,,A,,N,N,N,N,,OLRON,,,,,5830015,,N,AAAAA,,O
21542,O,OIGNON BLANC CAL 50/,OIGNON BLANC CAL 50/70,,PCS,CTN,PCS,I,1,0,0,0,0,0,0,0,0,,,N,,,,,2015-05-28 21:27:09.000,KAMAL,,,M,,N,N,5,1,99,,I,,N,N,N,N,,OLRON,,,,,5830015,,N,AAAAA,,O
21543,O,POMME DE TERRE EUROP,POMME DE TERRE EUROPA F/2.5KG,35+,PCS,CTN,PCS,I,1,0,0,0,0,0,0,0,0,,,N,,,,,2015-05-28 21:27:09.000,KAMAL,,,M,,N,N,25,1,99,,A,,N,N,N,N,,OLRON,,,,,58303,,N,AAAAA,,O
31237,O,TEFAL NEW TEMPO FRYP,TEFAL NEW TEMPO FRYPAN 28CM SB,C-C0450662-NE,PCS,PCS,PCS,I,1,0,0,0,0,0,0,0,0,,,N,,,,3168430138049,2016-02-06 09:53:36.000,KAMAL,,,M,,N,N,1,1,99,,A,,N,N,N,N,,DIN,,,,,,,N,AAAAA,,O
31238,O,TEFAL SENSORY FRYPAN,TEFAL SENSORY FRYPAN 20CM SBC-,D2320202-NE,PCS,PCS,PCS,I,1,0,0,0,0,0,0,0,0,,,N,,,,3168430137066,2016-02-06 09:53:36.000,KAMAL,,,M,,N,N,1,1,99,,I,,N,N,N,N,,DIN,,,,,,,N,AAAAA,,O
31239,O,TEFAL SENSORY SPECIF,TEFAL SENSORY SPECIFIC PANCAKE, 25CM SBC-D2321002-NE,PCS,PCS,PCS,I,1,0,0,0,0,0,0,0,0,22500,,N,,,,3168430137035,2016-02-06 09:53:36.000,KAMAL,2017-01-08 18:16:05.000,KAMAL,M,,N,N,1,1,99,,A,,N,N,N,N,,DIN,,,,,,,N,AAAAA,,O
31240,O,TEFAL NEW TEMPO FRYP,TEFAL NEW TEMPO FRYPAN 30CM SB,C-C0450762-NE,PCS,PCS,PCS,I,1,0,0,0,0,0,0,0,0,17500,,N,,,,3168430138063,2016-02-06 09:53:36.000,KAMAL,,,M,,N,N,1,1,99,,I,,N,N,N,N,,DIN,,,,,,,N,AAAAA,,O
31241,O,TEFAL NEW TEMPO FRYP,TEFAL NEW TEMPO FRYPAN 32CM SB,C-C0450862-NE,PCS,PCS,PCS,I,1,0,0,0,0,0,0,0,0,19500,,N,,,,3168430138070,2016-02-06 09:53:36.000,KAMAL,,,M,,N,N,1,1,99,,I,,N,N,N,N,,DIN,,,,,,,N,AAAAA,,O
21953,O,HELLO LAIT SUNDAE CH,HELLO LAIT SUNDAE CHOCOLATE 10,0G,PCS,CTN,PCS,I,1,0,0,0,0,0,0,0,0,,,N,,,,,2015-06-01 20:56:10.000,KAMAL,,,M,,N,N,12,1,99,,I,,N,N,N,N,,SOFRA,,,,,LP354741,,N,AAAAA,,O
21954,O,HELLO LAIT CARAMEL B,HELLO LAIT CARAMEL BROWNIE 100,G,PCS,CTN,PCS,I,1,0,0,0,0,0,0,0,0,,,N,,,,,2015-06-01 20:56:10.000,KAMAL,,,M,,N,N,12,1,99,,I,,N,N,N,N,,SOFRA,,,,,LP422206,,N,AAAAA,,O
21955,O,HELLO LAIT SWEET POP,HELLO LAIT SWEET POPCORN 100G,,PCS,CTN,PCS,I,1,0,0,0,0,0,0,0,0,,,N,,,,,2015-06-01 20:56:10.000,KAMAL,,,M,,N,N,12,1,99,,I,,N,N,N,N,,SOFRA,,,,,LP422686,,N,AAAAA,,O
20868,O,BOITE DE 100 ANNEAUX,BOITE DE 100 ANNEAUX PLAST 6 M,,PCS,PCS,PCS,I,1,0,0,0,0,0,0,0,0,,,N,,,,,2015-05-13 20:50:29.000,KAMAL,,,M,,N,N,1,1,99,,I,,N,N,N,N,,CAR,,,,,KF24016,,N,AAAAA,,O
20869,O,BOITE DE 50 ANNEAUX,BOITE DE 50 ANNEAUX PLAST 22 M,,PCS,PCS,PCS,I,1,0,0,0,0,0,0,0,0,,,N,,,,5705831321175,2015-05-13 20:50:29.000,KAMAL,,,M,,N,N,1,1,99,,A,,N,N,N,N,,CAR,,,,,KF32117,,N,AAAAA,,O
20870,O,BOITE DE 50 ANNEAUX,BOITE DE 50 ANNEAUX PLAST 22 M,,PCS,PCS,PCS,I,1,0,0,0,0,0,0,0,0,,,N,,,,5705831321168,2015-05-13 20:50:29.000,KAMAL,,,M,,N,N,1,1,99,,A,,N,N,N,N,,CAR,,,,,KF32116,,N,AAAAA,,O
20871,O,BOITE DE 50 ANNEAUX,BOITE DE 50 ANNEAUX PLAST 25 M,,PCS,PCS,PCS,I,1,0,0,0,0,0,0,0,0,,,N,,,,5705831321199,2015-05-13 20:50:29.000,KAMAL,,,M,,N,N,1,1,99,,A,,N,N,N,N,,CAR,,,,,KF32119,,N,AAAAA,,O
21994,O,CROQ.BF/POULET/LEG.2,CROQ.BF/POULET/LEG.2KG LM,,PCS,CTN,PCS,I,1,0,0,0,0,0,0,0,0,1950,,N,,,,3037645004183,2015-06-02 19:26:58.000,KAMAL,2017-01-08 18:15:12.000,KAMAL,M,,N,N,6,1,99,,A,,N,N,N,N,,SARLC,,,,,558684,,N,AAAAA,,O
21995,O,CROQ.PLT/BF/L400G CH,CR.BOEUF/PL/D 400 CHAT BF,,PCS,CTN,PCS,I,1,0,0,0,0,0,0,0,0,950,300,O,2018-07-06 00:00:00.000,2018-07-30 00:00:00.000,,3258561280868,2015-06-02 19:26:58.000,KAMAL,2022-05-02 08:47:27.000,KAMAL,M,,N,N,20,1,99,,A,,N,N,N,N,,SARLC,,,,,558700,,N,AAAAA,,O
21996,O,CROQ.POULET 400 CHAT,CROQ.PLET 400 CHATON  B.F,,PCS,CTN,PCS,I,1,0,0,0,0,0,0,0,0,1250,300,N,2018-07-06 00:00:00.000,2018-07-30 00:00:00.000,,3258561280967,2015-06-02 19:26:58.000,KAMAL,2022-05-02 08:47:27.000,KAMAL,M,,N,N,20,1,99,,A,,N,N,N,N,,SARLC,,,,,558742,,N,AAAAA,,O
21997,O,CROQ.CHAT DINDE 450G,CROQ.CHAT DINDE 450G  ONE,,PCS,CTN,PCS,I,1,0,0,0,0,0,0,0,0,3950,,N,,,,3222270180726,2015-06-02 19:26:58.000,KAMAL,2017-01-08 18:15:12.000,KAMAL,M,,N,N,10,1,99,,I,,N,N,N,N,,SARLC,,,,,559583,,N,AAAAA,,O
21998,O,CR.CHAT ADULT LAP.45,CR.CHAT ADULT LAP.450 ONE,,PCS,CTN,PCS,I,1,0,0,0,0,0,0,0,0,2950,,N,,,,3222270180740,2015-06-02 19:26:58.000,KAMAL,,,M,,N,N,10,1,99,,A,,N,N,N,N,,SARLC,,,,,559609,,N,AAAAA,,O
21999,O,CR.CHAT SENSIBLE 450,CROQ.CHAT SENSIBL.450 ONE,,PCS,CTN,PCS,I,1,0,0,0,0,0,0,0,0,3750,,N,,,,3222270834353,2015-06-02 19:26:58.000,KAMAL,,,M,,N,N,10,1,99,,A,,N,N,N,N,,SARLC,,,,,559641,,N,AAAAA,,O
22000,O,CROQ.CHAT LIGHT 1KG5,CROQ.CHAT LIGHT 1KG5 ONE,,PCS,CTN,PCS,I,1,0,0,0,0,0,0,0,0,9500,5950,N,2019-05-27 00:00:00.000,2019-06-10 00:00:00.000,,3222270550765,2015-06-02 19:26:58.000,KAMAL,2019-06-01 00:00:00.000,RGCML,M,,N,N,6,1,99,,A,,N,N,N,N,,SARLC,,,,,559682,,N,AAAAA,,O
22001,O,BQ.300 CHIEN LAPIN W,BQ.300 CHIEN LAPIN WINNY*,,PCS,CTN,PCS,I,1,0,0,0,0,0,0,0,0,,,N,,,,5400247045034,2015-06-02 19:26:58.000,KAMAL,,,M,,N,N,18,1,99,,I,,N,N,N,N,,SARLC,,,,,571927,,N,AAAAA,,O
22002,O,CROQ.SAUM/THON 400 C,CROQ.SAUM/THON 400 CHATBF,,PCS,CTN,PCS,I,1,0,0,0,0,0,0,0,0,950,300,O,2018-07-06 00:00:00.000,2018-07-30 00:00:00.000,,3258561280844,2015-06-02 19:26:58.000,KAMAL,2022-05-02 08:47:27.000,KAMAL,M,,N,N,20,1,99,,A,,N,N,N,N,,SARLC,,,,,572263,,N,AAAAA,,O
22004,O,1/2 EMINC.BF/CAR.CHA,1/2 EMINC.BF/CAR.CHAT B.F,,PCS,CTN,PCS,I,1,0,0,0,0,0,0,0,0,1150,,N,,,,3258561270722,2015-06-02 19:26:58.000,KAMAL,2022-05-02 08:47:27.000,KAMAL,M,,N,N,12,1,99,,A,,N,N,N,N,,SARLC,630.7822,,,,572347,,N,AAAAA,,O
22005,O,3/2BOU.CHIEN BF/LEG,3/2BOU.CHIEN BF/LEG WINNY,,PCS,CTN,PCS,I,1,0,0,0,0,0,0,0,0,,,N,,,,5400247009395,2015-06-02 19:26:58.000,KAMAL,,,M,,N,N,12,1,99,,I,,N,N,N,N,,SARLC,,,,,572800,,N,AAAAA,,O
22006,O,PAINS 500G GRAISSE F,PAINS 500G GRAISSE FRITES,,PCS,CTN,PCS,I,1,0,0,0,0,0,0,0,0,,,N,,,,5411421002682,2015-06-02 19:26:58.000,KAMAL,,,M,,N,N,20,1,99,,A,,N,N,N,N,,SARLC,,,,,580043,,N,AAAAA,,O
22007,O,PET P.JUS MULTIFR.1L,PET 1.5L PUR JUS MULTI. BF,,PCS,CTN,PCS,I,1,0,0,0,0,0,0,0,0,2750,,N,,,,3258561301532,2015-06-02 19:26:58.000,KAMAL,2017-01-08 18:15:12.000,KAMAL,M,,N,N,6,1,99,,A,,N,N,N,N,,CABF,,,,,742163,,N,AAAAA,,O
22008,O,BK PUR JUS RAISIN,BRIK 1L PUR JUS RAISIN BF,,PCS,CTN,PCS,I,1,0,0,0,0,0,0,0,0,1350,,N,,,,3258561300214,2015-06-02 19:26:58.000,KAMAL,2020-11-25 11:03:22.000,KAMAL,M,,N,N,8,1,99,,A,,N,N,N,N,,CABF,,,,,603142,,N,AAAAA,,O
22009,O,BRICK JUS ANANAS ABC,BRIK 1L JUS ANANAS ABC BF,,PCS,CTN,PCS,I,1,0,0,0,0,0,0,0,0,1350,,N,,,,3258561300337,2015-06-02 19:26:58.000,KAMAL,2022-04-15 00:00:00.000,RGCML,M,,N,N,8,1,99,,A,,N,N,N,N,,CABF,,,,,603241,,N,AAAAA,,O
56250,O,JB RESERVE 1L 15ANS,JB RESERVE 1L 15ANS,,PCS,CTN,PCS,I,1,0,0,0,0,0,0,0,0,39500,,O,2021-12-02 00:00:00.000,2021-12-31 00:00:00.000,,5010103803465,2017-03-15 20:10:20.000,KAMAL,2022-10-06 17:45:45.000,MANOJ,M,,N,N,12,1,99,50,A,,N,N,N,N,,DIA,,,,,,,N,AAAAA,,O
65627,O,RILLETTES DE CANARD,RILLETTES DE CANARD (20% DE FO,IE GRAS) 170G,PCS,CTN,PCS,I,1,0,0,0,0,0,0,0,0,7950,,N,,,,3033610016762,2017-12-12 21:08:39.000,KAMAL,,,M,,N,N,12,1,99,,A,,N,N,N,N,,SOFRA,,,,,,,N,AAAAA,,O
22012,O,50CL SKOLL TUBORG 6Â°,50CL SKOLL TUBORG 6Â° CAN,,PCS,CTN,PCS,I,1,0,0,0,0,0,0,0,0,,,N,,,,3080216036960,2015-06-02 19:26:58.000,KAMAL,2016-08-17 00:00:00.000,KAMAL,M,,N,N,12,1,99,,A,,N,N,N,N,,SARLC,,,,,595066,,N,AAAAA,,O
22014,O,CLUS.6X25CL 1664 BLA,CLUS.6X25CL 1664 BLANC 5Â°,,PCS,CTN,PCS,I,1,0,0,0,0,0,0,0,0,,,N,,,,3080216014715,2015-06-02 19:26:58.000,KAMAL,,,M,,N,N,4,1,99,,A,,N,N,N,N,,SARLC,,,,,609149,,N,AAAAA,,O
22015,O,CLUS.20X25CL 1664 5Â°,CLUS.20X25CL 1664 5Â°5,,PCS,PCS,PCS,I,1,0,0,0,0,0,0,0,0,,,N,,,,3080216009094,2015-06-02 19:26:58.000,KAMAL,,,M,,N,N,1,1,99,,I,,N,N,N,N,,SARLC,,,,,609206,,N,AAAAA,,O
22016,O,P.6X25CL SUPER BOCK,"P.6X25CL SUPER BOCK 5,2Â°",,PCS,CTN,PCS,I,1,0,0,0,0,0,0,0,0,,,N,,,,5601164112308,2015-06-02 19:26:58.000,KAMAL,,,M,,N,N,4,1,99,,A,,N,N,N,N,,SARLC,,,,,609404,,N,AAAAA,,O
22017,O,65CL BAVARIA 8-6 ALC,65CL BAVARIA 8-6 ALC.8Â°6,,PCS,CTN,PCS,I,1,0,0,0,0,0,0,0,0,,,N,,,,8714800029322,2015-06-02 19:26:58.000,KAMAL,,,M,,N,N,8,1,99,,A,,N,N,N,N,,SARLC,,,,,610204,,N,AAAAA,,O
22019,O,75CL BIERE 3 MONTS 8,75CL BIERE 3 MONTS 8Â°5,,PCS,CTN,PCS,I,1,0,0,0,0,0,0,0,0,,,N,,,,3324020003757,2015-06-02 19:26:58.000,KAMAL,,,M,,N,N,6,1,99,,I,,N,N,N,N,,SARLC,,,,,610485,,N,AAAAA,,O
22020,O,"50CL 8,6 BAVARIA 8Â°6","50CL 8,6 BAVARIA 8Â°6 CAN",,PCS,CTN,PCS,I,1,0,0,0,0,0,0,0,0,,,N,,,,8714800029193,2015-06-02 19:26:58.000,KAMAL,2016-08-17 00:00:00.000,KAMAL,M,,N,N,24,1,99,,A,,N,N,N,N,,SARLC,,,,,610782,,N,AAAAA,,O
22021,O,BT.50CL BIERE BLONDE,BT.50CL BIERE BLONDE 8Â°BF,,PCS,CTN,PCS,I,1,0,0,0,0,0,0,0,0,,,N,,,,3258561310145,2015-06-02 19:26:58.000,KAMAL,,,M,,N,N,24,1,99,,A,,N,N,N,N,,SARLC,,,,,610923,,N,AAAAA,,O
22022,O,1/2 SAUMUR CHAMPIGNY,1/2 SAUMUR CHAMPIGNY. B.F,,PCS,CTN,PCS,I,1,0,0,0,0,0,0,0,0,2950,,N,,,,3258561330167,2015-06-02 19:26:58.000,KAMAL,2017-01-08 18:15:12.000,KAMAL,M,,N,N,12,1,99,,I,,N,N,N,N,,SARLC,,,,,614107,,N,AAAAA,,O
22023,O,C.RHONE ROSE COMBE.S,C.RHONE ROSE COMBE.S.SAUV,,PCS,CTN,PCS,I,1,0,0,0,0,0,0,0,0,,,N,,,,3211203421883,2015-06-02 19:26:58.000,KAMAL,,,M,,N,N,6,1,99,,I,,N,N,N,N,,SARLC,,,,,615880,,N,AAAAA,,O
22024,O,V.D.TABLE.ROSE MOELL,V.D.TABLE.ROSE MOELLEUX*,,PCS,CTN,PCS,I,1,0,0,0,0,0,0,0,0,,,N,,,,3338480014420,2015-06-02 19:26:58.000,KAMAL,,,M,,N,N,12,1,99,,I,,N,N,N,N,,SARLC,,,,,616003,,N,AAAAA,,O
170197,O,JBL FLIP 6 SPEAKER,JBL FLIP 6 SPEAKER,,PCS,PCS,PCS,I,1,0,0,0,0,0,0,0,0,145000,,N,,,,6925281992971,2024-01-25 20:57:25.000,MANOJ,,,M,,N,N,1,1,,,A,,N,N,N,N,,AIRP,,,,,,,N,AAAAA,,O
32380,O,PISTA,PISTA,,PCS,PCS,PCS,I,1,0,0,0,0,0,0,0,0,,,N,,,,,2016-03-16 21:14:55.000,KAMAL,,,M,,N,N,1,1,99,,I,,N,N,N,N,,DIN,,,,,,,N,AAAAA,,O
32381,O,CASHEW NUT ROASTED,CASHEW NUT ROASTED,,PCS,PCS,PCS,I,1,0,0,0,0,0,0,0,0,,,N,,,,,2016-03-16 21:14:55.000,KAMAL,,,M,,N,N,1,1,99,,I,,N,N,N,N,,DIN,,,,,,,N,AAAAA,,O
32382,O,CASHEW NUT PLAIN,CASHEW NUT PLAIN,,PCS,PCS,PCS,I,1,0,0,0,0,0,0,0,0,,,N,,,,,2016-03-16 21:14:55.000,KAMAL,,,M,,N,N,1,1,99,,A,,N,N,N,N,,DIN,,,,,,,N,AAAAA,,O
20136,O,AHD POL TEXAS KD BS3,AHD POL TEXAS KD BS3,,PCS,PCS,PCS,I,1,0,0,0,0,0,0,0,0,,,N,,,,1844685,2015-04-22 21:29:57.000,KAMAL,,,M,,N,N,1,1,99,,A,,N,N,N,N,,LINEA,,,,,2TEXB00PUN,,N,AAAAA,,O
